0 verbose cli /usr/local/bin/node /usr/local/bin/npm
1 info using npm@11.6.2
2 info using node@v24.13.0
3 silly config load:file:/usr/local/lib/node_modules/npm/npmrc
4 silly config load:file:/Applications/Dev/srsuman/.npmrc
5 silly config load:file:/Users/saa_app/.npmrc
6 silly config load:file:/usr/local/etc/npmrc
7 verbose title npm install
8 verbose argv "install" "--cache" ".npm-cache"
9 verbose logfile logs-max:10 dir:/Applications/Dev/srsuman/.npm-cache/_logs/2026-05-17T10_09_18_798Z-
10 verbose logfile /Applications/Dev/srsuman/.npm-cache/_logs/2026-05-17T10_09_18_798Z-debug-0.log
11 silly logfile done cleaning log files
12 silly packumentCache heap:4496293888 maxSize:1124073472 maxEntrySize:562036736
13 silly idealTree buildDeps
14 silly fetch manifest framer-motion@^11.2.10
15 silly packumentCache full:https://registry.npmjs.org/framer-motion cache-miss
16 http fetch GET 200 https://registry.npmjs.org/framer-motion 489ms (cache miss)
17 silly packumentCache full:https://registry.npmjs.org/framer-motion set size:undefined disposed:false
18 silly fetch manifest @emotion/is-prop-valid@*
19 silly packumentCache full:https://registry.npmjs.org/@emotion%2fis-prop-valid cache-miss
20 http fetch GET 200 https://registry.npmjs.org/@emotion%2fis-prop-valid 814ms (cache miss)
21 silly packumentCache full:https://registry.npmjs.org/@emotion%2fis-prop-valid set size:undefined disposed:false
22 silly fetch manifest react@^18
23 silly packumentCache full:https://registry.npmjs.org/react cache-miss
24 http fetch GET 200 https://registry.npmjs.org/react 160ms (cache miss)
25 silly packumentCache full:https://registry.npmjs.org/react set size:undefined disposed:false
26 silly fetch manifest react-dom@^18
27 silly packumentCache full:https://registry.npmjs.org/react-dom cache-miss
28 http fetch GET 200 https://registry.npmjs.org/react-dom 169ms (cache miss)
29 silly packumentCache full:https://registry.npmjs.org/react-dom set size:undefined disposed:false
30 silly fetch manifest next@14.2.3
31 silly packumentCache full:https://registry.npmjs.org/next cache-miss
32 http fetch GET 200 https://registry.npmjs.org/next 610ms (cache miss)
33 silly packumentCache full:https://registry.npmjs.org/next set size:undefined disposed:false
34 silly fetch manifest @opentelemetry/api@^1.1.0
35 silly packumentCache full:https://registry.npmjs.org/@opentelemetry%2fapi cache-miss
36 http fetch GET 200 https://registry.npmjs.org/@opentelemetry%2fapi 795ms (cache miss)
37 silly packumentCache full:https://registry.npmjs.org/@opentelemetry%2fapi set size:undefined disposed:false
38 silly fetch manifest @playwright/test@^1.41.2
39 silly packumentCache full:https://registry.npmjs.org/@playwright%2ftest cache-miss
40 http fetch GET 200 https://registry.npmjs.org/@playwright%2ftest 1002ms (cache miss)
41 silly packumentCache full:https://registry.npmjs.org/@playwright%2ftest set size:undefined disposed:false
42 silly fetch manifest sass@^1.3.0
43 silly packumentCache full:https://registry.npmjs.org/sass cache-miss
44 http fetch GET 200 https://registry.npmjs.org/sass 272ms (cache miss)
45 silly packumentCache full:https://registry.npmjs.org/sass set size:undefined disposed:false
46 silly fetch manifest autoprefixer@^10.4.19
47 silly packumentCache full:https://registry.npmjs.org/autoprefixer cache-miss
48 http fetch GET 200 https://registry.npmjs.org/autoprefixer 271ms (cache miss)
49 silly packumentCache full:https://registry.npmjs.org/autoprefixer set size:undefined disposed:false
50 silly fetch manifest postcss@^8.4.38
51 silly packumentCache full:https://registry.npmjs.org/postcss cache-miss
52 http fetch GET 200 https://registry.npmjs.org/postcss 44ms (cache miss)
53 silly packumentCache full:https://registry.npmjs.org/postcss set size:undefined disposed:false
54 silly fetch manifest tailwindcss@^3.4.3
55 silly packumentCache full:https://registry.npmjs.org/tailwindcss cache-miss
56 http fetch GET 200 https://registry.npmjs.org/tailwindcss 187ms (cache miss)
57 silly packumentCache full:https://registry.npmjs.org/tailwindcss set size:undefined disposed:false
58 silly fetch manifest typescript@^5.4.5
59 silly packumentCache full:https://registry.npmjs.org/typescript cache-miss
60 http fetch GET 200 https://registry.npmjs.org/typescript 257ms (cache miss)
61 silly packumentCache full:https://registry.npmjs.org/typescript set size:undefined disposed:false
62 silly fetch manifest @types/node@^20
63 silly packumentCache full:https://registry.npmjs.org/@types%2fnode cache-miss
64 http fetch GET 200 https://registry.npmjs.org/@types%2fnode 193ms (cache miss)
65 silly packumentCache full:https://registry.npmjs.org/@types%2fnode set size:undefined disposed:false
66 silly fetch manifest @types/react@^18
67 silly packumentCache full:https://registry.npmjs.org/@types%2freact cache-miss
68 http fetch GET 200 https://registry.npmjs.org/@types%2freact 88ms (cache miss)
69 silly packumentCache full:https://registry.npmjs.org/@types%2freact set size:undefined disposed:false
70 silly fetch manifest @types/react-dom@^18
71 silly packumentCache full:https://registry.npmjs.org/@types%2freact-dom cache-miss
72 http fetch GET 200 https://registry.npmjs.org/@types%2freact-dom 37ms (cache miss)
73 silly packumentCache full:https://registry.npmjs.org/@types%2freact-dom set size:undefined disposed:false
74 silly fetch manifest eslint@^8
75 silly packumentCache full:https://registry.npmjs.org/eslint cache-miss
76 http fetch GET 200 https://registry.npmjs.org/eslint 283ms (cache miss)
77 silly packumentCache full:https://registry.npmjs.org/eslint set size:undefined disposed:false
78 silly fetch manifest eslint-config-next@14.2.3
79 silly packumentCache full:https://registry.npmjs.org/eslint-config-next cache-miss
80 http fetch GET 200 https://registry.npmjs.org/eslint-config-next 381ms (cache miss)
81 silly packumentCache full:https://registry.npmjs.org/eslint-config-next set size:undefined disposed:false
82 silly placeDep ROOT @types/node@20.19.41 OK for: portfolio-nextjs@0.1.0 want: ^20
83 silly placeDep ROOT @types/react@18.3.28 OK for: portfolio-nextjs@0.1.0 want: ^18
84 silly placeDep ROOT @types/react-dom@18.3.7 OK for: portfolio-nextjs@0.1.0 want: ^18
85 silly placeDep ROOT autoprefixer@10.5.0 OK for: portfolio-nextjs@0.1.0 want: ^10.4.19
86 silly placeDep ROOT postcss@8.5.14 OK for: autoprefixer@10.5.0 want: ^8.1.0
87 silly placeDep ROOT eslint@8.57.1 OK for: portfolio-nextjs@0.1.0 want: ^8
88 silly placeDep ROOT eslint-config-next@14.2.3 OK for: portfolio-nextjs@0.1.0 want: 14.2.3
89 silly placeDep ROOT framer-motion@11.18.2 OK for: portfolio-nextjs@0.1.0 want: ^11.2.10
90 silly placeDep ROOT next@14.2.3 OK for: portfolio-nextjs@0.1.0 want: 14.2.3
91 silly placeDep ROOT react@18.3.1 OK for: next@14.2.3 want: ^18.2.0
92 silly placeDep ROOT react-dom@18.3.1 OK for: next@14.2.3 want: ^18.2.0
93 silly placeDep ROOT tailwindcss@3.4.19 OK for: portfolio-nextjs@0.1.0 want: ^3.4.3
94 silly placeDep ROOT typescript@5.9.3 OK for: portfolio-nextjs@0.1.0 want: ^5.4.5
95 silly fetch manifest undici-types@~6.21.0
96 silly packumentCache full:https://registry.npmjs.org/undici-types cache-miss
97 silly fetch manifest csstype@^3.2.2
98 silly packumentCache full:https://registry.npmjs.org/csstype cache-miss
99 silly fetch manifest @types/prop-types@*
100 silly packumentCache full:https://registry.npmjs.org/@types%2fprop-types cache-miss
101 silly fetch manifest browserslist@^4.28.2
102 silly packumentCache full:https://registry.npmjs.org/browserslist cache-miss
103 silly fetch manifest caniuse-lite@^1.0.30001787
104 silly packumentCache full:https://registry.npmjs.org/caniuse-lite cache-miss
105 silly fetch manifest fraction.js@^5.3.4
106 silly packumentCache full:https://registry.npmjs.org/fraction.js cache-miss
107 silly fetch manifest picocolors@^1.1.1
108 silly packumentCache full:https://registry.npmjs.org/picocolors cache-miss
109 silly fetch manifest postcss-value-parser@^4.2.0
110 silly packumentCache full:https://registry.npmjs.org/postcss-value-parser cache-miss
111 silly fetch manifest nanoid@^3.3.11
112 silly packumentCache full:https://registry.npmjs.org/nanoid cache-miss
113 http fetch GET 200 https://registry.npmjs.org/undici-types 27ms (cache miss)
114 silly packumentCache full:https://registry.npmjs.org/undici-types set size:undefined disposed:false
115 silly fetch manifest picocolors@^1.1.1
116 silly packumentCache full:https://registry.npmjs.org/picocolors cache-miss
117 http fetch GET 200 https://registry.npmjs.org/picocolors 14ms (cache miss)
118 silly packumentCache full:https://registry.npmjs.org/picocolors set size:undefined disposed:false
119 silly fetch manifest source-map-js@^1.2.1
120 silly packumentCache full:https://registry.npmjs.org/source-map-js cache-miss
121 http fetch GET 200 https://registry.npmjs.org/picocolors 42ms (cache miss)
122 silly packumentCache full:https://registry.npmjs.org/picocolors set size:undefined disposed:false
123 silly fetch manifest ajv@^6.12.4
124 silly packumentCache full:https://registry.npmjs.org/ajv cache-miss
125 http fetch GET 200 https://registry.npmjs.org/csstype 50ms (cache miss)
126 silly packumentCache full:https://registry.npmjs.org/csstype set size:undefined disposed:false
127 silly fetch manifest levn@^0.4.1
128 silly packumentCache full:https://registry.npmjs.org/levn cache-miss
129 http fetch GET 200 https://registry.npmjs.org/source-map-js 16ms (cache miss)
130 silly packumentCache full:https://registry.npmjs.org/source-map-js set size:undefined disposed:false
131 silly fetch manifest chalk@^4.0.0
132 silly packumentCache full:https://registry.npmjs.org/chalk cache-miss
133 http fetch GET 200 https://registry.npmjs.org/levn 16ms (cache miss)
134 silly packumentCache full:https://registry.npmjs.org/levn set size:undefined disposed:false
135 silly fetch manifest debug@^4.3.2
136 silly packumentCache full:https://registry.npmjs.org/debug cache-miss
137 http fetch GET 200 https://registry.npmjs.org/ajv 42ms (cache miss)
138 silly packumentCache full:https://registry.npmjs.org/ajv set size:undefined disposed:false
139 silly fetch manifest espree@^9.6.1
140 silly packumentCache full:https://registry.npmjs.org/espree cache-miss
141 http fetch GET 200 https://registry.npmjs.org/postcss-value-parser 274ms (cache miss)
142 silly packumentCache full:https://registry.npmjs.org/postcss-value-parser set size:undefined disposed:false
143 silly fetch manifest ignore@^5.2.0
144 silly packumentCache full:https://registry.npmjs.org/ignore cache-miss
145 http fetch GET 200 https://registry.npmjs.org/fraction.js 277ms (cache miss)
146 silly packumentCache full:https://registry.npmjs.org/fraction.js set size:undefined disposed:false
147 silly fetch manifest esquery@^1.4.2
148 silly packumentCache full:https://registry.npmjs.org/esquery cache-miss
149 http fetch GET 200 https://registry.npmjs.org/nanoid 292ms (cache miss)
150 silly packumentCache full:https://registry.npmjs.org/nanoid set size:undefined disposed:false
151 silly fetch manifest esutils@^2.0.2
152 silly packumentCache full:https://registry.npmjs.org/esutils cache-miss
153 http fetch GET 200 https://registry.npmjs.org/ignore 28ms (cache miss)
154 silly packumentCache full:https://registry.npmjs.org/ignore set size:undefined disposed:false
155 silly fetch manifest find-up@^5.0.0
156 silly packumentCache full:https://registry.npmjs.org/find-up cache-miss
157 http fetch GET 200 https://registry.npmjs.org/find-up 23ms (cache miss)
158 silly packumentCache full:https://registry.npmjs.org/find-up set size:undefined disposed:false
159 silly fetch manifest globals@^13.19.0
160 silly packumentCache full:https://registry.npmjs.org/globals cache-miss
161 http fetch GET 200 https://registry.npmjs.org/esutils 38ms (cache miss)
162 silly packumentCache full:https://registry.npmjs.org/esutils set size:undefined disposed:false
163 silly fetch manifest is-glob@^4.0.0
164 silly packumentCache full:https://registry.npmjs.org/is-glob cache-miss
165 http fetch GET 200 https://registry.npmjs.org/chalk 276ms (cache miss)
166 silly packumentCache full:https://registry.npmjs.org/chalk set size:undefined disposed:false
167 silly fetch manifest js-yaml@^4.1.0
168 silly packumentCache full:https://registry.npmjs.org/js-yaml cache-miss
169 http fetch GET 200 https://registry.npmjs.org/espree 284ms (cache miss)
170 silly packumentCache full:https://registry.npmjs.org/espree set size:undefined disposed:false
171 silly fetch manifest doctrine@^3.0.0
172 silly packumentCache full:https://registry.npmjs.org/doctrine cache-miss
173 http fetch GET 200 https://registry.npmjs.org/is-glob 41ms (cache miss)
174 silly packumentCache full:https://registry.npmjs.org/is-glob set size:undefined disposed:false
175 silly fetch manifest graphemer@^1.4.0
176 silly packumentCache full:https://registry.npmjs.org/graphemer cache-miss
177 http fetch GET 200 https://registry.npmjs.org/js-yaml 41ms (cache miss)
178 silly packumentCache full:https://registry.npmjs.org/js-yaml set size:undefined disposed:false
179 silly fetch manifest minimatch@^3.1.2
180 silly packumentCache full:https://registry.npmjs.org/minimatch cache-miss
181 http fetch GET 200 https://registry.npmjs.org/caniuse-lite 379ms (cache miss)
182 silly packumentCache full:https://registry.npmjs.org/caniuse-lite set size:undefined disposed:false
183 silly fetch manifest @eslint/js@8.57.1
184 silly packumentCache full:https://registry.npmjs.org/@eslint%2fjs cache-miss
185 http fetch GET 200 https://registry.npmjs.org/browserslist 384ms (cache miss)
186 silly packumentCache full:https://registry.npmjs.org/browserslist set size:undefined disposed:false
187 silly fetch manifest optionator@^0.9.3
188 silly packumentCache full:https://registry.npmjs.org/optionator cache-miss
189 http fetch GET 200 https://registry.npmjs.org/minimatch 40ms (cache miss)
190 silly packumentCache full:https://registry.npmjs.org/minimatch set size:undefined disposed:false
191 silly fetch manifest strip-ansi@^6.0.1
192 silly packumentCache full:https://registry.npmjs.org/strip-ansi cache-miss
193 http fetch GET 200 https://registry.npmjs.org/strip-ansi 15ms (cache miss)
194 silly packumentCache full:https://registry.npmjs.org/strip-ansi set size:undefined disposed:false
195 silly fetch manifest text-table@^0.2.0
196 silly packumentCache full:https://registry.npmjs.org/text-table cache-miss
197 http fetch GET 200 https://registry.npmjs.org/@types%2fprop-types 510ms (cache miss)
198 silly packumentCache full:https://registry.npmjs.org/@types%2fprop-types set size:undefined disposed:false
199 silly fetch manifest cross-spawn@^7.0.2
200 silly packumentCache full:https://registry.npmjs.org/cross-spawn cache-miss
201 http fetch GET 200 https://registry.npmjs.org/esquery 247ms (cache miss)
202 silly packumentCache full:https://registry.npmjs.org/esquery set size:undefined disposed:false
203 silly fetch manifest glob-parent@^6.0.2
204 silly packumentCache full:https://registry.npmjs.org/glob-parent cache-miss
205 http fetch GET 200 https://registry.npmjs.org/cross-spawn 18ms (cache miss)
206 silly packumentCache full:https://registry.npmjs.org/cross-spawn set size:undefined disposed:false
207 silly fetch manifest imurmurhash@^0.1.4
208 silly packumentCache full:https://registry.npmjs.org/imurmurhash cache-miss
209 http fetch GET 200 https://registry.npmjs.org/imurmurhash 16ms (cache miss)
210 silly packumentCache full:https://registry.npmjs.org/imurmurhash set size:undefined disposed:false
211 silly fetch manifest eslint-scope@^7.2.2
212 silly packumentCache full:https://registry.npmjs.org/eslint-scope cache-miss
213 http fetch GET 200 https://registry.npmjs.org/debug 493ms (cache miss)
214 silly packumentCache full:https://registry.npmjs.org/debug set size:undefined disposed:false
215 silly fetch manifest lodash.merge@^4.6.2
216 silly packumentCache full:https://registry.npmjs.org/lodash.merge cache-miss
217 http fetch GET 200 https://registry.npmjs.org/globals 254ms (cache miss)
218 silly packumentCache full:https://registry.npmjs.org/globals set size:undefined disposed:false
219 silly fetch manifest is-path-inside@^3.0.3
220 silly packumentCache full:https://registry.npmjs.org/is-path-inside cache-miss
221 http fetch GET 200 https://registry.npmjs.org/graphemer 243ms (cache miss)
222 silly packumentCache full:https://registry.npmjs.org/graphemer set size:undefined disposed:false
223 silly fetch manifest fast-deep-equal@^3.1.3
224 silly packumentCache full:https://registry.npmjs.org/fast-deep-equal cache-miss
225 http fetch GET 200 https://registry.npmjs.org/doctrine 245ms (cache miss)
226 silly packumentCache full:https://registry.npmjs.org/doctrine set size:undefined disposed:false
227 silly fetch manifest natural-compare@^1.4.0
228 silly packumentCache full:https://registry.npmjs.org/natural-compare cache-miss
229 http fetch GET 200 https://registry.npmjs.org/optionator 255ms (cache miss)
230 silly packumentCache full:https://registry.npmjs.org/optionator set size:undefined disposed:false
231 silly fetch manifest @eslint/eslintrc@^2.1.4
232 silly packumentCache full:https://registry.npmjs.org/@eslint%2feslintrc cache-miss
233 http fetch GET 200 https://registry.npmjs.org/natural-compare 20ms (cache miss)
234 silly packumentCache full:https://registry.npmjs.org/natural-compare set size:undefined disposed:false
235 silly fetch manifest @nodelib/fs.walk@^1.2.8
236 silly packumentCache full:https://registry.npmjs.org/@nodelib%2ffs.walk cache-miss
237 http fetch GET 200 https://registry.npmjs.org/fast-deep-equal 22ms (cache miss)
238 silly packumentCache full:https://registry.npmjs.org/fast-deep-equal set size:undefined disposed:false
239 silly fetch manifest file-entry-cache@^6.0.1
240 silly packumentCache full:https://registry.npmjs.org/file-entry-cache cache-miss
241 http fetch GET 200 https://registry.npmjs.org/text-table 241ms (cache miss)
242 silly packumentCache full:https://registry.npmjs.org/text-table set size:undefined disposed:false
243 silly fetch manifest eslint-visitor-keys@^3.4.3
244 silly packumentCache full:https://registry.npmjs.org/eslint-visitor-keys cache-miss
245 http fetch GET 200 https://registry.npmjs.org/glob-parent 246ms (cache miss)
246 silly packumentCache full:https://registry.npmjs.org/glob-parent set size:undefined disposed:false
247 silly fetch manifest escape-string-regexp@^4.0.0
248 silly packumentCache full:https://registry.npmjs.org/escape-string-regexp cache-miss
249 http fetch GET 200 https://registry.npmjs.org/eslint-scope 243ms (cache miss)
250 silly packumentCache full:https://registry.npmjs.org/eslint-scope set size:undefined disposed:false
251 silly fetch manifest @ungap/structured-clone@^1.2.0
252 silly packumentCache full:https://registry.npmjs.org/@ungap%2fstructured-clone cache-miss
253 http fetch GET 200 https://registry.npmjs.org/escape-string-regexp 21ms (cache miss)
254 silly packumentCache full:https://registry.npmjs.org/escape-string-regexp set size:undefined disposed:false
255 silly fetch manifest @eslint-community/regexpp@^4.6.1
256 silly packumentCache full:https://registry.npmjs.org/@eslint-community%2fregexpp cache-miss
257 http fetch GET 200 https://registry.npmjs.org/lodash.merge 246ms (cache miss)
258 silly packumentCache full:https://registry.npmjs.org/lodash.merge set size:undefined disposed:false
259 silly fetch manifest @humanwhocodes/config-array@^0.13.0
260 silly packumentCache full:https://registry.npmjs.org/@humanwhocodes%2fconfig-array cache-miss
261 http fetch GET 200 https://registry.npmjs.org/@ungap%2fstructured-clone 30ms (cache miss)
262 silly packumentCache full:https://registry.npmjs.org/@ungap%2fstructured-clone set size:undefined disposed:false
263 silly fetch manifest @eslint-community/eslint-utils@^4.2.0
264 silly packumentCache full:https://registry.npmjs.org/@eslint-community%2feslint-utils cache-miss
265 http fetch GET 200 https://registry.npmjs.org/is-path-inside 243ms (cache miss)
266 silly packumentCache full:https://registry.npmjs.org/is-path-inside set size:undefined disposed:false
267 silly fetch manifest @humanwhocodes/module-importer@^1.0.1
268 silly packumentCache full:https://registry.npmjs.org/@humanwhocodes%2fmodule-importer cache-miss
269 http fetch GET 200 https://registry.npmjs.org/file-entry-cache 250ms (cache miss)
270 silly packumentCache full:https://registry.npmjs.org/file-entry-cache set size:undefined disposed:false
271 silly fetch manifest json-stable-stringify-without-jsonify@^1.0.1
272 silly packumentCache full:https://registry.npmjs.org/json-stable-stringify-without-jsonify cache-miss
273 http fetch GET 200 https://registry.npmjs.org/json-stable-stringify-without-jsonify 17ms (cache miss)
274 silly packumentCache full:https://registry.npmjs.org/json-stable-stringify-without-jsonify set size:undefined disposed:false
275 silly fetch manifest eslint-plugin-react@^7.33.2
276 silly packumentCache full:https://registry.npmjs.org/eslint-plugin-react cache-miss
277 http fetch GET 200 https://registry.npmjs.org/eslint-visitor-keys 241ms (cache miss)
278 silly packumentCache full:https://registry.npmjs.org/eslint-visitor-keys set size:undefined disposed:false
279 silly fetch manifest eslint-plugin-import@^2.28.1
280 silly packumentCache full:https://registry.npmjs.org/eslint-plugin-import cache-miss
281 http fetch GET 200 https://registry.npmjs.org/@nodelib%2ffs.walk 492ms (cache miss)
282 silly packumentCache full:https://registry.npmjs.org/@nodelib%2ffs.walk set size:undefined disposed:false
283 silly fetch manifest eslint-plugin-jsx-a11y@^6.7.1
284 silly packumentCache full:https://registry.npmjs.org/eslint-plugin-jsx-a11y cache-miss
285 http fetch GET 200 https://registry.npmjs.org/@humanwhocodes%2fmodule-importer 325ms (cache miss)
286 silly packumentCache full:https://registry.npmjs.org/@humanwhocodes%2fmodule-importer set size:undefined disposed:false
287 silly fetch manifest @rushstack/eslint-patch@^1.3.3
288 silly packumentCache full:https://registry.npmjs.org/@rushstack%2feslint-patch cache-miss
289 http fetch GET 200 https://registry.npmjs.org/@eslint%2fjs 802ms (cache miss)
290 silly packumentCache full:https://registry.npmjs.org/@eslint%2fjs set size:undefined disposed:false
291 silly fetch manifest @next/eslint-plugin-next@14.2.3
292 silly packumentCache full:https://registry.npmjs.org/@next%2feslint-plugin-next cache-miss
293 http fetch GET 200 https://registry.npmjs.org/eslint-plugin-import 266ms (cache miss)
294 silly packumentCache full:https://registry.npmjs.org/eslint-plugin-import set size:undefined disposed:false
295 silly fetch manifest @typescript-eslint/parser@^5.4.2 || ^6.0.0 || 7.0.0 - 7.2.0
296 silly packumentCache full:https://registry.npmjs.org/@typescript-eslint%2fparser cache-miss
297 http fetch GET 200 https://registry.npmjs.org/eslint-plugin-react 277ms (cache miss)
298 silly packumentCache full:https://registry.npmjs.org/eslint-plugin-react set size:undefined disposed:false
299 silly fetch manifest eslint-plugin-react-hooks@^4.5.0 || 5.0.0-canary-7118f5dd7-20230705
300 silly packumentCache full:https://registry.npmjs.org/eslint-plugin-react-hooks cache-miss
301 http fetch GET 200 https://registry.npmjs.org/@eslint-community%2fregexpp 558ms (cache miss)
302 silly packumentCache full:https://registry.npmjs.org/@eslint-community%2fregexpp set size:undefined disposed:false
303 silly fetch manifest eslint-import-resolver-node@^0.3.6
304 silly packumentCache full:https://registry.npmjs.org/eslint-import-resolver-node cache-miss
305 http fetch GET 200 https://registry.npmjs.org/eslint-plugin-jsx-a11y 265ms (cache miss)
306 silly packumentCache full:https://registry.npmjs.org/eslint-plugin-jsx-a11y set size:undefined disposed:false
307 silly fetch manifest eslint-import-resolver-typescript@^3.5.2
308 silly packumentCache full:https://registry.npmjs.org/eslint-import-resolver-typescript cache-miss
309 http fetch GET 200 https://registry.npmjs.org/@eslint%2feslintrc 821ms (cache miss)
310 silly packumentCache full:https://registry.npmjs.org/@eslint%2feslintrc set size:undefined disposed:false
311 silly fetch manifest tslib@^2.4.0
312 silly packumentCache full:https://registry.npmjs.org/tslib cache-miss
313 http fetch GET 200 https://registry.npmjs.org/tslib 25ms (cache miss)
314 silly packumentCache full:https://registry.npmjs.org/tslib set size:undefined disposed:false
315 silly fetch manifest motion-dom@^11.18.1
316 silly packumentCache full:https://registry.npmjs.org/motion-dom cache-miss
317 http fetch GET 200 https://registry.npmjs.org/eslint-plugin-react-hooks 396ms (cache miss)
318 silly packumentCache full:https://registry.npmjs.org/eslint-plugin-react-hooks set size:undefined disposed:false
319 silly fetch manifest motion-utils@^11.18.1
320 silly packumentCache full:https://registry.npmjs.org/motion-utils cache-miss
321 http fetch GET 200 https://registry.npmjs.org/@humanwhocodes%2fconfig-array 795ms (cache miss)
322 silly packumentCache full:https://registry.npmjs.org/@humanwhocodes%2fconfig-array set size:undefined disposed:false
323 silly fetch manifest busboy@1.6.0
324 silly packumentCache full:https://registry.npmjs.org/busboy cache-miss
325 http fetch GET 200 https://registry.npmjs.org/eslint-import-resolver-node 249ms (cache miss)
326 silly packumentCache full:https://registry.npmjs.org/eslint-import-resolver-node set size:undefined disposed:false
327 silly fetch manifest postcss@8.4.31
328 silly packumentCache full:https://registry.npmjs.org/postcss cache-miss
329 http cache https://registry.npmjs.org/postcss 4ms (cache hit)
330 silly packumentCache full:https://registry.npmjs.org/postcss set size:720302 disposed:false
331 silly fetch manifest @next/env@14.2.3
332 silly packumentCache full:https://registry.npmjs.org/@next%2fenv cache-miss
333 http fetch GET 200 https://registry.npmjs.org/@eslint-community%2feslint-utils 794ms (cache miss)
334 silly packumentCache full:https://registry.npmjs.org/@eslint-community%2feslint-utils set size:undefined disposed:false
335 silly fetch manifest styled-jsx@5.1.1
336 silly packumentCache full:https://registry.npmjs.org/styled-jsx cache-miss
337 http fetch GET 200 https://registry.npmjs.org/busboy 18ms (cache miss)
338 silly packumentCache full:https://registry.npmjs.org/busboy set size:undefined disposed:false
339 silly fetch manifest graceful-fs@^4.2.11
340 silly packumentCache full:https://registry.npmjs.org/graceful-fs cache-miss
341 http fetch GET 200 https://registry.npmjs.org/graceful-fs 21ms (cache miss)
342 silly packumentCache full:https://registry.npmjs.org/graceful-fs set size:undefined disposed:false
343 silly fetch manifest @swc/helpers@0.5.5
344 silly packumentCache full:https://registry.npmjs.org/@swc%2fhelpers cache-miss
345 http fetch GET 200 https://registry.npmjs.org/eslint-import-resolver-typescript 253ms (cache miss)
346 silly packumentCache full:https://registry.npmjs.org/eslint-import-resolver-typescript set size:undefined disposed:false
347 silly fetch manifest caniuse-lite@^1.0.30001579
348 silly packumentCache full:https://registry.npmjs.org/caniuse-lite cache-miss
349 http cache https://registry.npmjs.org/caniuse-lite 2ms (cache hit)
350 silly packumentCache full:https://registry.npmjs.org/caniuse-lite set size:2293068 disposed:false
351 silly fetch manifest @next/swc-darwin-x64@14.2.3
352 silly packumentCache full:https://registry.npmjs.org/@next%2fswc-darwin-x64 cache-miss
353 http fetch GET 200 https://registry.npmjs.org/@swc%2fhelpers 43ms (cache miss)
354 silly packumentCache full:https://registry.npmjs.org/@swc%2fhelpers set size:undefined disposed:false
355 silly fetch manifest @next/swc-darwin-arm64@14.2.3
356 silly packumentCache full:https://registry.npmjs.org/@next%2fswc-darwin-arm64 cache-miss
357 http fetch GET 200 https://registry.npmjs.org/motion-dom 259ms (cache miss)
358 silly packumentCache full:https://registry.npmjs.org/motion-dom set size:undefined disposed:false
359 silly fetch manifest @next/swc-linux-x64-gnu@14.2.3
360 silly packumentCache full:https://registry.npmjs.org/@next%2fswc-linux-x64-gnu cache-miss
361 http fetch GET 200 https://registry.npmjs.org/motion-utils 252ms (cache miss)
362 silly packumentCache full:https://registry.npmjs.org/motion-utils set size:undefined disposed:false
363 silly fetch manifest @next/swc-linux-x64-musl@14.2.3
364 silly packumentCache full:https://registry.npmjs.org/@next%2fswc-linux-x64-musl cache-miss
365 http fetch GET 200 https://registry.npmjs.org/styled-jsx 262ms (cache miss)
366 silly packumentCache full:https://registry.npmjs.org/styled-jsx set size:undefined disposed:false
367 silly fetch manifest @next/swc-win32-x64-msvc@14.2.3
368 silly packumentCache full:https://registry.npmjs.org/@next%2fswc-win32-x64-msvc cache-miss
369 http fetch GET 200 https://registry.npmjs.org/@next%2feslint-plugin-next 1072ms (cache miss)
370 silly packumentCache full:https://registry.npmjs.org/@next%2feslint-plugin-next set size:undefined disposed:false
371 silly fetch manifest @next/swc-linux-arm64-gnu@14.2.3
372 silly packumentCache full:https://registry.npmjs.org/@next%2fswc-linux-arm64-gnu cache-miss
373 http fetch GET 200 https://registry.npmjs.org/@next%2fswc-linux-x64-gnu 855ms (cache miss)
374 silly packumentCache full:https://registry.npmjs.org/@next%2fswc-linux-x64-gnu set size:undefined disposed:false
375 silly fetch manifest @next/swc-win32-ia32-msvc@14.2.3
376 silly packumentCache full:https://registry.npmjs.org/@next%2fswc-win32-ia32-msvc cache-miss
377 http fetch GET 200 https://registry.npmjs.org/@rushstack%2feslint-patch 1509ms (cache miss)
378 silly packumentCache full:https://registry.npmjs.org/@rushstack%2feslint-patch set size:undefined disposed:false
379 silly fetch manifest @next/swc-linux-arm64-musl@14.2.3
380 silly packumentCache full:https://registry.npmjs.org/@next%2fswc-linux-arm64-musl cache-miss
381 http fetch GET 200 https://registry.npmjs.org/@typescript-eslint%2fparser 1502ms (cache miss)
382 silly packumentCache full:https://registry.npmjs.org/@typescript-eslint%2fparser set size:undefined disposed:false
383 silly fetch manifest @next/swc-win32-arm64-msvc@14.2.3
384 silly packumentCache full:https://registry.npmjs.org/@next%2fswc-win32-arm64-msvc cache-miss
385 http fetch GET 200 https://registry.npmjs.org/@next%2fswc-darwin-arm64 1096ms (cache miss)
386 silly packumentCache full:https://registry.npmjs.org/@next%2fswc-darwin-arm64 set size:undefined disposed:false
387 silly fetch manifest scheduler@^0.23.2
388 silly packumentCache full:https://registry.npmjs.org/scheduler cache-miss
389 http fetch GET 200 https://registry.npmjs.org/@next%2fswc-linux-x64-musl 1004ms (cache miss)
390 silly packumentCache full:https://registry.npmjs.org/@next%2fswc-linux-x64-musl set size:undefined disposed:false
391 silly fetch manifest loose-envify@^1.1.0
392 silly packumentCache full:https://registry.npmjs.org/loose-envify cache-miss
393 http fetch GET 200 https://registry.npmjs.org/@next%2fswc-linux-arm64-gnu 666ms (cache miss)
394 silly packumentCache full:https://registry.npmjs.org/@next%2fswc-linux-arm64-gnu set size:undefined disposed:false
395 silly fetch manifest loose-envify@^1.1.0
396 silly packumentCache full:https://registry.npmjs.org/loose-envify cache-miss
397 http fetch GET 200 https://registry.npmjs.org/@next%2fswc-darwin-x64 1412ms (cache miss)
398 silly packumentCache full:https://registry.npmjs.org/@next%2fswc-darwin-x64 set size:undefined disposed:false
399 silly fetch manifest arg@^5.0.2
400 silly packumentCache full:https://registry.npmjs.org/arg cache-miss
401 http fetch GET 200 https://registry.npmjs.org/loose-envify 249ms (cache miss)
402 silly packumentCache full:https://registry.npmjs.org/loose-envify set size:undefined disposed:false
403 silly fetch manifest dlv@^1.1.3
404 silly packumentCache full:https://registry.npmjs.org/dlv cache-miss
405 http fetch GET 200 https://registry.npmjs.org/loose-envify 178ms (cache miss)
406 silly packumentCache full:https://registry.npmjs.org/loose-envify set size:undefined disposed:false
407 silly fetch manifest jiti@^1.21.7
408 silly packumentCache full:https://registry.npmjs.org/jiti cache-miss
409 http fetch GET 200 https://registry.npmjs.org/@next%2fswc-win32-x64-msvc 1259ms (cache miss)
410 silly packumentCache full:https://registry.npmjs.org/@next%2fswc-win32-x64-msvc set size:undefined disposed:false
411 silly fetch manifest is-glob@^4.0.3
412 silly packumentCache full:https://registry.npmjs.org/is-glob cache-miss
413 http cache https://registry.npmjs.org/is-glob 5ms (cache hit)
414 silly packumentCache full:https://registry.npmjs.org/is-glob set size:40530 disposed:false
415 silly fetch manifest resolve@^1.22.8
416 silly packumentCache full:https://registry.npmjs.org/resolve cache-miss
417 http fetch GET 200 https://registry.npmjs.org/jiti 47ms (cache miss)
418 silly packumentCache full:https://registry.npmjs.org/jiti set size:undefined disposed:false
419 silly fetch manifest sucrase@^3.35.0
420 silly packumentCache full:https://registry.npmjs.org/sucrase cache-miss
421 http fetch GET 200 https://registry.npmjs.org/@next%2fenv 1576ms (cache miss)
422 silly packumentCache full:https://registry.npmjs.org/@next%2fenv set size:undefined disposed:false
423 silly fetch manifest chokidar@^3.6.0
424 silly packumentCache full:https://registry.npmjs.org/chokidar cache-miss
425 http fetch GET 200 https://registry.npmjs.org/scheduler 430ms (cache miss)
426 silly packumentCache full:https://registry.npmjs.org/scheduler set size:undefined disposed:false
427 silly fetch manifest fast-glob@^3.3.2
428 silly packumentCache full:https://registry.npmjs.org/fast-glob cache-miss
429 http fetch GET 200 https://registry.npmjs.org/arg 263ms (cache miss)
430 silly packumentCache full:https://registry.npmjs.org/arg set size:undefined disposed:false
431 silly fetch manifest lilconfig@^3.1.3
432 silly packumentCache full:https://registry.npmjs.org/lilconfig cache-miss
433 http fetch GET 200 https://registry.npmjs.org/dlv 255ms (cache miss)
434 silly packumentCache full:https://registry.npmjs.org/dlv set size:undefined disposed:false
435 silly fetch manifest didyoumean@^1.2.2
436 silly packumentCache full:https://registry.npmjs.org/didyoumean cache-miss
437 http fetch GET 200 https://registry.npmjs.org/@next%2fswc-linux-arm64-musl 728ms (cache miss)
438 silly packumentCache full:https://registry.npmjs.org/@next%2fswc-linux-arm64-musl set size:undefined disposed:false
439 silly fetch manifest micromatch@^4.0.8
440 silly packumentCache full:https://registry.npmjs.org/micromatch cache-miss
441 http fetch GET 200 https://registry.npmjs.org/sucrase 250ms (cache miss)
442 silly packumentCache full:https://registry.npmjs.org/sucrase set size:undefined disposed:false
443 silly fetch manifest postcss-js@^4.0.1
444 silly packumentCache full:https://registry.npmjs.org/postcss-js cache-miss
445 http fetch GET 200 https://registry.npmjs.org/resolve 269ms (cache miss)
446 silly packumentCache full:https://registry.npmjs.org/resolve set size:undefined disposed:false
447 silly fetch manifest object-hash@^3.0.0
448 silly packumentCache full:https://registry.npmjs.org/object-hash cache-miss
449 http fetch GET 200 https://registry.npmjs.org/chokidar 259ms (cache miss)
450 silly packumentCache full:https://registry.npmjs.org/chokidar set size:undefined disposed:false
451 silly fetch manifest normalize-path@^3.0.0
452 silly packumentCache full:https://registry.npmjs.org/normalize-path cache-miss
453 http fetch GET 200 https://registry.npmjs.org/normalize-path 17ms (cache miss)
454 silly packumentCache full:https://registry.npmjs.org/normalize-path set size:undefined disposed:false
455 silly fetch manifest postcss-import@^15.1.0
456 silly packumentCache full:https://registry.npmjs.org/postcss-import cache-miss
457 http fetch GET 200 https://registry.npmjs.org/fast-glob 259ms (cache miss)
458 silly packumentCache full:https://registry.npmjs.org/fast-glob set size:undefined disposed:false
459 silly fetch manifest postcss-nested@^6.2.0
460 silly packumentCache full:https://registry.npmjs.org/postcss-nested cache-miss
461 http fetch GET 200 https://registry.npmjs.org/@next%2fswc-win32-ia32-msvc 973ms (cache miss)
462 silly packumentCache full:https://registry.npmjs.org/@next%2fswc-win32-ia32-msvc set size:undefined disposed:false
463 silly fetch manifest @alloc/quick-lru@^5.2.0
464 silly packumentCache full:https://registry.npmjs.org/@alloc%2fquick-lru cache-miss
465 http fetch GET 200 https://registry.npmjs.org/lilconfig 251ms (cache miss)
466 silly packumentCache full:https://registry.npmjs.org/lilconfig set size:undefined disposed:false
467 silly fetch manifest postcss-load-config@^4.0.2 || ^5.0 || ^6.0
468 silly packumentCache full:https://registry.npmjs.org/postcss-load-config cache-miss
469 http fetch GET 200 https://registry.npmjs.org/didyoumean 243ms (cache miss)
470 silly packumentCache full:https://registry.npmjs.org/didyoumean set size:undefined disposed:false
471 silly fetch manifest postcss-selector-parser@^6.1.2
472 silly packumentCache full:https://registry.npmjs.org/postcss-selector-parser cache-miss
473 http fetch GET 200 https://registry.npmjs.org/micromatch 254ms (cache miss)
474 silly packumentCache full:https://registry.npmjs.org/micromatch set size:undefined disposed:false
475 http fetch GET 200 https://registry.npmjs.org/@next%2fswc-win32-arm64-msvc 947ms (cache miss)
476 silly packumentCache full:https://registry.npmjs.org/@next%2fswc-win32-arm64-msvc set size:undefined disposed:false
477 http fetch GET 200 https://registry.npmjs.org/postcss-js 263ms (cache miss)
478 silly packumentCache full:https://registry.npmjs.org/postcss-js set size:undefined disposed:false
479 http fetch GET 200 https://registry.npmjs.org/object-hash 261ms (cache miss)
480 silly packumentCache full:https://registry.npmjs.org/object-hash set size:undefined disposed:false
481 http fetch GET 200 https://registry.npmjs.org/postcss-import 252ms (cache miss)
482 silly packumentCache full:https://registry.npmjs.org/postcss-import set size:undefined disposed:false
483 http fetch GET 200 https://registry.npmjs.org/postcss-nested 247ms (cache miss)
484 silly packumentCache full:https://registry.npmjs.org/postcss-nested set size:undefined disposed:false
485 http fetch GET 200 https://registry.npmjs.org/postcss-load-config 263ms (cache miss)
486 silly packumentCache full:https://registry.npmjs.org/postcss-load-config set size:undefined disposed:false
487 http fetch GET 200 https://registry.npmjs.org/postcss-selector-parser 252ms (cache miss)
488 silly packumentCache full:https://registry.npmjs.org/postcss-selector-parser set size:undefined disposed:false
489 http fetch GET 200 https://registry.npmjs.org/@alloc%2fquick-lru 790ms (cache miss)
490 silly packumentCache full:https://registry.npmjs.org/@alloc%2fquick-lru set size:undefined disposed:false
491 silly placeDep ROOT undici-types@6.21.0 OK for: @types/node@20.19.41 want: ~6.21.0
492 silly placeDep ROOT @types/prop-types@15.7.15 OK for: @types/react@18.3.28 want: *
493 silly placeDep ROOT csstype@3.2.3 OK for: @types/react@18.3.28 want: ^3.2.2
494 silly placeDep ROOT browserslist@4.28.2 OK for: autoprefixer@10.5.0 want: ^4.28.2
495 silly placeDep ROOT caniuse-lite@1.0.30001793 OK for: autoprefixer@10.5.0 want: ^1.0.30001787
496 silly placeDep ROOT fraction.js@5.3.4 OK for: autoprefixer@10.5.0 want: ^5.3.4
497 silly placeDep ROOT picocolors@1.1.1 OK for: autoprefixer@10.5.0 want: ^1.1.1
498 silly placeDep ROOT postcss-value-parser@4.2.0 OK for: autoprefixer@10.5.0 want: ^4.2.0
499 silly fetch manifest baseline-browser-mapping@^2.10.12
500 silly packumentCache full:https://registry.npmjs.org/baseline-browser-mapping cache-miss
501 silly fetch manifest caniuse-lite@^1.0.30001782
502 silly packumentCache full:https://registry.npmjs.org/caniuse-lite cache-miss
503 silly fetch manifest electron-to-chromium@^1.5.328
504 silly packumentCache full:https://registry.npmjs.org/electron-to-chromium cache-miss
505 silly fetch manifest node-releases@^2.0.36
506 silly packumentCache full:https://registry.npmjs.org/node-releases cache-miss
507 silly fetch manifest update-browserslist-db@^1.2.3
508 silly packumentCache full:https://registry.npmjs.org/update-browserslist-db cache-miss
509 http cache https://registry.npmjs.org/caniuse-lite 12ms (cache hit)
510 silly packumentCache full:https://registry.npmjs.org/caniuse-lite set size:2293068 disposed:false
511 http fetch GET 200 https://registry.npmjs.org/update-browserslist-db 25ms (cache miss)
512 silly packumentCache full:https://registry.npmjs.org/update-browserslist-db set size:undefined disposed:false
513 http fetch GET 200 https://registry.npmjs.org/baseline-browser-mapping 257ms (cache miss)
514 silly packumentCache full:https://registry.npmjs.org/baseline-browser-mapping set size:undefined disposed:false
515 http fetch GET 200 https://registry.npmjs.org/node-releases 263ms (cache miss)
516 silly packumentCache full:https://registry.npmjs.org/node-releases set size:undefined disposed:false
517 http fetch GET 200 https://registry.npmjs.org/electron-to-chromium 375ms (cache miss)
518 silly packumentCache full:https://registry.npmjs.org/electron-to-chromium set size:undefined disposed:false
519 silly fetch manifest browserslist@>= 4.21.0
520 silly packumentCache full:https://registry.npmjs.org/browserslist cache-miss
521 http cache https://registry.npmjs.org/browserslist 2ms (cache hit)
522 silly packumentCache full:https://registry.npmjs.org/browserslist set size:504681 disposed:false
523 silly placeDep ROOT baseline-browser-mapping@2.10.30 OK for: browserslist@4.28.2 want: ^2.10.12
524 silly placeDep ROOT electron-to-chromium@1.5.357 OK for: browserslist@4.28.2 want: ^1.5.328
525 silly placeDep ROOT node-releases@2.0.44 OK for: browserslist@4.28.2 want: ^2.0.36
526 silly placeDep ROOT update-browserslist-db@1.2.3 OK for: browserslist@4.28.2 want: ^1.2.3
527 silly fetch manifest escalade@^3.2.0
528 silly packumentCache full:https://registry.npmjs.org/escalade cache-miss
529 http fetch GET 200 https://registry.npmjs.org/escalade 259ms (cache miss)
530 silly packumentCache full:https://registry.npmjs.org/escalade set size:undefined disposed:false
531 silly fetch manifest eslint@^6.0.0 || ^7.0.0 || >=8.0.0
532 silly packumentCache full:https://registry.npmjs.org/eslint cache-miss
533 http cache https://registry.npmjs.org/eslint 6ms (cache hit)
534 silly packumentCache full:https://registry.npmjs.org/eslint set size:1997485 disposed:false
535 silly fetch manifest jiti@*
536 silly packumentCache full:https://registry.npmjs.org/jiti cache-miss
537 http cache https://registry.npmjs.org/jiti 2ms (cache hit)
538 silly packumentCache full:https://registry.npmjs.org/jiti set size:387989 disposed:false
539 silly placeDep ROOT @eslint-community/eslint-utils@4.9.1 OK for: eslint@8.57.1 want: ^4.2.0
540 silly placeDep ROOT @eslint-community/regexpp@4.12.2 OK for: eslint@8.57.1 want: ^4.6.1
541 silly placeDep ROOT @eslint/eslintrc@2.1.4 OK for: eslint@8.57.1 want: ^2.1.4
542 silly placeDep ROOT @eslint/js@8.57.1 OK for: eslint@8.57.1 want: 8.57.1
543 silly placeDep ROOT @humanwhocodes/config-array@0.13.0 OK for: eslint@8.57.1 want: ^0.13.0
544 silly placeDep ROOT @humanwhocodes/module-importer@1.0.1 OK for: eslint@8.57.1 want: ^1.0.1
545 silly placeDep ROOT @nodelib/fs.walk@1.2.8 OK for: eslint@8.57.1 want: ^1.2.8
546 silly placeDep ROOT @ungap/structured-clone@1.3.1 OK for: eslint@8.57.1 want: ^1.2.0
547 silly placeDep ROOT ajv@6.15.0 OK for: eslint@8.57.1 want: ^6.12.4
548 silly placeDep ROOT chalk@4.1.2 OK for: eslint@8.57.1 want: ^4.0.0
549 silly placeDep ROOT cross-spawn@7.0.6 OK for: eslint@8.57.1 want: ^7.0.2
550 silly placeDep ROOT debug@4.4.3 OK for: eslint@8.57.1 want: ^4.3.2
551 silly placeDep ROOT doctrine@3.0.0 OK for: eslint@8.57.1 want: ^3.0.0
552 silly placeDep ROOT escape-string-regexp@4.0.0 OK for: eslint@8.57.1 want: ^4.0.0
553 silly placeDep ROOT eslint-scope@7.2.2 OK for: eslint@8.57.1 want: ^7.2.2
554 silly placeDep ROOT eslint-visitor-keys@3.4.3 OK for: eslint@8.57.1 want: ^3.4.3
555 silly placeDep ROOT espree@9.6.1 OK for: eslint@8.57.1 want: ^9.6.1
556 silly placeDep ROOT esquery@1.7.0 OK for: eslint@8.57.1 want: ^1.4.2
557 silly placeDep ROOT esutils@2.0.3 OK for: eslint@8.57.1 want: ^2.0.2
558 silly placeDep ROOT fast-deep-equal@3.1.3 OK for: eslint@8.57.1 want: ^3.1.3
559 silly placeDep ROOT file-entry-cache@6.0.1 OK for: eslint@8.57.1 want: ^6.0.1
560 silly placeDep ROOT find-up@5.0.0 OK for: eslint@8.57.1 want: ^5.0.0
561 silly placeDep ROOT glob-parent@6.0.2 OK for: eslint@8.57.1 want: ^6.0.2
562 silly placeDep ROOT globals@13.24.0 OK for: eslint@8.57.1 want: ^13.19.0
563 silly placeDep ROOT graphemer@1.4.0 OK for: eslint@8.57.1 want: ^1.4.0
564 silly placeDep ROOT ignore@5.3.2 OK for: eslint@8.57.1 want: ^5.2.0
565 silly placeDep ROOT imurmurhash@0.1.4 OK for: eslint@8.57.1 want: ^0.1.4
566 silly placeDep ROOT is-glob@4.0.3 OK for: eslint@8.57.1 want: ^4.0.0
567 silly placeDep ROOT is-path-inside@3.0.3 OK for: eslint@8.57.1 want: ^3.0.3
568 silly placeDep ROOT js-yaml@4.1.1 OK for: eslint@8.57.1 want: ^4.1.0
569 silly placeDep ROOT json-stable-stringify-without-jsonify@1.0.1 OK for: eslint@8.57.1 want: ^1.0.1
570 silly placeDep ROOT levn@0.4.1 OK for: eslint@8.57.1 want: ^0.4.1
571 silly placeDep ROOT lodash.merge@4.6.2 OK for: eslint@8.57.1 want: ^4.6.2
572 silly placeDep ROOT minimatch@3.1.5 OK for: eslint@8.57.1 want: ^3.1.2
573 silly placeDep ROOT natural-compare@1.4.0 OK for: eslint@8.57.1 want: ^1.4.0
574 silly placeDep ROOT optionator@0.9.4 OK for: eslint@8.57.1 want: ^0.9.3
575 silly placeDep ROOT strip-ansi@6.0.1 OK for: eslint@8.57.1 want: ^6.0.1
576 silly placeDep ROOT text-table@0.2.0 OK for: eslint@8.57.1 want: ^0.2.0
577 silly fetch manifest espree@^9.6.0
578 silly packumentCache full:https://registry.npmjs.org/espree cache-miss
579 silly fetch manifest import-fresh@^3.2.1
580 silly packumentCache full:https://registry.npmjs.org/import-fresh cache-miss
581 silly fetch manifest strip-json-comments@^3.1.1
582 silly packumentCache full:https://registry.npmjs.org/strip-json-comments cache-miss
583 silly fetch manifest debug@^4.3.1
584 silly packumentCache full:https://registry.npmjs.org/debug cache-miss
585 silly fetch manifest minimatch@^3.0.5
586 silly packumentCache full:https://registry.npmjs.org/minimatch cache-miss
587 silly fetch manifest @humanwhocodes/object-schema@^2.0.3
588 silly packumentCache full:https://registry.npmjs.org/@humanwhocodes%2fobject-schema cache-miss
589 silly fetch manifest fastq@^1.6.0
590 silly packumentCache full:https://registry.npmjs.org/fastq cache-miss
591 silly fetch manifest @nodelib/fs.scandir@2.1.5
592 silly packumentCache full:https://registry.npmjs.org/@nodelib%2ffs.scandir cache-miss
593 silly fetch manifest uri-js@^4.2.2
594 silly packumentCache full:https://registry.npmjs.org/uri-js cache-miss
595 http cache https://registry.npmjs.org/espree 4ms (cache hit)
596 silly packumentCache full:https://registry.npmjs.org/espree set size:326080 disposed:false
597 silly fetch manifest fast-deep-equal@^3.1.1
598 silly packumentCache full:https://registry.npmjs.org/fast-deep-equal cache-miss
599 http cache https://registry.npmjs.org/debug 5ms (cache hit)
600 silly packumentCache full:https://registry.npmjs.org/debug set size:195840 disposed:false
601 silly fetch manifest json-schema-traverse@^0.4.1
602 silly packumentCache full:https://registry.npmjs.org/json-schema-traverse cache-miss
603 http cache https://registry.npmjs.org/minimatch 6ms (cache hit)
604 silly packumentCache full:https://registry.npmjs.org/minimatch set size:375282 disposed:false
605 silly fetch manifest fast-json-stable-stringify@^2.0.0
606 silly packumentCache full:https://registry.npmjs.org/fast-json-stable-stringify cache-miss
607 http cache https://registry.npmjs.org/fast-deep-equal 5ms (cache hit)
608 silly packumentCache full:https://registry.npmjs.org/fast-deep-equal set size:48634 disposed:false
609 silly fetch manifest ansi-styles@^4.1.0
610 silly packumentCache full:https://registry.npmjs.org/ansi-styles cache-miss
611 http fetch GET 200 https://registry.npmjs.org/import-fresh 23ms (cache miss)
612 silly packumentCache full:https://registry.npmjs.org/import-fresh set size:undefined disposed:false
613 silly fetch manifest supports-color@^7.1.0
614 silly packumentCache full:https://registry.npmjs.org/supports-color cache-miss
615 http fetch GET 200 https://registry.npmjs.org/json-schema-traverse 18ms (cache miss)
616 silly packumentCache full:https://registry.npmjs.org/json-schema-traverse set size:undefined disposed:false
617 silly fetch manifest which@^2.0.1
618 silly packumentCache full:https://registry.npmjs.org/which cache-miss
619 http fetch GET 200 https://registry.npmjs.org/uri-js 24ms (cache miss)
620 silly packumentCache full:https://registry.npmjs.org/uri-js set size:undefined disposed:false
621 silly fetch manifest path-key@^3.1.0
622 silly packumentCache full:https://registry.npmjs.org/path-key cache-miss
623 http fetch GET 200 https://registry.npmjs.org/fast-json-stable-stringify 17ms (cache miss)
624 silly packumentCache full:https://registry.npmjs.org/fast-json-stable-stringify set size:undefined disposed:false
625 silly fetch manifest shebang-command@^2.0.0
626 silly packumentCache full:https://registry.npmjs.org/shebang-command cache-miss
627 http fetch GET 200 https://registry.npmjs.org/ansi-styles 21ms (cache miss)
628 silly packumentCache full:https://registry.npmjs.org/ansi-styles set size:undefined disposed:false
629 silly fetch manifest ms@^2.1.3
630 silly packumentCache full:https://registry.npmjs.org/ms cache-miss
631 http fetch GET 200 https://registry.npmjs.org/@nodelib%2ffs.scandir 31ms (cache miss)
632 silly packumentCache full:https://registry.npmjs.org/@nodelib%2ffs.scandir set size:undefined disposed:false
633 silly fetch manifest esrecurse@^4.3.0
634 silly packumentCache full:https://registry.npmjs.org/esrecurse cache-miss
635 http fetch GET 200 https://registry.npmjs.org/path-key 15ms (cache miss)
636 silly packumentCache full:https://registry.npmjs.org/path-key set size:undefined disposed:false
637 silly fetch manifest estraverse@^5.2.0
638 silly packumentCache full:https://registry.npmjs.org/estraverse cache-miss
639 http fetch GET 200 https://registry.npmjs.org/which 16ms (cache miss)
640 silly packumentCache full:https://registry.npmjs.org/which set size:undefined disposed:false
641 silly fetch manifest acorn@^8.9.0
642 silly packumentCache full:https://registry.npmjs.org/acorn cache-miss
643 http fetch GET 200 https://registry.npmjs.org/shebang-command 16ms (cache miss)
644 silly packumentCache full:https://registry.npmjs.org/shebang-command set size:undefined disposed:false
645 silly fetch manifest acorn-jsx@^5.3.2
646 silly packumentCache full:https://registry.npmjs.org/acorn-jsx cache-miss
647 http fetch GET 200 https://registry.npmjs.org/supports-color 20ms (cache miss)
648 silly packumentCache full:https://registry.npmjs.org/supports-color set size:undefined disposed:false
649 silly fetch manifest estraverse@^5.1.0
650 silly packumentCache full:https://registry.npmjs.org/estraverse cache-miss
651 http fetch GET 200 https://registry.npmjs.org/ms 20ms (cache miss)
652 silly packumentCache full:https://registry.npmjs.org/ms set size:undefined disposed:false
653 silly fetch manifest flat-cache@^3.0.4
654 silly packumentCache full:https://registry.npmjs.org/flat-cache cache-miss
655 http fetch GET 200 https://registry.npmjs.org/estraverse 17ms (cache miss)
656 silly packumentCache full:https://registry.npmjs.org/estraverse set size:undefined disposed:false
657 silly fetch manifest locate-path@^6.0.0
658 silly packumentCache full:https://registry.npmjs.org/locate-path cache-miss
659 http fetch GET 200 https://registry.npmjs.org/estraverse 22ms (cache miss)
660 silly packumentCache full:https://registry.npmjs.org/estraverse set size:undefined disposed:false
661 silly fetch manifest path-exists@^4.0.0
662 silly packumentCache full:https://registry.npmjs.org/path-exists cache-miss
663 http fetch GET 200 https://registry.npmjs.org/locate-path 15ms (cache miss)
664 silly packumentCache full:https://registry.npmjs.org/locate-path set size:undefined disposed:false
665 silly fetch manifest type-fest@^0.20.2
666 silly packumentCache full:https://registry.npmjs.org/type-fest cache-miss
667 http fetch GET 200 https://registry.npmjs.org/path-exists 15ms (cache miss)
668 silly packumentCache full:https://registry.npmjs.org/path-exists set size:undefined disposed:false
669 silly fetch manifest is-extglob@^2.1.1
670 silly packumentCache full:https://registry.npmjs.org/is-extglob cache-miss
671 http fetch GET 200 https://registry.npmjs.org/type-fest 34ms (cache miss)
672 silly packumentCache full:https://registry.npmjs.org/type-fest set size:undefined disposed:false
673 silly fetch manifest argparse@^2.0.1
674 silly packumentCache full:https://registry.npmjs.org/argparse cache-miss
675 http fetch GET 200 https://registry.npmjs.org/argparse 15ms (cache miss)
676 silly packumentCache full:https://registry.npmjs.org/argparse set size:undefined disposed:false
677 silly fetch manifest prelude-ls@^1.2.1
678 silly packumentCache full:https://registry.npmjs.org/prelude-ls cache-miss
679 http fetch GET 200 https://registry.npmjs.org/strip-json-comments 250ms (cache miss)
680 silly packumentCache full:https://registry.npmjs.org/strip-json-comments set size:undefined disposed:false
681 silly fetch manifest type-check@~0.4.0
682 silly packumentCache full:https://registry.npmjs.org/type-check cache-miss
683 http fetch GET 200 https://registry.npmjs.org/fastq 254ms (cache miss)
684 silly packumentCache full:https://registry.npmjs.org/fastq set size:undefined disposed:false
685 silly fetch manifest brace-expansion@^1.1.7
686 silly packumentCache full:https://registry.npmjs.org/brace-expansion cache-miss
687 http fetch GET 200 https://registry.npmjs.org/type-check 21ms (cache miss)
688 silly packumentCache full:https://registry.npmjs.org/type-check set size:undefined disposed:false
689 silly fetch manifest prelude-ls@^1.2.1
690 silly packumentCache full:https://registry.npmjs.org/prelude-ls cache-miss
691 http fetch GET 200 https://registry.npmjs.org/esrecurse 248ms (cache miss)
692 silly packumentCache full:https://registry.npmjs.org/esrecurse set size:undefined disposed:false
693 silly fetch manifest deep-is@^0.1.3
694 silly packumentCache full:https://registry.npmjs.org/deep-is cache-miss
695 http fetch GET 200 https://registry.npmjs.org/acorn-jsx 249ms (cache miss)
696 silly packumentCache full:https://registry.npmjs.org/acorn-jsx set size:undefined disposed:false
697 silly fetch manifest word-wrap@^1.2.5
698 silly packumentCache full:https://registry.npmjs.org/word-wrap cache-miss
699 http fetch GET 200 https://registry.npmjs.org/acorn 255ms (cache miss)
700 silly packumentCache full:https://registry.npmjs.org/acorn set size:undefined disposed:false
701 silly fetch manifest type-check@^0.4.0
702 silly packumentCache full:https://registry.npmjs.org/type-check cache-miss
703 http fetch GET 200 https://registry.npmjs.org/deep-is 19ms (cache miss)
704 silly packumentCache full:https://registry.npmjs.org/deep-is set size:undefined disposed:false
705 silly fetch manifest fast-levenshtein@^2.0.6
706 silly packumentCache full:https://registry.npmjs.org/fast-levenshtein cache-miss
707 http cache https://registry.npmjs.org/type-check 3ms (cache hit)
708 silly packumentCache full:https://registry.npmjs.org/type-check set size:21221 disposed:false
709 silly fetch manifest ansi-regex@^5.0.1
710 silly packumentCache full:https://registry.npmjs.org/ansi-regex cache-miss
711 http fetch GET 200 https://registry.npmjs.org/flat-cache 260ms (cache miss)
712 silly packumentCache full:https://registry.npmjs.org/flat-cache set size:undefined disposed:false
713 http fetch GET 200 https://registry.npmjs.org/word-wrap 20ms (cache miss)
714 silly packumentCache full:https://registry.npmjs.org/word-wrap set size:undefined disposed:false
715 http fetch GET 200 https://registry.npmjs.org/is-extglob 251ms (cache miss)
716 silly packumentCache full:https://registry.npmjs.org/is-extglob set size:undefined disposed:false
717 http fetch GET 200 https://registry.npmjs.org/prelude-ls 238ms (cache miss)
718 silly packumentCache full:https://registry.npmjs.org/prelude-ls set size:undefined disposed:false
719 http fetch GET 200 https://registry.npmjs.org/prelude-ls 95ms (cache miss)
720 silly packumentCache full:https://registry.npmjs.org/prelude-ls set size:undefined disposed:false
721 http fetch GET 200 https://registry.npmjs.org/brace-expansion 239ms (cache miss)
722 silly packumentCache full:https://registry.npmjs.org/brace-expansion set size:undefined disposed:false
723 http fetch GET 200 https://registry.npmjs.org/fast-levenshtein 247ms (cache miss)
724 silly packumentCache full:https://registry.npmjs.org/fast-levenshtein set size:undefined disposed:false
725 http fetch GET 200 https://registry.npmjs.org/ansi-regex 245ms (cache miss)
726 silly packumentCache full:https://registry.npmjs.org/ansi-regex set size:undefined disposed:false
727 http fetch GET 200 https://registry.npmjs.org/@humanwhocodes%2fobject-schema 814ms (cache miss)
728 silly packumentCache full:https://registry.npmjs.org/@humanwhocodes%2fobject-schema set size:undefined disposed:false
729 silly placeDep ROOT import-fresh@3.3.1 OK for: @eslint/eslintrc@2.1.4 want: ^3.2.1
730 silly placeDep ROOT strip-json-comments@3.1.1 OK for: @eslint/eslintrc@2.1.4 want: ^3.1.1
731 silly fetch manifest resolve-from@^4.0.0
732 silly packumentCache full:https://registry.npmjs.org/resolve-from cache-miss
733 silly fetch manifest parent-module@^1.0.0
734 silly packumentCache full:https://registry.npmjs.org/parent-module cache-miss
735 http fetch GET 200 https://registry.npmjs.org/resolve-from 19ms (cache miss)
736 silly packumentCache full:https://registry.npmjs.org/resolve-from set size:undefined disposed:false
737 http fetch GET 200 https://registry.npmjs.org/parent-module 19ms (cache miss)
738 silly packumentCache full:https://registry.npmjs.org/parent-module set size:undefined disposed:false
739 silly placeDep ROOT @humanwhocodes/object-schema@2.0.3 OK for: @humanwhocodes/config-array@0.13.0 want: ^2.0.3
740 silly placeDep ROOT @nodelib/fs.scandir@2.1.5 OK for: @nodelib/fs.walk@1.2.8 want: 2.1.5
741 silly placeDep ROOT fastq@1.20.1 OK for: @nodelib/fs.walk@1.2.8 want: ^1.6.0
742 silly fetch manifest run-parallel@^1.1.9
743 silly packumentCache full:https://registry.npmjs.org/run-parallel cache-miss
744 silly fetch manifest @nodelib/fs.stat@2.0.5
745 silly packumentCache full:https://registry.npmjs.org/@nodelib%2ffs.stat cache-miss
746 silly fetch manifest reusify@^1.0.4
747 silly packumentCache full:https://registry.npmjs.org/reusify cache-miss
748 http fetch GET 200 https://registry.npmjs.org/run-parallel 17ms (cache miss)
749 silly packumentCache full:https://registry.npmjs.org/run-parallel set size:undefined disposed:false
750 http fetch GET 200 https://registry.npmjs.org/reusify 19ms (cache miss)
751 silly packumentCache full:https://registry.npmjs.org/reusify set size:undefined disposed:false
752 http fetch GET 200 https://registry.npmjs.org/@nodelib%2ffs.stat 795ms (cache miss)
753 silly packumentCache full:https://registry.npmjs.org/@nodelib%2ffs.stat set size:undefined disposed:false
754 silly placeDep ROOT @nodelib/fs.stat@2.0.5 OK for: @nodelib/fs.scandir@2.1.5 want: 2.0.5
755 silly placeDep ROOT run-parallel@1.2.0 OK for: @nodelib/fs.scandir@2.1.5 want: ^1.1.9
756 silly fetch manifest queue-microtask@^1.2.2
757 silly packumentCache full:https://registry.npmjs.org/queue-microtask cache-miss
758 http fetch GET 200 https://registry.npmjs.org/queue-microtask 14ms (cache miss)
759 silly packumentCache full:https://registry.npmjs.org/queue-microtask set size:undefined disposed:false
760 silly placeDep ROOT fast-json-stable-stringify@2.1.0 OK for: ajv@6.15.0 want: ^2.0.0
761 silly placeDep ROOT json-schema-traverse@0.4.1 OK for: ajv@6.15.0 want: ^0.4.1
762 silly placeDep ROOT uri-js@4.4.1 OK for: ajv@6.15.0 want: ^4.2.2
763 silly fetch manifest punycode@^2.1.0
764 silly packumentCache full:https://registry.npmjs.org/punycode cache-miss
765 http fetch GET 200 https://registry.npmjs.org/punycode 20ms (cache miss)
766 silly packumentCache full:https://registry.npmjs.org/punycode set size:undefined disposed:false
767 silly placeDep ROOT ansi-styles@4.3.0 OK for: chalk@4.1.2 want: ^4.1.0
768 silly placeDep ROOT supports-color@7.2.0 OK for: chalk@4.1.2 want: ^7.1.0
769 silly fetch manifest color-convert@^2.0.1
770 silly packumentCache full:https://registry.npmjs.org/color-convert cache-miss
771 silly fetch manifest has-flag@^4.0.0
772 silly packumentCache full:https://registry.npmjs.org/has-flag cache-miss
773 http fetch GET 200 https://registry.npmjs.org/has-flag 248ms (cache miss)
774 silly packumentCache full:https://registry.npmjs.org/has-flag set size:undefined disposed:false
775 http fetch GET 200 https://registry.npmjs.org/color-convert 252ms (cache miss)
776 silly packumentCache full:https://registry.npmjs.org/color-convert set size:undefined disposed:false
777 silly placeDep ROOT color-convert@2.0.1 OK for: ansi-styles@4.3.0 want: ^2.0.1
778 silly fetch manifest color-name@~1.1.4
779 silly packumentCache full:https://registry.npmjs.org/color-name cache-miss
780 http fetch GET 200 https://registry.npmjs.org/color-name 15ms (cache miss)
781 silly packumentCache full:https://registry.npmjs.org/color-name set size:undefined disposed:false
782 silly placeDep ROOT color-name@1.1.4 OK for: color-convert@2.0.1 want: ~1.1.4
783 silly placeDep ROOT path-key@3.1.1 OK for: cross-spawn@7.0.6 want: ^3.1.0
784 silly placeDep ROOT shebang-command@2.0.0 OK for: cross-spawn@7.0.6 want: ^2.0.0
785 silly placeDep ROOT which@2.0.2 OK for: cross-spawn@7.0.6 want: ^2.0.1
786 silly fetch manifest shebang-regex@^3.0.0
787 silly packumentCache full:https://registry.npmjs.org/shebang-regex cache-miss
788 silly fetch manifest isexe@^2.0.0
789 silly packumentCache full:https://registry.npmjs.org/isexe cache-miss
790 http fetch GET 200 https://registry.npmjs.org/isexe 17ms (cache miss)
791 silly packumentCache full:https://registry.npmjs.org/isexe set size:undefined disposed:false
792 http fetch GET 200 https://registry.npmjs.org/shebang-regex 238ms (cache miss)
793 silly packumentCache full:https://registry.npmjs.org/shebang-regex set size:undefined disposed:false
794 silly placeDep ROOT ms@2.1.3 OK for: debug@4.4.3 want: ^2.1.3
795 silly fetch manifest eslint@^7.23.0 || ^8.0.0
796 silly packumentCache full:https://registry.npmjs.org/eslint cache-miss
797 http cache https://registry.npmjs.org/eslint 2ms (cache hit)
798 silly packumentCache full:https://registry.npmjs.org/eslint set size:1997485 disposed:false
799 silly fetch manifest eslint-plugin-import-x@*
800 silly packumentCache full:https://registry.npmjs.org/eslint-plugin-import-x cache-miss
801 http fetch GET 200 https://registry.npmjs.org/eslint-plugin-import-x 254ms (cache miss)
802 silly packumentCache full:https://registry.npmjs.org/eslint-plugin-import-x set size:undefined disposed:false
803 silly fetch manifest @typescript-eslint/utils@^8.56.0
804 silly packumentCache full:https://registry.npmjs.org/@typescript-eslint%2futils cache-miss
805 http fetch GET 200 https://registry.npmjs.org/@typescript-eslint%2futils 981ms (cache miss)
806 silly packumentCache full:https://registry.npmjs.org/@typescript-eslint%2futils set size:undefined disposed:false
807 silly fetch manifest typescript@>=3.3.1
808 silly packumentCache full:https://registry.npmjs.org/typescript cache-miss
809 http cache https://registry.npmjs.org/typescript 16ms (cache hit)
810 silly packumentCache full:https://registry.npmjs.org/typescript set size:15409943 disposed:false
811 silly placeDep ROOT @next/eslint-plugin-next@14.2.3 OK for: eslint-config-next@14.2.3 want: 14.2.3
812 silly placeDep ROOT @rushstack/eslint-patch@1.16.1 OK for: eslint-config-next@14.2.3 want: ^1.3.3
813 silly placeDep ROOT @typescript-eslint/parser@7.2.0 OK for: eslint-config-next@14.2.3 want: ^5.4.2 || ^6.0.0 || 7.0.0 - 7.2.0
814 silly placeDep ROOT eslint-import-resolver-node@0.3.10 OK for: eslint-config-next@14.2.3 want: ^0.3.6
815 silly placeDep ROOT eslint-import-resolver-typescript@3.10.1 OK for: eslint-config-next@14.2.3 want: ^3.5.2
816 silly placeDep ROOT eslint-plugin-import@2.32.0 OK for: eslint-config-next@14.2.3 want: ^2.28.1
817 silly placeDep ROOT eslint-plugin-jsx-a11y@6.10.2 OK for: eslint-config-next@14.2.3 want: ^6.7.1
818 silly placeDep ROOT eslint-plugin-react@7.37.5 OK for: eslint-config-next@14.2.3 want: ^7.33.2
819 silly placeDep ROOT eslint-plugin-react-hooks@5.0.0-canary-7118f5dd7-20230705 OK for: eslint-config-next@14.2.3 want: ^4.5.0 || 5.0.0-canary-7118f5dd7-20230705
820 silly fetch manifest glob@10.3.10
821 silly packumentCache full:https://registry.npmjs.org/glob cache-miss
822 silly fetch manifest @typescript-eslint/types@7.2.0
823 silly packumentCache full:https://registry.npmjs.org/@typescript-eslint%2ftypes cache-miss
824 silly fetch manifest @typescript-eslint/visitor-keys@7.2.0
825 silly packumentCache full:https://registry.npmjs.org/@typescript-eslint%2fvisitor-keys cache-miss
826 silly fetch manifest @typescript-eslint/scope-manager@7.2.0
827 silly packumentCache full:https://registry.npmjs.org/@typescript-eslint%2fscope-manager cache-miss
828 silly fetch manifest @typescript-eslint/typescript-estree@7.2.0
829 silly packumentCache full:https://registry.npmjs.org/@typescript-eslint%2ftypescript-estree cache-miss
830 silly fetch manifest debug@^3.2.7
831 silly packumentCache full:https://registry.npmjs.org/debug cache-hit
832 silly fetch manifest resolve@^2.0.0-next.6
833 silly packumentCache full:https://registry.npmjs.org/resolve cache-miss
834 silly fetch manifest is-core-module@^2.16.1
835 silly packumentCache full:https://registry.npmjs.org/is-core-module cache-miss
836 silly fetch manifest tinyglobby@^0.2.13
837 silly packumentCache full:https://registry.npmjs.org/tinyglobby cache-miss
838 silly fetch manifest stable-hash@^0.0.5
839 silly packumentCache full:https://registry.npmjs.org/stable-hash cache-miss
840 http cache https://registry.npmjs.org/resolve 4ms (cache hit)
841 silly packumentCache full:https://registry.npmjs.org/resolve set size:244568 disposed:false
842 silly fetch manifest get-tsconfig@^4.10.0
843 silly packumentCache full:https://registry.npmjs.org/get-tsconfig cache-miss
844 http fetch GET 200 https://registry.npmjs.org/tinyglobby 19ms (cache miss)
845 silly packumentCache full:https://registry.npmjs.org/tinyglobby set size:undefined disposed:false
846 silly fetch manifest is-bun-module@^2.0.0
847 silly packumentCache full:https://registry.npmjs.org/is-bun-module cache-miss
848 http fetch GET 200 https://registry.npmjs.org/glob 32ms (cache miss)
849 silly packumentCache full:https://registry.npmjs.org/glob set size:undefined disposed:false
850 silly fetch manifest unrs-resolver@^1.6.2
851 silly packumentCache full:https://registry.npmjs.org/unrs-resolver cache-miss
852 http fetch GET 200 https://registry.npmjs.org/unrs-resolver 20ms (cache miss)
853 silly packumentCache full:https://registry.npmjs.org/unrs-resolver set size:undefined disposed:false
854 silly fetch manifest @nolyfill/is-core-module@1.0.39
855 silly packumentCache full:https://registry.npmjs.org/@nolyfill%2fis-core-module cache-miss
856 http fetch GET 200 https://registry.npmjs.org/is-core-module 252ms (cache miss)
857 silly packumentCache full:https://registry.npmjs.org/is-core-module set size:undefined disposed:false
858 silly fetch manifest @rtsao/scc@^1.1.0
859 silly packumentCache full:https://registry.npmjs.org/@rtsao%2fscc cache-miss
860 http fetch GET 200 https://registry.npmjs.org/get-tsconfig 249ms (cache miss)
861 silly packumentCache full:https://registry.npmjs.org/get-tsconfig set size:undefined disposed:false
862 silly fetch manifest array-includes@^3.1.9
863 silly packumentCache full:https://registry.npmjs.org/array-includes cache-miss
864 http fetch GET 200 https://registry.npmjs.org/stable-hash 255ms (cache miss)
865 silly packumentCache full:https://registry.npmjs.org/stable-hash set size:undefined disposed:false
866 silly fetch manifest array.prototype.findlastindex@^1.2.6
867 silly packumentCache full:https://registry.npmjs.org/array.prototype.findlastindex cache-miss
868 http fetch GET 200 https://registry.npmjs.org/is-bun-module 250ms (cache miss)
869 silly packumentCache full:https://registry.npmjs.org/is-bun-module set size:undefined disposed:false
870 silly fetch manifest array.prototype.flat@^1.3.3
871 silly packumentCache full:https://registry.npmjs.org/array.prototype.flat cache-miss
872 http fetch GET 200 https://registry.npmjs.org/array-includes 249ms (cache miss)
873 silly packumentCache full:https://registry.npmjs.org/array-includes set size:undefined disposed:false
874 silly fetch manifest array.prototype.flatmap@^1.3.3
875 silly packumentCache full:https://registry.npmjs.org/array.prototype.flatmap cache-miss
876 http fetch GET 200 https://registry.npmjs.org/array.prototype.findlastindex 261ms (cache miss)
877 silly packumentCache full:https://registry.npmjs.org/array.prototype.findlastindex set size:undefined disposed:false
878 silly fetch manifest doctrine@^2.1.0
879 silly packumentCache full:https://registry.npmjs.org/doctrine cache-miss
880 http cache https://registry.npmjs.org/doctrine 4ms (cache hit)
881 silly packumentCache full:https://registry.npmjs.org/doctrine set size:64052 disposed:false
882 silly fetch manifest eslint-module-utils@^2.12.1
883 silly packumentCache full:https://registry.npmjs.org/eslint-module-utils cache-miss
884 http fetch GET 200 https://registry.npmjs.org/array.prototype.flat 255ms (cache miss)
885 silly packumentCache full:https://registry.npmjs.org/array.prototype.flat set size:undefined disposed:false
886 silly fetch manifest hasown@^2.0.2
887 silly packumentCache full:https://registry.npmjs.org/hasown cache-miss
888 http fetch GET 200 https://registry.npmjs.org/@typescript-eslint%2fscope-manager 733ms (cache miss)
889 silly packumentCache full:https://registry.npmjs.org/@typescript-eslint%2fscope-manager set size:undefined disposed:false
890 silly fetch manifest object.fromentries@^2.0.8
891 silly packumentCache full:https://registry.npmjs.org/object.fromentries cache-miss
892 http fetch GET 200 https://registry.npmjs.org/array.prototype.flatmap 249ms (cache miss)
893 silly packumentCache full:https://registry.npmjs.org/array.prototype.flatmap set size:undefined disposed:false
894 silly fetch manifest object.groupby@^1.0.3
895 silly packumentCache full:https://registry.npmjs.org/object.groupby cache-miss
896 http fetch GET 200 https://registry.npmjs.org/eslint-module-utils 245ms (cache miss)
897 silly packumentCache full:https://registry.npmjs.org/eslint-module-utils set size:undefined disposed:false
898 silly fetch manifest object.values@^1.2.1
899 silly packumentCache full:https://registry.npmjs.org/object.values cache-miss
900 http fetch GET 200 https://registry.npmjs.org/hasown 244ms (cache miss)
901 silly packumentCache full:https://registry.npmjs.org/hasown set size:undefined disposed:false
902 silly fetch manifest semver@^6.3.1
903 silly packumentCache full:https://registry.npmjs.org/semver cache-miss
904 http fetch GET 200 https://registry.npmjs.org/semver 26ms (cache miss)
905 silly packumentCache full:https://registry.npmjs.org/semver set size:undefined disposed:false
906 silly fetch manifest string.prototype.trimend@^1.0.9
907 silly packumentCache full:https://registry.npmjs.org/string.prototype.trimend cache-miss
908 http fetch GET 200 https://registry.npmjs.org/string.prototype.trimend 20ms (cache miss)
909 silly packumentCache full:https://registry.npmjs.org/string.prototype.trimend set size:undefined disposed:false
910 silly fetch manifest tsconfig-paths@^3.15.0
911 silly packumentCache full:https://registry.npmjs.org/tsconfig-paths cache-miss
912 http fetch GET 200 https://registry.npmjs.org/@nolyfill%2fis-core-module 805ms (cache miss)
913 silly packumentCache full:https://registry.npmjs.org/@nolyfill%2fis-core-module set size:undefined disposed:false
914 silly fetch manifest aria-query@^5.3.2
915 silly packumentCache full:https://registry.npmjs.org/aria-query cache-miss
916 http fetch GET 200 https://registry.npmjs.org/aria-query 22ms (cache miss)
917 silly packumentCache full:https://registry.npmjs.org/aria-query set size:undefined disposed:false
918 silly fetch manifest array-includes@^3.1.8
919 silly packumentCache full:https://registry.npmjs.org/array-includes cache-miss
920 http cache https://registry.npmjs.org/array-includes 1ms (cache hit)
921 silly packumentCache full:https://registry.npmjs.org/array-includes set size:77143 disposed:false
922 silly fetch manifest array.prototype.flatmap@^1.3.2
923 silly packumentCache full:https://registry.npmjs.org/array.prototype.flatmap cache-miss
924 http cache https://registry.npmjs.org/array.prototype.flatmap 1ms (cache hit)
925 silly packumentCache full:https://registry.npmjs.org/array.prototype.flatmap set size:51458 disposed:false
926 silly fetch manifest ast-types-flow@^0.0.8
927 silly packumentCache full:https://registry.npmjs.org/ast-types-flow cache-miss
928 http fetch GET 200 https://registry.npmjs.org/@rtsao%2fscc 791ms (cache miss)
929 silly packumentCache full:https://registry.npmjs.org/@rtsao%2fscc set size:undefined disposed:false
930 silly fetch manifest axe-core@^4.10.0
931 silly packumentCache full:https://registry.npmjs.org/axe-core cache-miss
932 http fetch GET 200 https://registry.npmjs.org/tsconfig-paths 263ms (cache miss)
933 silly packumentCache full:https://registry.npmjs.org/tsconfig-paths set size:undefined disposed:false
934 silly fetch manifest axobject-query@^4.1.0
935 silly packumentCache full:https://registry.npmjs.org/axobject-query cache-miss
936 http fetch GET 200 https://registry.npmjs.org/ast-types-flow 240ms (cache miss)
937 silly packumentCache full:https://registry.npmjs.org/ast-types-flow set size:undefined disposed:false
938 silly fetch manifest damerau-levenshtein@^1.0.8
939 silly packumentCache full:https://registry.npmjs.org/damerau-levenshtein cache-miss
940 http fetch GET 200 https://registry.npmjs.org/object.fromentries 474ms (cache miss)
941 silly packumentCache full:https://registry.npmjs.org/object.fromentries set size:undefined disposed:false
942 silly fetch manifest emoji-regex@^9.2.2
943 silly packumentCache full:https://registry.npmjs.org/emoji-regex cache-miss
944 http fetch GET 200 https://registry.npmjs.org/emoji-regex 22ms (cache miss)
945 silly packumentCache full:https://registry.npmjs.org/emoji-regex set size:undefined disposed:false
946 silly fetch manifest jsx-ast-utils@^3.3.5
947 silly packumentCache full:https://registry.npmjs.org/jsx-ast-utils cache-miss
948 http fetch GET 200 https://registry.npmjs.org/object.values 491ms (cache miss)
949 silly packumentCache full:https://registry.npmjs.org/object.values set size:undefined disposed:false
950 silly fetch manifest language-tags@^1.0.9
951 silly packumentCache full:https://registry.npmjs.org/language-tags cache-miss
952 http fetch GET 200 https://registry.npmjs.org/axobject-query 265ms (cache miss)
953 silly packumentCache full:https://registry.npmjs.org/axobject-query set size:undefined disposed:false
954 silly fetch manifest safe-regex-test@^1.0.3
955 silly packumentCache full:https://registry.npmjs.org/safe-regex-test cache-miss
956 http fetch GET 200 https://registry.npmjs.org/damerau-levenshtein 249ms (cache miss)
957 silly packumentCache full:https://registry.npmjs.org/damerau-levenshtein set size:undefined disposed:false
958 silly fetch manifest string.prototype.includes@^2.0.1
959 silly packumentCache full:https://registry.npmjs.org/string.prototype.includes cache-miss
960 http fetch GET 200 https://registry.npmjs.org/safe-regex-test 33ms (cache miss)
961 silly packumentCache full:https://registry.npmjs.org/safe-regex-test set size:undefined disposed:false
962 silly fetch manifest array.prototype.findlast@^1.2.5
963 silly packumentCache full:https://registry.npmjs.org/array.prototype.findlast cache-miss
964 http fetch GET 200 https://registry.npmjs.org/object.groupby 663ms (cache miss)
965 silly packumentCache full:https://registry.npmjs.org/object.groupby set size:undefined disposed:false
966 silly fetch manifest array.prototype.tosorted@^1.1.4
967 silly packumentCache full:https://registry.npmjs.org/array.prototype.tosorted cache-miss
968 http fetch GET 200 https://registry.npmjs.org/@typescript-eslint%2ftypescript-estree 1434ms (cache miss)
969 silly packumentCache full:https://registry.npmjs.org/@typescript-eslint%2ftypescript-estree set size:undefined disposed:false
970 silly fetch manifest es-iterator-helpers@^1.2.1
971 silly packumentCache full:https://registry.npmjs.org/es-iterator-helpers cache-miss
972 http fetch GET 200 https://registry.npmjs.org/jsx-ast-utils 241ms (cache miss)
973 silly packumentCache full:https://registry.npmjs.org/jsx-ast-utils set size:undefined disposed:false
974 silly fetch manifest estraverse@^5.3.0
975 silly packumentCache full:https://registry.npmjs.org/estraverse cache-miss
976 http cache https://registry.npmjs.org/estraverse 2ms (cache hit)
977 silly packumentCache full:https://registry.npmjs.org/estraverse set size:62412 disposed:false
978 silly fetch manifest jsx-ast-utils@^2.4.1 || ^3.0.0
979 silly packumentCache full:https://registry.npmjs.org/jsx-ast-utils cache-miss
980 http fetch GET 200 https://registry.npmjs.org/@typescript-eslint%2ftypes 1493ms (cache miss)
981 silly packumentCache full:https://registry.npmjs.org/@typescript-eslint%2ftypes set size:undefined disposed:false
982 silly fetch manifest object.entries@^1.1.9
983 silly packumentCache full:https://registry.npmjs.org/object.entries cache-miss
984 http cache https://registry.npmjs.org/jsx-ast-utils 23ms (cache hit)
985 silly packumentCache full:https://registry.npmjs.org/jsx-ast-utils set size:115998 disposed:false
986 silly fetch manifest prop-types@^15.8.1
987 silly packumentCache full:https://registry.npmjs.org/prop-types cache-miss
988 http fetch GET 200 https://registry.npmjs.org/language-tags 266ms (cache miss)
989 silly packumentCache full:https://registry.npmjs.org/language-tags set size:undefined disposed:false
990 silly fetch manifest resolve@^2.0.0-next.5
991 silly packumentCache full:https://registry.npmjs.org/resolve cache-hit
992 silly fetch manifest string.prototype.matchall@^4.0.12
993 silly packumentCache full:https://registry.npmjs.org/string.prototype.matchall cache-miss
994 http fetch GET 200 https://registry.npmjs.org/@typescript-eslint%2fvisitor-keys 1549ms (cache miss)
995 silly packumentCache full:https://registry.npmjs.org/@typescript-eslint%2fvisitor-keys set size:undefined disposed:false
996 silly fetch manifest string.prototype.repeat@^1.0.0
997 silly packumentCache full:https://registry.npmjs.org/string.prototype.repeat cache-miss
998 http fetch GET 200 https://registry.npmjs.org/axe-core 555ms (cache miss)
999 silly packumentCache full:https://registry.npmjs.org/axe-core set size:undefined disposed:false
1000 http fetch GET 200 https://registry.npmjs.org/string.prototype.includes 245ms (cache miss)
1001 silly packumentCache full:https://registry.npmjs.org/string.prototype.includes set size:undefined disposed:false
1002 http fetch GET 200 https://registry.npmjs.org/array.prototype.findlast 241ms (cache miss)
1003 silly packumentCache full:https://registry.npmjs.org/array.prototype.findlast set size:undefined disposed:false
1004 http fetch GET 200 https://registry.npmjs.org/array.prototype.tosorted 250ms (cache miss)
1005 silly packumentCache full:https://registry.npmjs.org/array.prototype.tosorted set size:undefined disposed:false
1006 http fetch GET 200 https://registry.npmjs.org/es-iterator-helpers 250ms (cache miss)
1007 silly packumentCache full:https://registry.npmjs.org/es-iterator-helpers set size:undefined disposed:false
1008 http fetch GET 200 https://registry.npmjs.org/object.entries 245ms (cache miss)
1009 silly packumentCache full:https://registry.npmjs.org/object.entries set size:undefined disposed:false
1010 http fetch GET 200 https://registry.npmjs.org/string.prototype.matchall 246ms (cache miss)
1011 silly packumentCache full:https://registry.npmjs.org/string.prototype.matchall set size:undefined disposed:false
1012 http fetch GET 200 https://registry.npmjs.org/prop-types 257ms (cache miss)
1013 silly packumentCache full:https://registry.npmjs.org/prop-types set size:undefined disposed:false
1014 http fetch GET 200 https://registry.npmjs.org/string.prototype.repeat 239ms (cache miss)
1015 silly packumentCache full:https://registry.npmjs.org/string.prototype.repeat set size:undefined disposed:false
1016 silly placeDep ROOT glob@10.3.10 OK for: @next/eslint-plugin-next@14.2.3 want: 10.3.10
1017 silly fetch manifest minipass@^5.0.0 || ^6.0.2 || ^7.0.0
1018 silly packumentCache full:https://registry.npmjs.org/minipass cache-miss
1019 silly fetch manifest jackspeak@^2.3.5
1020 silly packumentCache full:https://registry.npmjs.org/jackspeak cache-miss
1021 silly fetch manifest minimatch@^9.0.1
1022 silly packumentCache full:https://registry.npmjs.org/minimatch cache-hit
1023 silly fetch manifest path-scurry@^1.10.1
1024 silly packumentCache full:https://registry.npmjs.org/path-scurry cache-miss
1025 silly fetch manifest foreground-child@^3.1.0
1026 silly packumentCache full:https://registry.npmjs.org/foreground-child cache-miss
1027 http fetch GET 200 https://registry.npmjs.org/foreground-child 19ms (cache miss)
1028 silly packumentCache full:https://registry.npmjs.org/foreground-child set size:undefined disposed:false
1029 http fetch GET 200 https://registry.npmjs.org/path-scurry 24ms (cache miss)
1030 silly packumentCache full:https://registry.npmjs.org/path-scurry set size:undefined disposed:false
1031 http fetch GET 200 https://registry.npmjs.org/jackspeak 25ms (cache miss)
1032 silly packumentCache full:https://registry.npmjs.org/jackspeak set size:undefined disposed:false
1033 http fetch GET 200 https://registry.npmjs.org/minipass 40ms (cache miss)
1034 silly packumentCache full:https://registry.npmjs.org/minipass set size:undefined disposed:false
1035 silly placeDep ROOT @typescript-eslint/scope-manager@7.2.0 OK for: @typescript-eslint/parser@7.2.0 want: 7.2.0
1036 silly placeDep ROOT @typescript-eslint/types@7.2.0 OK for: @typescript-eslint/parser@7.2.0 want: 7.2.0
1037 silly placeDep ROOT @typescript-eslint/typescript-estree@7.2.0 OK for: @typescript-eslint/parser@7.2.0 want: 7.2.0
1038 silly placeDep ROOT @typescript-eslint/visitor-keys@7.2.0 OK for: @typescript-eslint/parser@7.2.0 want: 7.2.0
1039 silly fetch manifest globby@^11.1.0
1040 silly packumentCache full:https://registry.npmjs.org/globby cache-miss
1041 silly fetch manifest semver@^7.5.4
1042 silly packumentCache full:https://registry.npmjs.org/semver cache-miss
1043 silly fetch manifest minimatch@9.0.3
1044 silly packumentCache full:https://registry.npmjs.org/minimatch cache-hit
1045 silly fetch manifest ts-api-utils@^1.0.1
1046 silly packumentCache full:https://registry.npmjs.org/ts-api-utils cache-miss
1047 http cache https://registry.npmjs.org/semver 5ms (cache hit)
1048 silly packumentCache full:https://registry.npmjs.org/semver set size:233058 disposed:false
1049 http fetch GET 200 https://registry.npmjs.org/globby 23ms (cache miss)
1050 silly packumentCache full:https://registry.npmjs.org/globby set size:undefined disposed:false
1051 http fetch GET 200 https://registry.npmjs.org/ts-api-utils 245ms (cache miss)
1052 silly packumentCache full:https://registry.npmjs.org/ts-api-utils set size:undefined disposed:false
1053 silly fetch manifest typescript@>=4.2.0
1054 silly packumentCache full:https://registry.npmjs.org/typescript cache-miss
1055 http cache https://registry.npmjs.org/typescript 12ms (cache hit)
1056 silly packumentCache full:https://registry.npmjs.org/typescript set size:15409943 disposed:false
1057 silly placeDep ROOT globby@11.1.0 OK for: @typescript-eslint/typescript-estree@7.2.0 want: ^11.1.0
1058 silly placeDep node_modules/@typescript-eslint/typescript-estree minimatch@9.0.3 OK for: @typescript-eslint/typescript-estree@7.2.0 want: 9.0.3
1059 silly placeDep ROOT semver@7.8.0 OK for: @typescript-eslint/typescript-estree@7.2.0 want: ^7.5.4
1060 silly placeDep ROOT ts-api-utils@1.4.3 OK for: @typescript-eslint/typescript-estree@7.2.0 want: ^1.0.1
1061 silly fetch manifest slash@^3.0.0
1062 silly packumentCache full:https://registry.npmjs.org/slash cache-miss
1063 silly fetch manifest merge2@^1.4.1
1064 silly packumentCache full:https://registry.npmjs.org/merge2 cache-miss
1065 silly fetch manifest dir-glob@^3.0.1
1066 silly packumentCache full:https://registry.npmjs.org/dir-glob cache-miss
1067 silly fetch manifest fast-glob@^3.2.9
1068 silly packumentCache full:https://registry.npmjs.org/fast-glob cache-miss
1069 silly fetch manifest array-union@^2.1.0
1070 silly packumentCache full:https://registry.npmjs.org/array-union cache-miss
1071 silly fetch manifest brace-expansion@^2.0.1
1072 silly packumentCache full:https://registry.npmjs.org/brace-expansion cache-miss
1073 http cache https://registry.npmjs.org/brace-expansion 3ms (cache hit)
1074 silly packumentCache full:https://registry.npmjs.org/brace-expansion set size:70654 disposed:false
1075 http cache https://registry.npmjs.org/fast-glob 3ms (cache hit)
1076 silly packumentCache full:https://registry.npmjs.org/fast-glob set size:220556 disposed:false
1077 http fetch GET 200 https://registry.npmjs.org/array-union 18ms (cache miss)
1078 silly packumentCache full:https://registry.npmjs.org/array-union set size:undefined disposed:false
1079 http fetch GET 200 https://registry.npmjs.org/merge2 19ms (cache miss)
1080 silly packumentCache full:https://registry.npmjs.org/merge2 set size:undefined disposed:false
1081 http fetch GET 200 https://registry.npmjs.org/dir-glob 243ms (cache miss)
1082 silly packumentCache full:https://registry.npmjs.org/dir-glob set size:undefined disposed:false
1083 http fetch GET 200 https://registry.npmjs.org/slash 254ms (cache miss)
1084 silly packumentCache full:https://registry.npmjs.org/slash set size:undefined disposed:false
1085 silly placeDep node_modules/eslint-import-resolver-node debug@3.2.7 OK for: eslint-import-resolver-node@0.3.10 want: ^3.2.7
1086 silly placeDep ROOT is-core-module@2.16.2 OK for: eslint-import-resolver-node@0.3.10 want: ^2.16.1
1087 silly placeDep ROOT resolve@2.0.0-next.7 OK for: eslint-import-resolver-node@0.3.10 want: ^2.0.0-next.6
1088 silly fetch manifest hasown@^2.0.3
1089 silly packumentCache full:https://registry.npmjs.org/hasown cache-miss
1090 silly fetch manifest es-errors@^1.3.0
1091 silly packumentCache full:https://registry.npmjs.org/es-errors cache-miss
1092 silly fetch manifest node-exports-info@^1.6.0
1093 silly packumentCache full:https://registry.npmjs.org/node-exports-info cache-miss
1094 silly fetch manifest object-keys@^1.1.1
1095 silly packumentCache full:https://registry.npmjs.org/object-keys cache-miss
1096 silly fetch manifest path-parse@^1.0.7
1097 silly packumentCache full:https://registry.npmjs.org/path-parse cache-miss
1098 silly fetch manifest supports-preserve-symlinks-flag@^1.0.0
1099 silly packumentCache full:https://registry.npmjs.org/supports-preserve-symlinks-flag cache-miss
1100 http cache https://registry.npmjs.org/hasown 2ms (cache hit)
1101 silly packumentCache full:https://registry.npmjs.org/hasown set size:15429 disposed:false
1102 http fetch GET 200 https://registry.npmjs.org/path-parse 16ms (cache miss)
1103 silly packumentCache full:https://registry.npmjs.org/path-parse set size:undefined disposed:false
1104 http fetch GET 200 https://registry.npmjs.org/object-keys 19ms (cache miss)
1105 silly packumentCache full:https://registry.npmjs.org/object-keys set size:undefined disposed:false
1106 http fetch GET 200 https://registry.npmjs.org/supports-preserve-symlinks-flag 20ms (cache miss)
1107 silly packumentCache full:https://registry.npmjs.org/supports-preserve-symlinks-flag set size:undefined disposed:false
1108 http fetch GET 200 https://registry.npmjs.org/es-errors 20ms (cache miss)
1109 silly packumentCache full:https://registry.npmjs.org/es-errors set size:undefined disposed:false
1110 http fetch GET 200 https://registry.npmjs.org/node-exports-info 252ms (cache miss)
1111 silly packumentCache full:https://registry.npmjs.org/node-exports-info set size:undefined disposed:false
1112 silly placeDep ROOT @nolyfill/is-core-module@1.0.39 OK for: eslint-import-resolver-typescript@3.10.1 want: 1.0.39
1113 silly placeDep ROOT get-tsconfig@4.14.0 OK for: eslint-import-resolver-typescript@3.10.1 want: ^4.10.0
1114 silly placeDep ROOT is-bun-module@2.0.0 OK for: eslint-import-resolver-typescript@3.10.1 want: ^2.0.0
1115 silly placeDep ROOT stable-hash@0.0.5 OK for: eslint-import-resolver-typescript@3.10.1 want: ^0.0.5
1116 silly placeDep ROOT tinyglobby@0.2.16 OK for: eslint-import-resolver-typescript@3.10.1 want: ^0.2.13
1117 silly placeDep ROOT unrs-resolver@1.11.1 OK for: eslint-import-resolver-typescript@3.10.1 want: ^1.6.2
1118 silly fetch manifest resolve-pkg-maps@^1.0.0
1119 silly packumentCache full:https://registry.npmjs.org/resolve-pkg-maps cache-miss
1120 silly fetch manifest fdir@^6.5.0
1121 silly packumentCache full:https://registry.npmjs.org/fdir cache-miss
1122 silly fetch manifest picomatch@^4.0.4
1123 silly packumentCache full:https://registry.npmjs.org/picomatch cache-miss
1124 silly fetch manifest napi-postinstall@^0.3.0
1125 silly packumentCache full:https://registry.npmjs.org/napi-postinstall cache-miss
1126 silly fetch manifest @unrs/resolver-binding-win32-x64-msvc@1.11.1
1127 silly packumentCache full:https://registry.npmjs.org/@unrs%2fresolver-binding-win32-x64-msvc cache-miss
1128 silly fetch manifest @unrs/resolver-binding-win32-arm64-msvc@1.11.1
1129 silly packumentCache full:https://registry.npmjs.org/@unrs%2fresolver-binding-win32-arm64-msvc cache-miss
1130 silly fetch manifest @unrs/resolver-binding-win32-ia32-msvc@1.11.1
1131 silly packumentCache full:https://registry.npmjs.org/@unrs%2fresolver-binding-win32-ia32-msvc cache-miss
1132 silly fetch manifest @unrs/resolver-binding-linux-x64-gnu@1.11.1
1133 silly packumentCache full:https://registry.npmjs.org/@unrs%2fresolver-binding-linux-x64-gnu cache-miss
1134 silly fetch manifest @unrs/resolver-binding-linux-x64-musl@1.11.1
1135 silly packumentCache full:https://registry.npmjs.org/@unrs%2fresolver-binding-linux-x64-musl cache-miss
1136 http fetch GET 200 https://registry.npmjs.org/napi-postinstall 24ms (cache miss)
1137 silly packumentCache full:https://registry.npmjs.org/napi-postinstall set size:undefined disposed:false
1138 silly fetch manifest @unrs/resolver-binding-freebsd-x64@1.11.1
1139 silly packumentCache full:https://registry.npmjs.org/@unrs%2fresolver-binding-freebsd-x64 cache-miss
1140 http fetch GET 200 https://registry.npmjs.org/fdir 25ms (cache miss)
1141 silly packumentCache full:https://registry.npmjs.org/fdir set size:undefined disposed:false
1142 silly fetch manifest @unrs/resolver-binding-android-arm64@1.11.1
1143 silly packumentCache full:https://registry.npmjs.org/@unrs%2fresolver-binding-android-arm64 cache-miss
1144 http fetch GET 200 https://registry.npmjs.org/picomatch 26ms (cache miss)
1145 silly packumentCache full:https://registry.npmjs.org/picomatch set size:undefined disposed:false
1146 silly fetch manifest @unrs/resolver-binding-linux-arm64-gnu@1.11.1
1147 silly packumentCache full:https://registry.npmjs.org/@unrs%2fresolver-binding-linux-arm64-gnu cache-miss
1148 http fetch GET 200 https://registry.npmjs.org/@unrs%2fresolver-binding-linux-x64-musl 28ms (cache miss)
1149 silly packumentCache full:https://registry.npmjs.org/@unrs%2fresolver-binding-linux-x64-musl set size:undefined disposed:false
1150 silly fetch manifest @unrs/resolver-binding-linux-arm64-musl@1.11.1
1151 silly packumentCache full:https://registry.npmjs.org/@unrs%2fresolver-binding-linux-arm64-musl cache-miss
1152 http fetch GET 200 https://registry.npmjs.org/@unrs%2fresolver-binding-win32-arm64-msvc 29ms (cache miss)
1153 silly packumentCache full:https://registry.npmjs.org/@unrs%2fresolver-binding-win32-arm64-msvc set size:undefined disposed:false
1154 silly fetch manifest @unrs/resolver-binding-android-arm-eabi@1.11.1
1155 silly packumentCache full:https://registry.npmjs.org/@unrs%2fresolver-binding-android-arm-eabi cache-miss
1156 http fetch GET 200 https://registry.npmjs.org/@unrs%2fresolver-binding-win32-x64-msvc 30ms (cache miss)
1157 silly packumentCache full:https://registry.npmjs.org/@unrs%2fresolver-binding-win32-x64-msvc set size:undefined disposed:false
1158 silly fetch manifest @unrs/resolver-binding-linux-arm-gnueabihf@1.11.1
1159 silly packumentCache full:https://registry.npmjs.org/@unrs%2fresolver-binding-linux-arm-gnueabihf cache-miss
1160 http fetch GET 200 https://registry.npmjs.org/@unrs%2fresolver-binding-linux-x64-gnu 31ms (cache miss)
1161 silly packumentCache full:https://registry.npmjs.org/@unrs%2fresolver-binding-linux-x64-gnu set size:undefined disposed:false
1162 silly fetch manifest @unrs/resolver-binding-linux-arm-musleabihf@1.11.1
1163 silly packumentCache full:https://registry.npmjs.org/@unrs%2fresolver-binding-linux-arm-musleabihf cache-miss
1164 http fetch GET 200 https://registry.npmjs.org/@unrs%2fresolver-binding-win32-ia32-msvc 31ms (cache miss)
1165 silly packumentCache full:https://registry.npmjs.org/@unrs%2fresolver-binding-win32-ia32-msvc set size:undefined disposed:false
1166 silly fetch manifest @unrs/resolver-binding-linux-ppc64-gnu@1.11.1
1167 silly packumentCache full:https://registry.npmjs.org/@unrs%2fresolver-binding-linux-ppc64-gnu cache-miss
1168 http fetch GET 200 https://registry.npmjs.org/@unrs%2fresolver-binding-android-arm64 26ms (cache miss)
1169 silly packumentCache full:https://registry.npmjs.org/@unrs%2fresolver-binding-android-arm64 set size:undefined disposed:false
1170 silly fetch manifest @unrs/resolver-binding-linux-riscv64-gnu@1.11.1
1171 silly packumentCache full:https://registry.npmjs.org/@unrs%2fresolver-binding-linux-riscv64-gnu cache-miss
1172 http fetch GET 200 https://registry.npmjs.org/@unrs%2fresolver-binding-android-arm-eabi 25ms (cache miss)
1173 silly packumentCache full:https://registry.npmjs.org/@unrs%2fresolver-binding-android-arm-eabi set size:undefined disposed:false
1174 silly fetch manifest @unrs/resolver-binding-linux-riscv64-musl@1.11.1
1175 silly packumentCache full:https://registry.npmjs.org/@unrs%2fresolver-binding-linux-riscv64-musl cache-miss
1176 http fetch GET 200 https://registry.npmjs.org/@unrs%2fresolver-binding-linux-arm64-gnu 29ms (cache miss)
1177 silly packumentCache full:https://registry.npmjs.org/@unrs%2fresolver-binding-linux-arm64-gnu set size:undefined disposed:false
1178 silly fetch manifest @unrs/resolver-binding-linux-s390x-gnu@1.11.1
1179 silly packumentCache full:https://registry.npmjs.org/@unrs%2fresolver-binding-linux-s390x-gnu cache-miss
1180 http fetch GET 200 https://registry.npmjs.org/@unrs%2fresolver-binding-linux-arm-gnueabihf 28ms (cache miss)
1181 silly packumentCache full:https://registry.npmjs.org/@unrs%2fresolver-binding-linux-arm-gnueabihf set size:undefined disposed:false
1182 silly fetch manifest @unrs/resolver-binding-darwin-x64@1.11.1
1183 silly packumentCache full:https://registry.npmjs.org/@unrs%2fresolver-binding-darwin-x64 cache-miss
1184 http fetch GET 200 https://registry.npmjs.org/@unrs%2fresolver-binding-linux-arm-musleabihf 28ms (cache miss)
1185 silly packumentCache full:https://registry.npmjs.org/@unrs%2fresolver-binding-linux-arm-musleabihf set size:undefined disposed:false
1186 silly fetch manifest @unrs/resolver-binding-darwin-arm64@1.11.1
1187 silly packumentCache full:https://registry.npmjs.org/@unrs%2fresolver-binding-darwin-arm64 cache-miss
1188 http fetch GET 200 https://registry.npmjs.org/@unrs%2fresolver-binding-freebsd-x64 35ms (cache miss)
1189 silly packumentCache full:https://registry.npmjs.org/@unrs%2fresolver-binding-freebsd-x64 set size:undefined disposed:false
1190 silly fetch manifest @unrs/resolver-binding-wasm32-wasi@1.11.1
1191 silly packumentCache full:https://registry.npmjs.org/@unrs%2fresolver-binding-wasm32-wasi cache-miss
1192 http fetch GET 200 https://registry.npmjs.org/@unrs%2fresolver-binding-linux-arm64-musl 32ms (cache miss)
1193 silly packumentCache full:https://registry.npmjs.org/@unrs%2fresolver-binding-linux-arm64-musl set size:undefined disposed:false
1194 http fetch GET 200 https://registry.npmjs.org/@unrs%2fresolver-binding-linux-ppc64-gnu 32ms (cache miss)
1195 silly packumentCache full:https://registry.npmjs.org/@unrs%2fresolver-binding-linux-ppc64-gnu set size:undefined disposed:false
1196 http fetch GET 200 https://registry.npmjs.org/@unrs%2fresolver-binding-linux-riscv64-gnu 24ms (cache miss)
1197 silly packumentCache full:https://registry.npmjs.org/@unrs%2fresolver-binding-linux-riscv64-gnu set size:undefined disposed:false
1198 http fetch GET 200 https://registry.npmjs.org/@unrs%2fresolver-binding-linux-riscv64-musl 24ms (cache miss)
1199 silly packumentCache full:https://registry.npmjs.org/@unrs%2fresolver-binding-linux-riscv64-musl set size:undefined disposed:false
1200 http fetch GET 200 https://registry.npmjs.org/@unrs%2fresolver-binding-linux-s390x-gnu 29ms (cache miss)
1201 silly packumentCache full:https://registry.npmjs.org/@unrs%2fresolver-binding-linux-s390x-gnu set size:undefined disposed:false
1202 http fetch GET 200 https://registry.npmjs.org/@unrs%2fresolver-binding-darwin-x64 27ms (cache miss)
1203 silly packumentCache full:https://registry.npmjs.org/@unrs%2fresolver-binding-darwin-x64 set size:undefined disposed:false
1204 http fetch GET 200 https://registry.npmjs.org/@unrs%2fresolver-binding-darwin-arm64 29ms (cache miss)
1205 silly packumentCache full:https://registry.npmjs.org/@unrs%2fresolver-binding-darwin-arm64 set size:undefined disposed:false
1206 http fetch GET 200 https://registry.npmjs.org/@unrs%2fresolver-binding-wasm32-wasi 33ms (cache miss)
1207 silly packumentCache full:https://registry.npmjs.org/@unrs%2fresolver-binding-wasm32-wasi set size:undefined disposed:false
1208 http fetch GET 200 https://registry.npmjs.org/resolve-pkg-maps 243ms (cache miss)
1209 silly packumentCache full:https://registry.npmjs.org/resolve-pkg-maps set size:undefined disposed:false
1210 silly placeDep ROOT @rtsao/scc@1.1.0 OK for: eslint-plugin-import@2.32.0 want: ^1.1.0
1211 silly placeDep ROOT array-includes@3.1.9 OK for: eslint-plugin-import@2.32.0 want: ^3.1.9
1212 silly placeDep ROOT array.prototype.findlastindex@1.2.6 OK for: eslint-plugin-import@2.32.0 want: ^1.2.6
1213 silly placeDep ROOT array.prototype.flat@1.3.3 OK for: eslint-plugin-import@2.32.0 want: ^1.3.3
1214 silly placeDep ROOT array.prototype.flatmap@1.3.3 OK for: eslint-plugin-import@2.32.0 want: ^1.3.3
1215 silly placeDep node_modules/eslint-plugin-import debug@3.2.7 OK for: eslint-plugin-import@2.32.0 want: ^3.2.7
1216 silly placeDep node_modules/eslint-plugin-import doctrine@2.1.0 OK for: eslint-plugin-import@2.32.0 want: ^2.1.0
1217 silly placeDep ROOT eslint-module-utils@2.12.1 OK for: eslint-plugin-import@2.32.0 want: ^2.12.1
1218 silly placeDep ROOT hasown@2.0.3 OK for: eslint-plugin-import@2.32.0 want: ^2.0.2
1219 silly placeDep ROOT object.fromentries@2.0.8 OK for: eslint-plugin-import@2.32.0 want: ^2.0.8
1220 silly placeDep ROOT object.groupby@1.0.3 OK for: eslint-plugin-import@2.32.0 want: ^1.0.3
1221 silly placeDep ROOT object.values@1.2.1 OK for: eslint-plugin-import@2.32.0 want: ^1.2.1
1222 silly placeDep node_modules/eslint-plugin-import semver@6.3.1 OK for: eslint-plugin-import@2.32.0 want: ^6.3.1
1223 silly placeDep ROOT string.prototype.trimend@1.0.9 OK for: eslint-plugin-import@2.32.0 want: ^1.0.9
1224 silly placeDep ROOT tsconfig-paths@3.15.0 OK for: eslint-plugin-import@2.32.0 want: ^3.15.0
1225 silly fetch manifest call-bind@^1.0.8
1226 silly packumentCache full:https://registry.npmjs.org/call-bind cache-miss
1227 silly fetch manifest call-bound@^1.0.4
1228 silly packumentCache full:https://registry.npmjs.org/call-bound cache-miss
1229 silly fetch manifest define-properties@^1.2.1
1230 silly packumentCache full:https://registry.npmjs.org/define-properties cache-miss
1231 silly fetch manifest es-abstract@^1.24.0
1232 silly packumentCache full:https://registry.npmjs.org/es-abstract cache-miss
1233 silly fetch manifest es-object-atoms@^1.1.1
1234 silly packumentCache full:https://registry.npmjs.org/es-object-atoms cache-miss
1235 silly fetch manifest get-intrinsic@^1.3.0
1236 silly packumentCache full:https://registry.npmjs.org/get-intrinsic cache-miss
1237 silly fetch manifest is-string@^1.1.1
1238 silly packumentCache full:https://registry.npmjs.org/is-string cache-miss
1239 silly fetch manifest math-intrinsics@^1.1.0
1240 silly packumentCache full:https://registry.npmjs.org/math-intrinsics cache-miss
1241 silly fetch manifest call-bind@^1.0.8
1242 silly packumentCache full:https://registry.npmjs.org/call-bind cache-miss
1243 http fetch GET 200 https://registry.npmjs.org/is-string 19ms (cache miss)
1244 silly packumentCache full:https://registry.npmjs.org/is-string set size:undefined disposed:false
1245 silly fetch manifest call-bound@^1.0.4
1246 silly packumentCache full:https://registry.npmjs.org/call-bound cache-miss
1247 http fetch GET 200 https://registry.npmjs.org/es-object-atoms 20ms (cache miss)
1248 silly packumentCache full:https://registry.npmjs.org/es-object-atoms set size:undefined disposed:false
1249 silly fetch manifest define-properties@^1.2.1
1250 silly packumentCache full:https://registry.npmjs.org/define-properties cache-miss
1251 http fetch GET 200 https://registry.npmjs.org/math-intrinsics 22ms (cache miss)
1252 silly packumentCache full:https://registry.npmjs.org/math-intrinsics set size:undefined disposed:false
1253 silly fetch manifest es-abstract@^1.23.9
1254 silly packumentCache full:https://registry.npmjs.org/es-abstract cache-miss
1255 http fetch GET 200 https://registry.npmjs.org/define-properties 23ms (cache miss)
1256 silly packumentCache full:https://registry.npmjs.org/define-properties set size:undefined disposed:false
1257 silly fetch manifest es-shim-unscopables@^1.1.0
1258 silly packumentCache full:https://registry.npmjs.org/es-shim-unscopables cache-miss
1259 http fetch GET 200 https://registry.npmjs.org/es-abstract 31ms (cache miss)
1260 silly packumentCache full:https://registry.npmjs.org/es-abstract set size:undefined disposed:false
1261 silly fetch manifest call-bind@^1.0.8
1262 silly packumentCache full:https://registry.npmjs.org/call-bind cache-miss
1263 http fetch GET 200 https://registry.npmjs.org/define-properties 14ms (cache miss)
1264 silly packumentCache full:https://registry.npmjs.org/define-properties set size:undefined disposed:false
1265 silly fetch manifest es-abstract@^1.23.5
1266 silly packumentCache full:https://registry.npmjs.org/es-abstract cache-miss
1267 http cache https://registry.npmjs.org/es-abstract 2ms (cache hit)
1268 silly packumentCache full:https://registry.npmjs.org/es-abstract set size:384124 disposed:false
1269 silly fetch manifest es-shim-unscopables@^1.0.2
1270 silly packumentCache full:https://registry.npmjs.org/es-shim-unscopables cache-miss
1271 http fetch GET 200 https://registry.npmjs.org/es-abstract 24ms (cache miss)
1272 silly packumentCache full:https://registry.npmjs.org/es-abstract set size:undefined disposed:false
1273 silly packumentCache full:https://registry.npmjs.org/es-abstract dispose
1274 silly fetch manifest call-bind@^1.0.8
1275 silly packumentCache full:https://registry.npmjs.org/call-bind cache-miss
1276 http fetch GET 200 https://registry.npmjs.org/get-intrinsic 248ms (cache miss)
1277 silly packumentCache full:https://registry.npmjs.org/get-intrinsic set size:undefined disposed:false
1278 silly fetch manifest es-shim-unscopables@^1.0.2
1279 silly packumentCache full:https://registry.npmjs.org/es-shim-unscopables cache-miss
1280 http fetch GET 200 https://registry.npmjs.org/call-bound 251ms (cache miss)
1281 silly packumentCache full:https://registry.npmjs.org/call-bound set size:undefined disposed:false
1282 silly fetch manifest function-bind@^1.1.2
1283 silly packumentCache full:https://registry.npmjs.org/function-bind cache-miss
1284 http fetch GET 200 https://registry.npmjs.org/call-bound 233ms (cache miss)
1285 silly packumentCache full:https://registry.npmjs.org/call-bound set size:undefined disposed:false
1286 silly fetch manifest call-bind@^1.0.7
1287 silly packumentCache full:https://registry.npmjs.org/call-bind cache-miss
1288 http fetch GET 200 https://registry.npmjs.org/call-bind 254ms (cache miss)
1289 silly packumentCache full:https://registry.npmjs.org/call-bind set size:undefined disposed:false
1290 silly fetch manifest es-abstract@^1.23.2
1291 silly packumentCache full:https://registry.npmjs.org/es-abstract cache-miss
1292 http fetch GET 200 https://registry.npmjs.org/call-bind 221ms (cache miss)
1293 silly packumentCache full:https://registry.npmjs.org/call-bind set size:undefined disposed:false
1294 silly fetch manifest es-object-atoms@^1.0.0
1295 silly packumentCache full:https://registry.npmjs.org/es-object-atoms cache-miss
1296 http fetch GET 200 https://registry.npmjs.org/call-bind 255ms (cache miss)
1297 silly packumentCache full:https://registry.npmjs.org/call-bind set size:undefined disposed:false
1298 silly fetch manifest call-bind@^1.0.7
1299 silly packumentCache full:https://registry.npmjs.org/call-bind cache-miss
1300 http fetch GET 200 https://registry.npmjs.org/call-bind 207ms (cache miss)
1301 silly packumentCache full:https://registry.npmjs.org/call-bind set size:undefined disposed:false
1302 silly fetch manifest es-abstract@^1.23.2
1303 silly packumentCache full:https://registry.npmjs.org/es-abstract cache-miss
1304 http cache https://registry.npmjs.org/es-object-atoms 2ms (cache hit)
1305 silly packumentCache full:https://registry.npmjs.org/es-object-atoms set size:15304 disposed:false
1306 silly fetch manifest call-bound@^1.0.3
1307 silly packumentCache full:https://registry.npmjs.org/call-bound cache-miss
1308 http cache https://registry.npmjs.org/call-bind 3ms (cache hit)
1309 silly packumentCache full:https://registry.npmjs.org/call-bind set size:32985 disposed:false
1310 silly fetch manifest call-bound@^1.0.2
1311 silly packumentCache full:https://registry.npmjs.org/call-bound cache-miss
1312 http cache https://registry.npmjs.org/es-abstract 5ms (cache hit)
1313 silly packumentCache full:https://registry.npmjs.org/es-abstract set size:384124 disposed:true
1314 silly fetch manifest json5@^1.0.2
1315 silly packumentCache full:https://registry.npmjs.org/json5 cache-miss
1316 http cache https://registry.npmjs.org/es-abstract 5ms (cache hit)
1317 silly packumentCache full:https://registry.npmjs.org/es-abstract set size:384124 disposed:false
1318 silly packumentCache full:https://registry.npmjs.org/es-abstract dispose
1319 silly fetch manifest minimist@^1.2.6
1320 silly packumentCache full:https://registry.npmjs.org/minimist cache-miss
1321 http cache https://registry.npmjs.org/call-bound 6ms (cache hit)
1322 silly packumentCache full:https://registry.npmjs.org/call-bound set size:15317 disposed:false
1323 silly fetch manifest strip-bom@^3.0.0
1324 silly packumentCache full:https://registry.npmjs.org/strip-bom cache-miss
1325 http cache https://registry.npmjs.org/call-bound 6ms (cache hit)
1326 silly packumentCache full:https://registry.npmjs.org/call-bound set size:15317 disposed:false
1327 silly packumentCache full:https://registry.npmjs.org/call-bound dispose
1328 silly fetch manifest @types/json5@^0.0.29
1329 silly packumentCache full:https://registry.npmjs.org/@types%2fjson5 cache-miss
1330 http fetch GET 200 https://registry.npmjs.org/function-bind 16ms (cache miss)
1331 silly packumentCache full:https://registry.npmjs.org/function-bind set size:undefined disposed:false
1332 http fetch GET 200 https://registry.npmjs.org/call-bind 17ms (cache miss)
1333 silly packumentCache full:https://registry.npmjs.org/call-bind set size:undefined disposed:false
1334 silly packumentCache full:https://registry.npmjs.org/call-bind dispose
1335 http fetch GET 200 https://registry.npmjs.org/strip-bom 15ms (cache miss)
1336 silly packumentCache full:https://registry.npmjs.org/strip-bom set size:undefined disposed:false
1337 http fetch GET 200 https://registry.npmjs.org/json5 20ms (cache miss)
1338 silly packumentCache full:https://registry.npmjs.org/json5 set size:undefined disposed:false
1339 http fetch GET 200 https://registry.npmjs.org/minimist 19ms (cache miss)
1340 silly packumentCache full:https://registry.npmjs.org/minimist set size:undefined disposed:false
1341 http fetch GET 200 https://registry.npmjs.org/es-shim-unscopables 498ms (cache miss)
1342 silly packumentCache full:https://registry.npmjs.org/es-shim-unscopables set size:undefined disposed:false
1343 http fetch GET 200 https://registry.npmjs.org/es-shim-unscopables 710ms (cache miss)
1344 silly packumentCache full:https://registry.npmjs.org/es-shim-unscopables set size:undefined disposed:false
1345 http fetch GET 200 https://registry.npmjs.org/es-shim-unscopables 725ms (cache miss)
1346 silly packumentCache full:https://registry.npmjs.org/es-shim-unscopables set size:undefined disposed:false
1347 http fetch GET 200 https://registry.npmjs.org/@types%2fjson5 485ms (cache miss)
1348 silly packumentCache full:https://registry.npmjs.org/@types%2fjson5 set size:undefined disposed:false
1349 silly placeDep ROOT call-bind@1.0.9 OK for: array-includes@3.1.9 want: ^1.0.8
1350 silly placeDep ROOT call-bound@1.0.4 OK for: array-includes@3.1.9 want: ^1.0.4
1351 silly placeDep ROOT define-properties@1.2.1 OK for: array-includes@3.1.9 want: ^1.2.1
1352 silly placeDep ROOT es-abstract@1.24.2 OK for: array-includes@3.1.9 want: ^1.24.0
1353 silly placeDep ROOT es-object-atoms@1.1.1 OK for: array-includes@3.1.9 want: ^1.1.1
1354 silly placeDep ROOT get-intrinsic@1.3.0 OK for: array-includes@3.1.9 want: ^1.3.0
1355 silly placeDep ROOT is-string@1.1.1 OK for: array-includes@3.1.9 want: ^1.1.1
1356 silly placeDep ROOT math-intrinsics@1.1.0 OK for: array-includes@3.1.9 want: ^1.1.0
1357 silly fetch manifest call-bind-apply-helpers@^1.0.2
1358 silly packumentCache full:https://registry.npmjs.org/call-bind-apply-helpers cache-miss
1359 silly fetch manifest es-define-property@^1.0.1
1360 silly packumentCache full:https://registry.npmjs.org/es-define-property cache-miss
1361 silly fetch manifest set-function-length@^1.2.2
1362 silly packumentCache full:https://registry.npmjs.org/set-function-length cache-miss
1363 silly fetch manifest call-bind-apply-helpers@^1.0.2
1364 silly packumentCache full:https://registry.npmjs.org/call-bind-apply-helpers cache-miss
1365 silly fetch manifest define-data-property@^1.0.1
1366 silly packumentCache full:https://registry.npmjs.org/define-data-property cache-miss
1367 silly fetch manifest has-property-descriptors@^1.0.0
1368 silly packumentCache full:https://registry.npmjs.org/has-property-descriptors cache-miss
1369 silly fetch manifest array-buffer-byte-length@^1.0.2
1370 silly packumentCache full:https://registry.npmjs.org/array-buffer-byte-length cache-miss
1371 silly fetch manifest arraybuffer.prototype.slice@^1.0.4
1372 silly packumentCache full:https://registry.npmjs.org/arraybuffer.prototype.slice cache-miss
1373 silly fetch manifest available-typed-arrays@^1.0.7
1374 silly packumentCache full:https://registry.npmjs.org/available-typed-arrays cache-miss
1375 http fetch GET 200 https://registry.npmjs.org/define-data-property 16ms (cache miss)
1376 silly packumentCache full:https://registry.npmjs.org/define-data-property set size:undefined disposed:false
1377 silly fetch manifest data-view-buffer@^1.0.2
1378 silly packumentCache full:https://registry.npmjs.org/data-view-buffer cache-miss
1379 http fetch GET 200 https://registry.npmjs.org/has-property-descriptors 19ms (cache miss)
1380 silly packumentCache full:https://registry.npmjs.org/has-property-descriptors set size:undefined disposed:false
1381 silly fetch manifest data-view-byte-length@^1.0.2
1382 silly packumentCache full:https://registry.npmjs.org/data-view-byte-length cache-miss
1383 http fetch GET 200 https://registry.npmjs.org/arraybuffer.prototype.slice 21ms (cache miss)
1384 silly packumentCache full:https://registry.npmjs.org/arraybuffer.prototype.slice set size:undefined disposed:false
1385 silly fetch manifest data-view-byte-offset@^1.0.1
1386 silly packumentCache full:https://registry.npmjs.org/data-view-byte-offset cache-miss
1387 http fetch GET 200 https://registry.npmjs.org/set-function-length 244ms (cache miss)
1388 silly packumentCache full:https://registry.npmjs.org/set-function-length set size:undefined disposed:false
1389 silly fetch manifest es-define-property@^1.0.1
1390 silly packumentCache full:https://registry.npmjs.org/es-define-property cache-miss
1391 http fetch GET 200 https://registry.npmjs.org/es-define-property 244ms (cache miss)
1392 silly packumentCache full:https://registry.npmjs.org/es-define-property set size:undefined disposed:false
1393 silly fetch manifest es-set-tostringtag@^2.1.0
1394 silly packumentCache full:https://registry.npmjs.org/es-set-tostringtag cache-miss
1395 http fetch GET 200 https://registry.npmjs.org/array-buffer-byte-length 247ms (cache miss)
1396 silly packumentCache full:https://registry.npmjs.org/array-buffer-byte-length set size:undefined disposed:false
1397 silly fetch manifest es-to-primitive@^1.3.0
1398 silly packumentCache full:https://registry.npmjs.org/es-to-primitive cache-miss
1399 http cache https://registry.npmjs.org/es-define-property 4ms (cache hit)
1400 silly packumentCache full:https://registry.npmjs.org/es-define-property set size:8542 disposed:false
1401 silly fetch manifest function.prototype.name@^1.1.8
1402 silly packumentCache full:https://registry.npmjs.org/function.prototype.name cache-miss
1403 http fetch GET 200 https://registry.npmjs.org/available-typed-arrays 249ms (cache miss)
1404 silly packumentCache full:https://registry.npmjs.org/available-typed-arrays set size:undefined disposed:false
1405 silly fetch manifest get-proto@^1.0.1
1406 silly packumentCache full:https://registry.npmjs.org/get-proto cache-miss
1407 http fetch GET 200 https://registry.npmjs.org/call-bind-apply-helpers 252ms (cache miss)
1408 silly packumentCache full:https://registry.npmjs.org/call-bind-apply-helpers set size:undefined disposed:false
1409 silly fetch manifest get-symbol-description@^1.1.0
1410 silly packumentCache full:https://registry.npmjs.org/get-symbol-description cache-miss
1411 http fetch GET 200 https://registry.npmjs.org/call-bind-apply-helpers 251ms (cache miss)
1412 silly packumentCache full:https://registry.npmjs.org/call-bind-apply-helpers set size:undefined disposed:false
1413 silly fetch manifest globalthis@^1.0.4
1414 silly packumentCache full:https://registry.npmjs.org/globalthis cache-miss
1415 http fetch GET 200 https://registry.npmjs.org/data-view-byte-length 237ms (cache miss)
1416 silly packumentCache full:https://registry.npmjs.org/data-view-byte-length set size:undefined disposed:false
1417 silly fetch manifest gopd@^1.2.0
1418 silly packumentCache full:https://registry.npmjs.org/gopd cache-miss
1419 http fetch GET 200 https://registry.npmjs.org/data-view-buffer 244ms (cache miss)
1420 silly packumentCache full:https://registry.npmjs.org/data-view-buffer set size:undefined disposed:false
1421 silly fetch manifest has-property-descriptors@^1.0.2
1422 silly packumentCache full:https://registry.npmjs.org/has-property-descriptors cache-miss
1423 http cache https://registry.npmjs.org/has-property-descriptors 1ms (cache hit)
1424 silly packumentCache full:https://registry.npmjs.org/has-property-descriptors set size:12452 disposed:false
1425 silly fetch manifest has-proto@^1.2.0
1426 silly packumentCache full:https://registry.npmjs.org/has-proto cache-miss
1427 http fetch GET 200 https://registry.npmjs.org/data-view-byte-offset 243ms (cache miss)
1428 silly packumentCache full:https://registry.npmjs.org/data-view-byte-offset set size:undefined disposed:false
1429 silly fetch manifest has-symbols@^1.1.0
1430 silly packumentCache full:https://registry.npmjs.org/has-symbols cache-miss
1431 http fetch GET 200 https://registry.npmjs.org/es-to-primitive 18ms (cache miss)
1432 silly packumentCache full:https://registry.npmjs.org/es-to-primitive set size:undefined disposed:false
1433 silly fetch manifest internal-slot@^1.1.0
1434 silly packumentCache full:https://registry.npmjs.org/internal-slot cache-miss
1435 http fetch GET 200 https://registry.npmjs.org/get-proto 17ms (cache miss)
1436 silly packumentCache full:https://registry.npmjs.org/get-proto set size:undefined disposed:false
1437 silly fetch manifest is-array-buffer@^3.0.5
1438 silly packumentCache full:https://registry.npmjs.org/is-array-buffer cache-miss
1439 http fetch GET 200 https://registry.npmjs.org/globalthis 16ms (cache miss)
1440 silly packumentCache full:https://registry.npmjs.org/globalthis set size:undefined disposed:false
1441 silly fetch manifest is-callable@^1.2.7
1442 silly packumentCache full:https://registry.npmjs.org/is-callable cache-miss
1443 http fetch GET 200 https://registry.npmjs.org/get-symbol-description 16ms (cache miss)
1444 silly packumentCache full:https://registry.npmjs.org/get-symbol-description set size:undefined disposed:false
1445 silly fetch manifest is-data-view@^1.0.2
1446 silly packumentCache full:https://registry.npmjs.org/is-data-view cache-miss
1447 http fetch GET 200 https://registry.npmjs.org/gopd 15ms (cache miss)
1448 silly packumentCache full:https://registry.npmjs.org/gopd set size:undefined disposed:false
1449 silly fetch manifest is-negative-zero@^2.0.3
1450 silly packumentCache full:https://registry.npmjs.org/is-negative-zero cache-miss
1451 http fetch GET 200 https://registry.npmjs.org/is-array-buffer 16ms (cache miss)
1452 silly packumentCache full:https://registry.npmjs.org/is-array-buffer set size:undefined disposed:false
1453 silly fetch manifest is-regex@^1.2.1
1454 silly packumentCache full:https://registry.npmjs.org/is-regex cache-miss
1455 http fetch GET 200 https://registry.npmjs.org/is-callable 17ms (cache miss)
1456 silly packumentCache full:https://registry.npmjs.org/is-callable set size:undefined disposed:false
1457 silly fetch manifest is-set@^2.0.3
1458 silly packumentCache full:https://registry.npmjs.org/is-set cache-miss
1459 http fetch GET 200 https://registry.npmjs.org/is-negative-zero 16ms (cache miss)
1460 silly packumentCache full:https://registry.npmjs.org/is-negative-zero set size:undefined disposed:false
1461 silly fetch manifest is-shared-array-buffer@^1.0.4
1462 silly packumentCache full:https://registry.npmjs.org/is-shared-array-buffer cache-miss
1463 http fetch GET 200 https://registry.npmjs.org/is-set 15ms (cache miss)
1464 silly packumentCache full:https://registry.npmjs.org/is-set set size:undefined disposed:false
1465 silly fetch manifest is-typed-array@^1.1.15
1466 silly packumentCache full:https://registry.npmjs.org/is-typed-array cache-miss
1467 http fetch GET 200 https://registry.npmjs.org/is-regex 19ms (cache miss)
1468 silly packumentCache full:https://registry.npmjs.org/is-regex set size:undefined disposed:false
1469 silly fetch manifest is-weakref@^1.1.1
1470 silly packumentCache full:https://registry.npmjs.org/is-weakref cache-miss
1471 http fetch GET 200 https://registry.npmjs.org/is-shared-array-buffer 16ms (cache miss)
1472 silly packumentCache full:https://registry.npmjs.org/is-shared-array-buffer set size:undefined disposed:false
1473 silly fetch manifest object-inspect@^1.13.4
1474 silly packumentCache full:https://registry.npmjs.org/object-inspect cache-miss
1475 http fetch GET 200 https://registry.npmjs.org/is-typed-array 17ms (cache miss)
1476 silly packumentCache full:https://registry.npmjs.org/is-typed-array set size:undefined disposed:false
1477 silly fetch manifest object.assign@^4.1.7
1478 silly packumentCache full:https://registry.npmjs.org/object.assign cache-miss
1479 http fetch GET 200 https://registry.npmjs.org/es-set-tostringtag 248ms (cache miss)
1480 silly packumentCache full:https://registry.npmjs.org/es-set-tostringtag set size:undefined disposed:false
1481 silly fetch manifest own-keys@^1.0.1
1482 silly packumentCache full:https://registry.npmjs.org/own-keys cache-miss
1483 http fetch GET 200 https://registry.npmjs.org/function.prototype.name 252ms (cache miss)
1484 silly packumentCache full:https://registry.npmjs.org/function.prototype.name set size:undefined disposed:false
1485 silly fetch manifest regexp.prototype.flags@^1.5.4
1486 silly packumentCache full:https://registry.npmjs.org/regexp.prototype.flags cache-miss
1487 http fetch GET 200 https://registry.npmjs.org/internal-slot 238ms (cache miss)
1488 silly packumentCache full:https://registry.npmjs.org/internal-slot set size:undefined disposed:false
1489 silly fetch manifest safe-array-concat@^1.1.3
1490 silly packumentCache full:https://registry.npmjs.org/safe-array-concat cache-miss
1491 http fetch GET 200 https://registry.npmjs.org/has-proto 244ms (cache miss)
1492 silly packumentCache full:https://registry.npmjs.org/has-proto set size:undefined disposed:false
1493 silly fetch manifest safe-push-apply@^1.0.0
1494 silly packumentCache full:https://registry.npmjs.org/safe-push-apply cache-miss
1495 http fetch GET 200 https://registry.npmjs.org/has-symbols 244ms (cache miss)
1496 silly packumentCache full:https://registry.npmjs.org/has-symbols set size:undefined disposed:false
1497 silly fetch manifest safe-regex-test@^1.1.0
1498 silly packumentCache full:https://registry.npmjs.org/safe-regex-test cache-miss
1499 http cache https://registry.npmjs.org/safe-regex-test 1ms (cache hit)
1500 silly packumentCache full:https://registry.npmjs.org/safe-regex-test set size:17412 disposed:false
1501 silly fetch manifest set-proto@^1.0.0
1502 silly packumentCache full:https://registry.npmjs.org/set-proto cache-miss
1503 http fetch GET 200 https://registry.npmjs.org/is-data-view 248ms (cache miss)
1504 silly packumentCache full:https://registry.npmjs.org/is-data-view set size:undefined disposed:false
1505 silly fetch manifest stop-iteration-iterator@^1.1.0
1506 silly packumentCache full:https://registry.npmjs.org/stop-iteration-iterator cache-miss
1507 http fetch GET 200 https://registry.npmjs.org/safe-push-apply 16ms (cache miss)
1508 silly packumentCache full:https://registry.npmjs.org/safe-push-apply set size:undefined disposed:false
1509 silly fetch manifest string.prototype.trim@^1.2.10
1510 silly packumentCache full:https://registry.npmjs.org/string.prototype.trim cache-miss
1511 http fetch GET 200 https://registry.npmjs.org/set-proto 14ms (cache miss)
1512 silly packumentCache full:https://registry.npmjs.org/set-proto set size:undefined disposed:false
1513 silly fetch manifest string.prototype.trimstart@^1.0.8
1514 silly packumentCache full:https://registry.npmjs.org/string.prototype.trimstart cache-miss
1515 http fetch GET 200 https://registry.npmjs.org/string.prototype.trimstart 16ms (cache miss)
1516 silly packumentCache full:https://registry.npmjs.org/string.prototype.trimstart set size:undefined disposed:false
1517 silly fetch manifest typed-array-buffer@^1.0.3
1518 silly packumentCache full:https://registry.npmjs.org/typed-array-buffer cache-miss
1519 http fetch GET 200 https://registry.npmjs.org/is-weakref 240ms (cache miss)
1520 silly packumentCache full:https://registry.npmjs.org/is-weakref set size:undefined disposed:false
1521 silly fetch manifest typed-array-byte-length@^1.0.3
1522 silly packumentCache full:https://registry.npmjs.org/typed-array-byte-length cache-miss
1523 http fetch GET 200 https://registry.npmjs.org/typed-array-buffer 17ms (cache miss)
1524 silly packumentCache full:https://registry.npmjs.org/typed-array-buffer set size:undefined disposed:false
1525 silly fetch manifest typed-array-byte-offset@^1.0.4
1526 silly packumentCache full:https://registry.npmjs.org/typed-array-byte-offset cache-miss
1527 http fetch GET 200 https://registry.npmjs.org/object-inspect 253ms (cache miss)
1528 silly packumentCache full:https://registry.npmjs.org/object-inspect set size:undefined disposed:false
1529 silly fetch manifest typed-array-length@^1.0.7
1530 silly packumentCache full:https://registry.npmjs.org/typed-array-length cache-miss
1531 http fetch GET 200 https://registry.npmjs.org/object.assign 252ms (cache miss)
1532 silly packumentCache full:https://registry.npmjs.org/object.assign set size:undefined disposed:false
1533 silly fetch manifest unbox-primitive@^1.1.0
1534 silly packumentCache full:https://registry.npmjs.org/unbox-primitive cache-miss
1535 http fetch GET 200 https://registry.npmjs.org/typed-array-byte-offset 15ms (cache miss)
1536 silly packumentCache full:https://registry.npmjs.org/typed-array-byte-offset set size:undefined disposed:false
1537 silly fetch manifest which-typed-array@^1.1.19
1538 silly packumentCache full:https://registry.npmjs.org/which-typed-array cache-miss
1539 http fetch GET 200 https://registry.npmjs.org/own-keys 241ms (cache miss)
1540 silly packumentCache full:https://registry.npmjs.org/own-keys set size:undefined disposed:false
1541 silly fetch manifest has-tostringtag@^1.0.2
1542 silly packumentCache full:https://registry.npmjs.org/has-tostringtag cache-miss
1543 http fetch GET 200 https://registry.npmjs.org/safe-array-concat 246ms (cache miss)
1544 silly packumentCache full:https://registry.npmjs.org/safe-array-concat set size:undefined disposed:false
1545 http fetch GET 200 https://registry.npmjs.org/regexp.prototype.flags 252ms (cache miss)
1546 silly packumentCache full:https://registry.npmjs.org/regexp.prototype.flags set size:undefined disposed:false
1547 http fetch GET 200 https://registry.npmjs.org/stop-iteration-iterator 250ms (cache miss)
1548 silly packumentCache full:https://registry.npmjs.org/stop-iteration-iterator set size:undefined disposed:false
1549 http fetch GET 200 https://registry.npmjs.org/string.prototype.trim 250ms (cache miss)
1550 silly packumentCache full:https://registry.npmjs.org/string.prototype.trim set size:undefined disposed:false
1551 http fetch GET 200 https://registry.npmjs.org/typed-array-byte-length 250ms (cache miss)
1552 silly packumentCache full:https://registry.npmjs.org/typed-array-byte-length set size:undefined disposed:false
1553 http fetch GET 200 https://registry.npmjs.org/typed-array-length 243ms (cache miss)
1554 silly packumentCache full:https://registry.npmjs.org/typed-array-length set size:undefined disposed:false
1555 http fetch GET 200 https://registry.npmjs.org/which-typed-array 246ms (cache miss)
1556 silly packumentCache full:https://registry.npmjs.org/which-typed-array set size:undefined disposed:false
1557 http fetch GET 200 https://registry.npmjs.org/unbox-primitive 251ms (cache miss)
1558 silly packumentCache full:https://registry.npmjs.org/unbox-primitive set size:undefined disposed:false
1559 http fetch GET 200 https://registry.npmjs.org/has-tostringtag 248ms (cache miss)
1560 silly packumentCache full:https://registry.npmjs.org/has-tostringtag set size:undefined disposed:false
1561 silly placeDep ROOT es-errors@1.3.0 OK for: array.prototype.findlastindex@1.2.6 want: ^1.3.0
1562 silly placeDep ROOT es-shim-unscopables@1.1.0 OK for: array.prototype.findlastindex@1.2.6 want: ^1.1.0
1563 silly placeDep ROOT call-bind-apply-helpers@1.0.2 OK for: call-bind@1.0.9 want: ^1.0.2
1564 silly placeDep ROOT es-define-property@1.0.1 OK for: call-bind@1.0.9 want: ^1.0.1
1565 silly placeDep ROOT set-function-length@1.2.2 OK for: call-bind@1.0.9 want: ^1.2.2
1566 silly fetch manifest define-data-property@^1.1.4
1567 silly packumentCache full:https://registry.npmjs.org/define-data-property cache-miss
1568 silly fetch manifest gopd@^1.0.1
1569 silly packumentCache full:https://registry.npmjs.org/gopd cache-miss
1570 http cache https://registry.npmjs.org/define-data-property 1ms (cache hit)
1571 silly packumentCache full:https://registry.npmjs.org/define-data-property set size:28048 disposed:false
1572 http cache https://registry.npmjs.org/gopd 2ms (cache hit)
1573 silly packumentCache full:https://registry.npmjs.org/gopd set size:11458 disposed:false
1574 silly placeDep ROOT function-bind@1.1.2 OK for: call-bind-apply-helpers@1.0.2 want: ^1.1.2
1575 silly placeDep ROOT define-data-property@1.1.4 OK for: define-properties@1.2.1 want: ^1.0.1
1576 silly placeDep ROOT has-property-descriptors@1.0.2 OK for: define-properties@1.2.1 want: ^1.0.0
1577 silly placeDep ROOT object-keys@1.1.1 OK for: define-properties@1.2.1 want: ^1.1.1
1578 silly placeDep ROOT gopd@1.2.0 OK for: define-data-property@1.1.4 want: ^1.0.1
1579 silly placeDep ROOT array-buffer-byte-length@1.0.2 OK for: es-abstract@1.24.2 want: ^1.0.2
1580 silly placeDep ROOT arraybuffer.prototype.slice@1.0.4 OK for: es-abstract@1.24.2 want: ^1.0.4
1581 silly placeDep ROOT available-typed-arrays@1.0.7 OK for: es-abstract@1.24.2 want: ^1.0.7
1582 silly placeDep ROOT data-view-buffer@1.0.2 OK for: es-abstract@1.24.2 want: ^1.0.2
1583 silly placeDep ROOT data-view-byte-length@1.0.2 OK for: es-abstract@1.24.2 want: ^1.0.2
1584 silly placeDep ROOT data-view-byte-offset@1.0.1 OK for: es-abstract@1.24.2 want: ^1.0.1
1585 silly placeDep ROOT es-set-tostringtag@2.1.0 OK for: es-abstract@1.24.2 want: ^2.1.0
1586 silly placeDep ROOT es-to-primitive@1.3.0 OK for: es-abstract@1.24.2 want: ^1.3.0
1587 silly placeDep ROOT function.prototype.name@1.1.8 OK for: es-abstract@1.24.2 want: ^1.1.8
1588 silly placeDep ROOT get-proto@1.0.1 OK for: es-abstract@1.24.2 want: ^1.0.1
1589 silly placeDep ROOT get-symbol-description@1.1.0 OK for: es-abstract@1.24.2 want: ^1.1.0
1590 silly placeDep ROOT globalthis@1.0.4 OK for: es-abstract@1.24.2 want: ^1.0.4
1591 silly placeDep ROOT has-proto@1.2.0 OK for: es-abstract@1.24.2 want: ^1.2.0
1592 silly placeDep ROOT has-symbols@1.1.0 OK for: es-abstract@1.24.2 want: ^1.1.0
1593 silly placeDep ROOT internal-slot@1.1.0 OK for: es-abstract@1.24.2 want: ^1.1.0
1594 silly placeDep ROOT is-array-buffer@3.0.5 OK for: es-abstract@1.24.2 want: ^3.0.5
1595 silly placeDep ROOT is-callable@1.2.7 OK for: es-abstract@1.24.2 want: ^1.2.7
1596 silly placeDep ROOT is-data-view@1.0.2 OK for: es-abstract@1.24.2 want: ^1.0.2
1597 silly placeDep ROOT is-negative-zero@2.0.3 OK for: es-abstract@1.24.2 want: ^2.0.3
1598 silly placeDep ROOT is-regex@1.2.1 OK for: es-abstract@1.24.2 want: ^1.2.1
1599 silly placeDep ROOT is-set@2.0.3 OK for: es-abstract@1.24.2 want: ^2.0.3
1600 silly placeDep ROOT is-shared-array-buffer@1.0.4 OK for: es-abstract@1.24.2 want: ^1.0.4
1601 silly placeDep ROOT is-typed-array@1.1.15 OK for: es-abstract@1.24.2 want: ^1.1.15
1602 silly placeDep ROOT is-weakref@1.1.1 OK for: es-abstract@1.24.2 want: ^1.1.1
1603 silly placeDep ROOT object-inspect@1.13.4 OK for: es-abstract@1.24.2 want: ^1.13.4
1604 silly placeDep ROOT object.assign@4.1.7 OK for: es-abstract@1.24.2 want: ^4.1.7
1605 silly placeDep ROOT own-keys@1.0.1 OK for: es-abstract@1.24.2 want: ^1.0.1
1606 silly placeDep ROOT regexp.prototype.flags@1.5.4 OK for: es-abstract@1.24.2 want: ^1.5.4
1607 silly placeDep ROOT safe-array-concat@1.1.4 OK for: es-abstract@1.24.2 want: ^1.1.3
1608 silly placeDep ROOT safe-push-apply@1.0.0 OK for: es-abstract@1.24.2 want: ^1.0.0
1609 silly placeDep ROOT safe-regex-test@1.1.0 OK for: es-abstract@1.24.2 want: ^1.1.0
1610 silly placeDep ROOT set-proto@1.0.0 OK for: es-abstract@1.24.2 want: ^1.0.0
1611 silly placeDep ROOT stop-iteration-iterator@1.1.0 OK for: es-abstract@1.24.2 want: ^1.1.0
1612 silly placeDep ROOT string.prototype.trim@1.2.10 OK for: es-abstract@1.24.2 want: ^1.2.10
1613 silly placeDep ROOT string.prototype.trimstart@1.0.8 OK for: es-abstract@1.24.2 want: ^1.0.8
1614 silly placeDep ROOT typed-array-buffer@1.0.3 OK for: es-abstract@1.24.2 want: ^1.0.3
1615 silly placeDep ROOT typed-array-byte-length@1.0.3 OK for: es-abstract@1.24.2 want: ^1.0.3
1616 silly placeDep ROOT typed-array-byte-offset@1.0.4 OK for: es-abstract@1.24.2 want: ^1.0.4
1617 silly placeDep ROOT typed-array-length@1.0.7 OK for: es-abstract@1.24.2 want: ^1.0.7
1618 silly placeDep ROOT unbox-primitive@1.1.0 OK for: es-abstract@1.24.2 want: ^1.1.0
1619 silly placeDep ROOT which-typed-array@1.1.20 OK for: es-abstract@1.24.2 want: ^1.1.19
1620 silly fetch manifest is-array-buffer@^3.0.4
1621 silly packumentCache full:https://registry.npmjs.org/is-array-buffer cache-miss
1622 silly fetch manifest possible-typed-array-names@^1.0.0
1623 silly packumentCache full:https://registry.npmjs.org/possible-typed-array-names cache-miss
1624 silly fetch manifest is-data-view@^1.0.1
1625 silly packumentCache full:https://registry.npmjs.org/is-data-view cache-miss
1626 silly fetch manifest is-date-object@^1.0.5
1627 silly packumentCache full:https://registry.npmjs.org/is-date-object cache-miss
1628 silly fetch manifest is-symbol@^1.0.4
1629 silly packumentCache full:https://registry.npmjs.org/is-symbol cache-miss
1630 silly fetch manifest functions-have-names@^1.2.3
1631 silly packumentCache full:https://registry.npmjs.org/functions-have-names cache-miss
1632 silly fetch manifest dunder-proto@^1.0.1
1633 silly packumentCache full:https://registry.npmjs.org/dunder-proto cache-miss
1634 silly fetch manifest dunder-proto@^1.0.0
1635 silly packumentCache full:https://registry.npmjs.org/dunder-proto cache-miss
1636 silly fetch manifest side-channel@^1.1.0
1637 silly packumentCache full:https://registry.npmjs.org/side-channel cache-miss
1638 http cache https://registry.npmjs.org/is-data-view 3ms (cache hit)
1639 silly packumentCache full:https://registry.npmjs.org/is-data-view set size:13756 disposed:false
1640 silly fetch manifest is-typed-array@^1.1.13
1641 silly packumentCache full:https://registry.npmjs.org/is-typed-array cache-miss
1642 http cache https://registry.npmjs.org/is-array-buffer 3ms (cache hit)
1643 silly packumentCache full:https://registry.npmjs.org/is-array-buffer set size:33562 disposed:false
1644 silly fetch manifest which-typed-array@^1.1.16
1645 silly packumentCache full:https://registry.npmjs.org/which-typed-array cache-miss
1646 http cache https://registry.npmjs.org/which-typed-array 1ms (cache hit)
1647 silly packumentCache full:https://registry.npmjs.org/which-typed-array set size:93605 disposed:false
1648 silly fetch manifest set-function-name@^2.0.2
1649 silly packumentCache full:https://registry.npmjs.org/set-function-name cache-miss
1650 http cache https://registry.npmjs.org/is-typed-array 1ms (cache hit)
1651 silly packumentCache full:https://registry.npmjs.org/is-typed-array set size:79965 disposed:false
1652 silly fetch manifest isarray@^2.0.5
1653 silly packumentCache full:https://registry.npmjs.org/isarray cache-miss
1654 http fetch GET 200 https://registry.npmjs.org/is-symbol 17ms (cache miss)
1655 silly packumentCache full:https://registry.npmjs.org/is-symbol set size:undefined disposed:false
1656 silly fetch manifest isarray@^2.0.5
1657 silly packumentCache full:https://registry.npmjs.org/isarray cache-miss
1658 http fetch GET 200 https://registry.npmjs.org/isarray 14ms (cache miss)
1659 silly packumentCache full:https://registry.npmjs.org/isarray set size:undefined disposed:false
1660 silly fetch manifest dunder-proto@^1.0.1
1661 silly packumentCache full:https://registry.npmjs.org/dunder-proto cache-miss
1662 http fetch GET 200 https://registry.npmjs.org/isarray 14ms (cache miss)
1663 silly packumentCache full:https://registry.npmjs.org/isarray set size:undefined disposed:false
1664 silly fetch manifest for-each@^0.3.3
1665 silly packumentCache full:https://registry.npmjs.org/for-each cache-miss
1666 http fetch GET 200 https://registry.npmjs.org/dunder-proto 242ms (cache miss)
1667 silly packumentCache full:https://registry.npmjs.org/dunder-proto set size:undefined disposed:false
1668 silly fetch manifest for-each@^0.3.3
1669 silly packumentCache full:https://registry.npmjs.org/for-each cache-miss
1670 http fetch GET 200 https://registry.npmjs.org/dunder-proto 245ms (cache miss)
1671 silly packumentCache full:https://registry.npmjs.org/dunder-proto set size:undefined disposed:false
1672 silly fetch manifest reflect.getprototypeof@^1.0.9
1673 silly packumentCache full:https://registry.npmjs.org/reflect.getprototypeof cache-miss
1674 http fetch GET 200 https://registry.npmjs.org/dunder-proto 228ms (cache miss)
1675 silly packumentCache full:https://registry.npmjs.org/dunder-proto set size:undefined disposed:false
1676 silly fetch manifest for-each@^0.3.3
1677 silly packumentCache full:https://registry.npmjs.org/for-each cache-miss
1678 http fetch GET 200 https://registry.npmjs.org/set-function-name 244ms (cache miss)
1679 silly packumentCache full:https://registry.npmjs.org/set-function-name set size:undefined disposed:false
1680 silly fetch manifest possible-typed-array-names@^1.0.0
1681 silly packumentCache full:https://registry.npmjs.org/possible-typed-array-names cache-miss
1682 http fetch GET 200 https://registry.npmjs.org/possible-typed-array-names 249ms (cache miss)
1683 silly packumentCache full:https://registry.npmjs.org/possible-typed-array-names set size:undefined disposed:false
1684 silly fetch manifest reflect.getprototypeof@^1.0.6
1685 silly packumentCache full:https://registry.npmjs.org/reflect.getprototypeof cache-miss
1686 http fetch GET 200 https://registry.npmjs.org/side-channel 249ms (cache miss)
1687 silly packumentCache full:https://registry.npmjs.org/side-channel set size:undefined disposed:false
1688 silly fetch manifest has-bigints@^1.0.2
1689 silly packumentCache full:https://registry.npmjs.org/has-bigints cache-miss
1690 http fetch GET 200 https://registry.npmjs.org/functions-have-names 253ms (cache miss)
1691 silly packumentCache full:https://registry.npmjs.org/functions-have-names set size:undefined disposed:false
1692 silly fetch manifest which-boxed-primitive@^1.1.1
1693 silly packumentCache full:https://registry.npmjs.org/which-boxed-primitive cache-miss
1694 http fetch GET 200 https://registry.npmjs.org/is-date-object 258ms (cache miss)
1695 silly packumentCache full:https://registry.npmjs.org/is-date-object set size:undefined disposed:false
1696 silly fetch manifest for-each@^0.3.5
1697 silly packumentCache full:https://registry.npmjs.org/for-each cache-miss
1698 http fetch GET 200 https://registry.npmjs.org/possible-typed-array-names 13ms (cache miss)
1699 silly packumentCache full:https://registry.npmjs.org/possible-typed-array-names set size:undefined disposed:false
1700 http fetch GET 200 https://registry.npmjs.org/reflect.getprototypeof 17ms (cache miss)
1701 silly packumentCache full:https://registry.npmjs.org/reflect.getprototypeof set size:undefined disposed:false
1702 http fetch GET 200 https://registry.npmjs.org/reflect.getprototypeof 15ms (cache miss)
1703 silly packumentCache full:https://registry.npmjs.org/reflect.getprototypeof set size:undefined disposed:false
1704 http fetch GET 200 https://registry.npmjs.org/which-boxed-primitive 15ms (cache miss)
1705 silly packumentCache full:https://registry.npmjs.org/which-boxed-primitive set size:undefined disposed:false
1706 http fetch GET 200 https://registry.npmjs.org/for-each 250ms (cache miss)
1707 silly packumentCache full:https://registry.npmjs.org/for-each set size:undefined disposed:false
1708 http fetch GET 200 https://registry.npmjs.org/for-each 34ms (cache miss)
1709 silly packumentCache full:https://registry.npmjs.org/for-each set size:undefined disposed:false
1710 http fetch GET 200 https://registry.npmjs.org/for-each 37ms (cache miss)
1711 silly packumentCache full:https://registry.npmjs.org/for-each set size:undefined disposed:false
1712 http fetch GET 200 https://registry.npmjs.org/for-each 23ms (cache miss)
1713 silly packumentCache full:https://registry.npmjs.org/for-each set size:undefined disposed:false
1714 http fetch GET 200 https://registry.npmjs.org/has-bigints 244ms (cache miss)
1715 silly packumentCache full:https://registry.npmjs.org/has-bigints set size:undefined disposed:false
1716 silly placeDep ROOT possible-typed-array-names@1.1.0 OK for: available-typed-arrays@1.0.7 want: ^1.0.0
1717 silly placeDep ROOT has-tostringtag@1.0.2 OK for: es-set-tostringtag@2.1.0 want: ^1.0.2
1718 silly placeDep ROOT is-date-object@1.1.0 OK for: es-to-primitive@1.3.0 want: ^1.0.5
1719 silly placeDep ROOT is-symbol@1.1.1 OK for: es-to-primitive@1.3.0 want: ^1.0.4
1720 silly placeDep node_modules/eslint-module-utils debug@3.2.7 OK for: eslint-module-utils@2.12.1 want: ^3.2.7
1721 silly placeDep ROOT aria-query@5.3.2 OK for: eslint-plugin-jsx-a11y@6.10.2 want: ^5.3.2
1722 silly placeDep ROOT ast-types-flow@0.0.8 OK for: eslint-plugin-jsx-a11y@6.10.2 want: ^0.0.8
1723 silly placeDep ROOT axe-core@4.11.4 OK for: eslint-plugin-jsx-a11y@6.10.2 want: ^4.10.0
1724 silly placeDep ROOT axobject-query@4.1.0 OK for: eslint-plugin-jsx-a11y@6.10.2 want: ^4.1.0
1725 silly placeDep ROOT damerau-levenshtein@1.0.8 OK for: eslint-plugin-jsx-a11y@6.10.2 want: ^1.0.8
1726 silly placeDep ROOT emoji-regex@9.2.2 OK for: eslint-plugin-jsx-a11y@6.10.2 want: ^9.2.2
1727 silly placeDep ROOT jsx-ast-utils@3.3.5 OK for: eslint-plugin-jsx-a11y@6.10.2 want: ^3.3.5
1728 silly placeDep ROOT language-tags@1.0.9 OK for: eslint-plugin-jsx-a11y@6.10.2 want: ^1.0.9
1729 silly placeDep ROOT string.prototype.includes@2.0.1 OK for: eslint-plugin-jsx-a11y@6.10.2 want: ^2.0.1
1730 silly fetch manifest language-subtag-registry@^0.3.20
1731 silly packumentCache full:https://registry.npmjs.org/language-subtag-registry cache-miss
1732 http fetch GET 200 https://registry.npmjs.org/language-subtag-registry 247ms (cache miss)
1733 silly packumentCache full:https://registry.npmjs.org/language-subtag-registry set size:undefined disposed:false
1734 silly placeDep ROOT array.prototype.findlast@1.2.5 OK for: eslint-plugin-react@7.37.5 want: ^1.2.5
1735 silly placeDep ROOT array.prototype.tosorted@1.1.4 OK for: eslint-plugin-react@7.37.5 want: ^1.1.4
1736 silly placeDep node_modules/eslint-plugin-react doctrine@2.1.0 OK for: eslint-plugin-react@7.37.5 want: ^2.1.0
1737 silly placeDep ROOT es-iterator-helpers@1.3.2 OK for: eslint-plugin-react@7.37.5 want: ^1.2.1
1738 silly placeDep ROOT estraverse@5.3.0 OK for: eslint-plugin-react@7.37.5 want: ^5.3.0
1739 silly placeDep ROOT object.entries@1.1.9 OK for: eslint-plugin-react@7.37.5 want: ^1.1.9
1740 silly placeDep ROOT prop-types@15.8.1 OK for: eslint-plugin-react@7.37.5 want: ^15.8.1
1741 silly placeDep node_modules/eslint-plugin-react semver@6.3.1 OK for: eslint-plugin-react@7.37.5 want: ^6.3.1
1742 silly placeDep ROOT string.prototype.matchall@4.0.12 OK for: eslint-plugin-react@7.37.5 want: ^4.0.12
1743 silly placeDep ROOT string.prototype.repeat@1.0.0 OK for: eslint-plugin-react@7.37.5 want: ^1.0.0
1744 silly fetch manifest iterator.prototype@^1.1.5
1745 silly packumentCache full:https://registry.npmjs.org/iterator.prototype cache-miss
1746 silly fetch manifest loose-envify@^1.4.0
1747 silly packumentCache full:https://registry.npmjs.org/loose-envify cache-miss
1748 silly fetch manifest object-assign@^4.1.1
1749 silly packumentCache full:https://registry.npmjs.org/object-assign cache-miss
1750 silly fetch manifest react-is@^16.13.1
1751 silly packumentCache full:https://registry.npmjs.org/react-is cache-miss
1752 http cache https://registry.npmjs.org/loose-envify 4ms (cache hit)
1753 silly packumentCache full:https://registry.npmjs.org/loose-envify set size:12559 disposed:false
1754 http fetch GET 200 https://registry.npmjs.org/react-is 164ms (cache miss)
1755 silly packumentCache full:https://registry.npmjs.org/react-is set size:undefined disposed:false
1756 http fetch GET 200 https://registry.npmjs.org/iterator.prototype 252ms (cache miss)
1757 silly packumentCache full:https://registry.npmjs.org/iterator.prototype set size:undefined disposed:false
1758 http fetch GET 200 https://registry.npmjs.org/object-assign 254ms (cache miss)
1759 silly packumentCache full:https://registry.npmjs.org/object-assign set size:undefined disposed:false
1760 silly placeDep ROOT iterator.prototype@1.1.5 OK for: es-iterator-helpers@1.3.2 want: ^1.1.5
1761 silly placeDep ROOT esrecurse@4.3.0 OK for: eslint-scope@7.2.2 want: ^4.3.0
1762 silly placeDep ROOT acorn@8.16.0 OK for: espree@9.6.1 want: ^8.9.0
1763 silly placeDep ROOT acorn-jsx@5.3.2 OK for: espree@9.6.1 want: ^5.3.2
1764 silly placeDep ROOT reusify@1.1.0 OK for: fastq@1.20.1 want: ^1.0.4
1765 silly placeDep ROOT flat-cache@3.2.0 OK for: file-entry-cache@6.0.1 want: ^3.0.4
1766 silly fetch manifest keyv@^4.5.3
1767 silly packumentCache full:https://registry.npmjs.org/keyv cache-miss
1768 silly fetch manifest rimraf@^3.0.2
1769 silly packumentCache full:https://registry.npmjs.org/rimraf cache-miss
1770 silly fetch manifest flatted@^3.2.9
1771 silly packumentCache full:https://registry.npmjs.org/flatted cache-miss
1772 http fetch GET 200 https://registry.npmjs.org/flatted 19ms (cache miss)
1773 silly packumentCache full:https://registry.npmjs.org/flatted set size:undefined disposed:false
1774 http fetch GET 200 https://registry.npmjs.org/keyv 251ms (cache miss)
1775 silly packumentCache full:https://registry.npmjs.org/keyv set size:undefined disposed:false
1776 http fetch GET 200 https://registry.npmjs.org/rimraf 253ms (cache miss)
1777 silly packumentCache full:https://registry.npmjs.org/rimraf set size:undefined disposed:false
1778 silly placeDep ROOT locate-path@6.0.0 OK for: find-up@5.0.0 want: ^6.0.0
1779 silly placeDep ROOT path-exists@4.0.0 OK for: find-up@5.0.0 want: ^4.0.0
1780 silly fetch manifest p-locate@^5.0.0
1781 silly packumentCache full:https://registry.npmjs.org/p-locate cache-miss
1782 http fetch GET 200 https://registry.npmjs.org/p-locate 30ms (cache miss)
1783 silly packumentCache full:https://registry.npmjs.org/p-locate set size:undefined disposed:false
1784 silly placeDep ROOT flatted@3.4.2 OK for: flat-cache@3.2.0 want: ^3.2.9
1785 silly placeDep ROOT keyv@4.5.4 OK for: flat-cache@3.2.0 want: ^4.5.3
1786 silly placeDep ROOT rimraf@3.0.2 OK for: flat-cache@3.2.0 want: ^3.0.2
1787 silly fetch manifest json-buffer@3.0.1
1788 silly packumentCache full:https://registry.npmjs.org/json-buffer cache-miss
1789 silly fetch manifest glob@^7.1.3
1790 silly packumentCache full:https://registry.npmjs.org/glob cache-miss
1791 http cache https://registry.npmjs.org/glob 4ms (cache hit)
1792 silly packumentCache full:https://registry.npmjs.org/glob set size:469465 disposed:false
1793 http fetch GET 200 https://registry.npmjs.org/json-buffer 249ms (cache miss)
1794 silly packumentCache full:https://registry.npmjs.org/json-buffer set size:undefined disposed:false
1795 silly placeDep ROOT motion-dom@11.18.1 OK for: framer-motion@11.18.2 want: ^11.18.1
1796 silly placeDep ROOT motion-utils@11.18.1 OK for: framer-motion@11.18.2 want: ^11.18.1
1797 silly placeDep ROOT tslib@2.8.1 OK for: framer-motion@11.18.2 want: ^2.4.0
1798 silly placeDep ROOT functions-have-names@1.2.3 OK for: function.prototype.name@1.1.8 want: ^1.2.3
1799 silly placeDep ROOT dunder-proto@1.0.1 OK for: get-proto@1.0.1 want: ^1.0.1
1800 silly placeDep ROOT resolve-pkg-maps@1.0.0 OK for: get-tsconfig@4.14.0 want: ^1.0.0
1801 silly placeDep ROOT foreground-child@3.3.1 OK for: glob@10.3.10 want: ^3.1.0
1802 silly placeDep ROOT jackspeak@2.3.6 OK for: glob@10.3.10 want: ^2.3.5
1803 silly placeDep node_modules/glob minimatch@9.0.9 OK for: glob@10.3.10 want: ^9.0.1
1804 silly placeDep ROOT minipass@7.1.3 OK for: glob@10.3.10 want: ^5.0.0 || ^6.0.2 || ^7.0.0
1805 silly placeDep ROOT path-scurry@1.11.1 OK for: glob@10.3.10 want: ^1.10.1
1806 silly fetch manifest signal-exit@^4.0.1
1807 silly packumentCache full:https://registry.npmjs.org/signal-exit cache-miss
1808 silly fetch manifest @isaacs/cliui@^8.0.2
1809 silly packumentCache full:https://registry.npmjs.org/@isaacs%2fcliui cache-miss
1810 silly fetch manifest @pkgjs/parseargs@^0.11.0
1811 silly packumentCache full:https://registry.npmjs.org/@pkgjs%2fparseargs cache-miss
1812 silly fetch manifest brace-expansion@^2.0.2
1813 silly packumentCache full:https://registry.npmjs.org/brace-expansion cache-hit
1814 silly fetch manifest lru-cache@^10.2.0
1815 silly packumentCache full:https://registry.npmjs.org/lru-cache cache-miss
1816 http fetch GET 200 https://registry.npmjs.org/@isaacs%2fcliui 256ms (cache miss)
1817 silly packumentCache full:https://registry.npmjs.org/@isaacs%2fcliui set size:undefined disposed:false
1818 http fetch GET 200 https://registry.npmjs.org/signal-exit 258ms (cache miss)
1819 silly packumentCache full:https://registry.npmjs.org/signal-exit set size:undefined disposed:false
1820 http fetch GET 200 https://registry.npmjs.org/lru-cache 259ms (cache miss)
1821 silly packumentCache full:https://registry.npmjs.org/lru-cache set size:undefined disposed:false
1822 http fetch GET 200 https://registry.npmjs.org/@pkgjs%2fparseargs 800ms (cache miss)
1823 silly packumentCache full:https://registry.npmjs.org/@pkgjs%2fparseargs set size:undefined disposed:false
1824 silly placeDep ROOT signal-exit@4.1.0 OK for: foreground-child@3.3.1 want: ^4.0.1
1825 silly placeDep ROOT type-fest@0.20.2 OK for: globals@13.24.0 want: ^0.20.2
1826 silly placeDep ROOT array-union@2.1.0 OK for: globby@11.1.0 want: ^2.1.0
1827 silly placeDep ROOT dir-glob@3.0.1 OK for: globby@11.1.0 want: ^3.0.1
1828 silly placeDep ROOT fast-glob@3.3.3 OK for: globby@11.1.0 want: ^3.2.9
1829 silly placeDep ROOT merge2@1.4.1 OK for: globby@11.1.0 want: ^1.4.1
1830 silly placeDep ROOT slash@3.0.0 OK for: globby@11.1.0 want: ^3.0.0
1831 silly fetch manifest path-type@^4.0.0
1832 silly packumentCache full:https://registry.npmjs.org/path-type cache-miss
1833 silly fetch manifest glob-parent@^5.1.2
1834 silly packumentCache full:https://registry.npmjs.org/glob-parent cache-miss
1835 silly fetch manifest merge2@^1.3.0
1836 silly packumentCache full:https://registry.npmjs.org/merge2 cache-miss
1837 http cache https://registry.npmjs.org/merge2 5ms (cache hit)
1838 silly packumentCache full:https://registry.npmjs.org/merge2 set size:46159 disposed:false
1839 http cache https://registry.npmjs.org/glob-parent 5ms (cache hit)
1840 silly packumentCache full:https://registry.npmjs.org/glob-parent set size:42445 disposed:false
1841 http fetch GET 200 https://registry.npmjs.org/path-type 16ms (cache miss)
1842 silly packumentCache full:https://registry.npmjs.org/path-type set size:undefined disposed:false
1843 silly placeDep ROOT path-type@4.0.0 OK for: dir-glob@3.0.1 want: ^4.0.0
1844 silly placeDep node_modules/fast-glob glob-parent@5.1.2 OK for: fast-glob@3.3.3 want: ^5.1.2
1845 silly placeDep ROOT micromatch@4.0.8 OK for: fast-glob@3.3.3 want: ^4.0.8
1846 silly fetch manifest braces@^3.0.3
1847 silly packumentCache full:https://registry.npmjs.org/braces cache-miss
1848 silly fetch manifest picomatch@^2.3.1
1849 silly packumentCache full:https://registry.npmjs.org/picomatch cache-miss
1850 http cache https://registry.npmjs.org/picomatch 2ms (cache hit)
1851 silly packumentCache full:https://registry.npmjs.org/picomatch set size:126376 disposed:false
1852 http fetch GET 200 https://registry.npmjs.org/braces 246ms (cache miss)
1853 silly packumentCache full:https://registry.npmjs.org/braces set size:undefined disposed:false
1854 silly placeDep ROOT parent-module@1.0.1 OK for: import-fresh@3.3.1 want: ^1.0.0
1855 silly placeDep ROOT resolve-from@4.0.0 OK for: import-fresh@3.3.1 want: ^4.0.0
1856 silly fetch manifest callsites@^3.0.0
1857 silly packumentCache full:https://registry.npmjs.org/callsites cache-miss
1858 http fetch GET 200 https://registry.npmjs.org/callsites 19ms (cache miss)
1859 silly packumentCache full:https://registry.npmjs.org/callsites set size:undefined disposed:false
1860 silly placeDep ROOT side-channel@1.1.0 OK for: internal-slot@1.1.0 want: ^1.1.0
1861 silly fetch manifest side-channel-list@^1.0.0
1862 silly packumentCache full:https://registry.npmjs.org/side-channel-list cache-miss
1863 silly fetch manifest side-channel-map@^1.0.1
1864 silly packumentCache full:https://registry.npmjs.org/side-channel-map cache-miss
1865 silly fetch manifest side-channel-weakmap@^1.0.2
1866 silly packumentCache full:https://registry.npmjs.org/side-channel-weakmap cache-miss
1867 http fetch GET 200 https://registry.npmjs.org/side-channel-map 20ms (cache miss)
1868 silly packumentCache full:https://registry.npmjs.org/side-channel-map set size:undefined disposed:false
1869 http fetch GET 200 https://registry.npmjs.org/side-channel-weakmap 21ms (cache miss)
1870 silly packumentCache full:https://registry.npmjs.org/side-channel-weakmap set size:undefined disposed:false
1871 http fetch GET 200 https://registry.npmjs.org/side-channel-list 22ms (cache miss)
1872 silly packumentCache full:https://registry.npmjs.org/side-channel-list set size:undefined disposed:false
1873 silly placeDep ROOT is-extglob@2.1.1 OK for: is-glob@4.0.3 want: ^2.1.1
1874 silly placeDep ROOT set-function-name@2.0.2 OK for: iterator.prototype@1.1.5 want: ^2.0.2
1875 silly placeDep ROOT @isaacs/cliui@8.0.2 OK for: jackspeak@2.3.6 want: ^8.0.2
1876 silly placeDep ROOT @pkgjs/parseargs@0.11.0 OK for: jackspeak@2.3.6 want: ^0.11.0
1877 silly fetch manifest wrap-ansi@^8.1.0
1878 silly packumentCache full:https://registry.npmjs.org/wrap-ansi cache-miss
1879 silly fetch manifest strip-ansi@^7.0.1
1880 silly packumentCache full:https://registry.npmjs.org/strip-ansi cache-miss
1881 silly fetch manifest string-width@^5.1.2
1882 silly packumentCache full:https://registry.npmjs.org/string-width cache-miss
1883 silly fetch manifest wrap-ansi-cjs@npm:wrap-ansi@^7.0.0
1884 silly packumentCache full:https://registry.npmjs.org/wrap-ansi cache-miss
1885 silly fetch manifest strip-ansi-cjs@npm:strip-ansi@^6.0.1
1886 silly packumentCache full:https://registry.npmjs.org/strip-ansi cache-miss
1887 silly fetch manifest string-width-cjs@npm:string-width@^4.2.0
1888 silly packumentCache full:https://registry.npmjs.org/string-width cache-miss
1889 http cache https://registry.npmjs.org/strip-ansi 3ms (cache hit)
1890 silly packumentCache full:https://registry.npmjs.org/strip-ansi set size:44998 disposed:false
1891 http cache https://registry.npmjs.org/strip-ansi 5ms (cache hit)
1892 silly packumentCache full:https://registry.npmjs.org/strip-ansi set size:44998 disposed:false
1893 silly packumentCache full:https://registry.npmjs.org/strip-ansi dispose
1894 http fetch GET 200 https://registry.npmjs.org/string-width 18ms (cache miss)
1895 silly packumentCache full:https://registry.npmjs.org/string-width set size:undefined disposed:false
1896 http fetch GET 200 https://registry.npmjs.org/string-width 20ms (cache miss)
1897 silly packumentCache full:https://registry.npmjs.org/string-width set size:undefined disposed:false
1898 http fetch GET 200 https://registry.npmjs.org/wrap-ansi 21ms (cache miss)
1899 silly packumentCache full:https://registry.npmjs.org/wrap-ansi set size:undefined disposed:false
1900 http fetch GET 200 https://registry.npmjs.org/wrap-ansi 22ms (cache miss)
1901 silly packumentCache full:https://registry.npmjs.org/wrap-ansi set size:undefined disposed:false
1902 silly placeDep ROOT string-width@5.1.2 OK for: @isaacs/cliui@8.0.2 want: ^5.1.2
1903 silly placeDep ROOT string-width-cjs@4.2.3 OK for: @isaacs/cliui@8.0.2 want: npm:string-width@^4.2.0
1904 silly placeDep node_modules/@isaacs/cliui strip-ansi@7.2.0 OK for: @isaacs/cliui@8.0.2 want: ^7.0.1
1905 silly placeDep ROOT strip-ansi-cjs@6.0.1 OK for: @isaacs/cliui@8.0.2 want: npm:strip-ansi@^6.0.1
1906 silly placeDep ROOT wrap-ansi@8.1.0 OK for: @isaacs/cliui@8.0.2 want: ^8.1.0
1907 silly placeDep ROOT wrap-ansi-cjs@7.0.0 OK for: @isaacs/cliui@8.0.2 want: npm:wrap-ansi@^7.0.0
1908 silly fetch manifest eastasianwidth@^0.2.0
1909 silly packumentCache full:https://registry.npmjs.org/eastasianwidth cache-miss
1910 silly fetch manifest emoji-regex@^8.0.0
1911 silly packumentCache full:https://registry.npmjs.org/emoji-regex cache-miss
1912 silly fetch manifest is-fullwidth-code-point@^3.0.0
1913 silly packumentCache full:https://registry.npmjs.org/is-fullwidth-code-point cache-miss
1914 silly fetch manifest ansi-regex@^6.2.2
1915 silly packumentCache full:https://registry.npmjs.org/ansi-regex cache-miss
1916 silly fetch manifest ansi-styles@^6.1.0
1917 silly packumentCache full:https://registry.npmjs.org/ansi-styles cache-miss
1918 silly fetch manifest string-width@^4.1.0
1919 silly packumentCache full:https://registry.npmjs.org/string-width cache-miss
1920 http cache https://registry.npmjs.org/string-width 3ms (cache hit)
1921 silly packumentCache full:https://registry.npmjs.org/string-width set size:70381 disposed:false
1922 http cache https://registry.npmjs.org/emoji-regex 5ms (cache hit)
1923 silly packumentCache full:https://registry.npmjs.org/emoji-regex set size:89064 disposed:false
1924 http cache https://registry.npmjs.org/ansi-regex 8ms (cache hit)
1925 silly packumentCache full:https://registry.npmjs.org/ansi-regex set size:43572 disposed:false
1926 http cache https://registry.npmjs.org/ansi-styles 7ms (cache hit)
1927 silly packumentCache full:https://registry.npmjs.org/ansi-styles set size:63233 disposed:false
1928 http fetch GET 200 https://registry.npmjs.org/eastasianwidth 15ms (cache miss)
1929 silly packumentCache full:https://registry.npmjs.org/eastasianwidth set size:undefined disposed:false
1930 http fetch GET 200 https://registry.npmjs.org/is-fullwidth-code-point 246ms (cache miss)
1931 silly packumentCache full:https://registry.npmjs.org/is-fullwidth-code-point set size:undefined disposed:false
1932 silly placeDep ROOT argparse@2.0.1 OK for: js-yaml@4.1.1 want: ^2.0.1
1933 silly placeDep ROOT json-buffer@3.0.1 OK for: keyv@4.5.4 want: 3.0.1
1934 silly placeDep ROOT language-subtag-registry@0.3.23 OK for: language-tags@1.0.9 want: ^0.3.20
1935 silly placeDep ROOT prelude-ls@1.2.1 OK for: levn@0.4.1 want: ^1.2.1
1936 silly placeDep ROOT type-check@0.4.0 OK for: levn@0.4.1 want: ~0.4.0
1937 silly placeDep ROOT p-locate@5.0.0 OK for: locate-path@6.0.0 want: ^5.0.0
1938 silly fetch manifest p-limit@^3.0.2
1939 silly packumentCache full:https://registry.npmjs.org/p-limit cache-miss
1940 http fetch GET 200 https://registry.npmjs.org/p-limit 21ms (cache miss)
1941 silly packumentCache full:https://registry.npmjs.org/p-limit set size:undefined disposed:false
1942 silly placeDep ROOT braces@3.0.3 OK for: micromatch@4.0.8 want: ^3.0.3
1943 silly placeDep ROOT picomatch@2.3.2 OK for: micromatch@4.0.8 want: ^2.3.1
1944 silly fetch manifest fill-range@^7.1.1
1945 silly packumentCache full:https://registry.npmjs.org/fill-range cache-miss
1946 http fetch GET 200 https://registry.npmjs.org/fill-range 18ms (cache miss)
1947 silly packumentCache full:https://registry.npmjs.org/fill-range set size:undefined disposed:false
1948 silly placeDep ROOT fill-range@7.1.1 OK for: braces@3.0.3 want: ^7.1.1
1949 silly fetch manifest to-regex-range@^5.0.1
1950 silly packumentCache full:https://registry.npmjs.org/to-regex-range cache-miss
1951 http fetch GET 200 https://registry.npmjs.org/to-regex-range 23ms (cache miss)
1952 silly packumentCache full:https://registry.npmjs.org/to-regex-range set size:undefined disposed:false
1953 silly placeDep ROOT to-regex-range@5.0.1 OK for: fill-range@7.1.1 want: ^5.0.1
1954 silly fetch manifest is-number@^7.0.0
1955 silly packumentCache full:https://registry.npmjs.org/is-number cache-miss
1956 http fetch GET 200 https://registry.npmjs.org/is-number 242ms (cache miss)
1957 silly packumentCache full:https://registry.npmjs.org/is-number set size:undefined disposed:false
1958 silly placeDep ROOT brace-expansion@1.1.14 OK for: minimatch@3.1.5 want: ^1.1.7
1959 silly fetch manifest concat-map@0.0.1
1960 silly packumentCache full:https://registry.npmjs.org/concat-map cache-miss
1961 silly fetch manifest balanced-match@^1.0.0
1962 silly packumentCache full:https://registry.npmjs.org/balanced-match cache-miss
1963 http fetch GET 200 https://registry.npmjs.org/balanced-match 18ms (cache miss)
1964 silly packumentCache full:https://registry.npmjs.org/balanced-match set size:undefined disposed:false
1965 http fetch GET 200 https://registry.npmjs.org/concat-map 242ms (cache miss)
1966 silly packumentCache full:https://registry.npmjs.org/concat-map set size:undefined disposed:false
1967 silly placeDep ROOT balanced-match@1.0.2 OK for: brace-expansion@1.1.14 want: ^1.0.0
1968 silly placeDep ROOT concat-map@0.0.1 OK for: brace-expansion@1.1.14 want: 0.0.1
1969 silly fetch manifest react@^18.2.0
1970 silly packumentCache full:https://registry.npmjs.org/react cache-miss
1971 http cache https://registry.npmjs.org/react 16ms (cache hit)
1972 silly packumentCache full:https://registry.npmjs.org/react set size:6650647 disposed:false
1973 silly placeDep ROOT @next/env@14.2.3 OK for: next@14.2.3 want: 14.2.3
1974 silly placeDep ROOT @next/swc-darwin-arm64@14.2.3 OK for: next@14.2.3 want: 14.2.3
1975 silly placeDep ROOT @next/swc-darwin-x64@14.2.3 OK for: next@14.2.3 want: 14.2.3
1976 silly placeDep ROOT @next/swc-linux-arm64-gnu@14.2.3 OK for: next@14.2.3 want: 14.2.3
1977 silly placeDep ROOT @next/swc-linux-arm64-musl@14.2.3 OK for: next@14.2.3 want: 14.2.3
1978 silly placeDep ROOT @next/swc-linux-x64-gnu@14.2.3 OK for: next@14.2.3 want: 14.2.3
1979 silly placeDep ROOT @next/swc-linux-x64-musl@14.2.3 OK for: next@14.2.3 want: 14.2.3
1980 silly placeDep ROOT @next/swc-win32-arm64-msvc@14.2.3 OK for: next@14.2.3 want: 14.2.3
1981 silly placeDep ROOT @next/swc-win32-ia32-msvc@14.2.3 OK for: next@14.2.3 want: 14.2.3
1982 silly placeDep ROOT @next/swc-win32-x64-msvc@14.2.3 OK for: next@14.2.3 want: 14.2.3
1983 silly placeDep ROOT @swc/helpers@0.5.5 OK for: next@14.2.3 want: 0.5.5
1984 silly placeDep ROOT busboy@1.6.0 OK for: next@14.2.3 want: 1.6.0
1985 silly placeDep ROOT graceful-fs@4.2.11 OK for: next@14.2.3 want: ^4.2.11
1986 silly placeDep node_modules/next postcss@8.4.31 OK for: next@14.2.3 want: 8.4.31
1987 silly placeDep ROOT styled-jsx@5.1.1 OK for: next@14.2.3 want: 5.1.1
1988 silly fetch manifest @swc/counter@^0.1.3
1989 silly packumentCache full:https://registry.npmjs.org/@swc%2fcounter cache-miss
1990 silly fetch manifest streamsearch@^1.1.0
1991 silly packumentCache full:https://registry.npmjs.org/streamsearch cache-miss
1992 silly fetch manifest nanoid@^3.3.6
1993 silly packumentCache full:https://registry.npmjs.org/nanoid cache-miss
1994 silly fetch manifest source-map-js@^1.0.2
1995 silly packumentCache full:https://registry.npmjs.org/source-map-js cache-miss
1996 silly fetch manifest client-only@0.0.1
1997 silly packumentCache full:https://registry.npmjs.org/client-only cache-miss
1998 http cache https://registry.npmjs.org/source-map-js 3ms (cache hit)
1999 silly packumentCache full:https://registry.npmjs.org/source-map-js set size:62640 disposed:false
2000 http cache https://registry.npmjs.org/nanoid 5ms (cache hit)
2001 silly packumentCache full:https://registry.npmjs.org/nanoid set size:310559 disposed:false
2002 http fetch GET 200 https://registry.npmjs.org/streamsearch 19ms (cache miss)
2003 silly packumentCache full:https://registry.npmjs.org/streamsearch set size:undefined disposed:false
2004 http fetch GET 200 https://registry.npmjs.org/client-only 248ms (cache miss)
2005 silly packumentCache full:https://registry.npmjs.org/client-only set size:undefined disposed:false
2006 http fetch GET 200 https://registry.npmjs.org/@swc%2fcounter 1217ms (cache miss)
2007 silly packumentCache full:https://registry.npmjs.org/@swc%2fcounter set size:undefined disposed:false
2008 silly placeDep ROOT @swc/counter@0.1.3 OK for: @swc/helpers@0.5.5 want: ^0.1.3
2009 silly placeDep ROOT streamsearch@1.1.0 OK for: busboy@1.6.0 want: ^1.1.0
2010 silly placeDep ROOT deep-is@0.1.4 OK for: optionator@0.9.4 want: ^0.1.3
2011 silly placeDep ROOT fast-levenshtein@2.0.6 OK for: optionator@0.9.4 want: ^2.0.6
2012 silly placeDep ROOT word-wrap@1.2.5 OK for: optionator@0.9.4 want: ^1.2.5
2013 silly placeDep ROOT p-limit@3.1.0 OK for: p-locate@5.0.0 want: ^3.0.2
2014 silly fetch manifest yocto-queue@^0.1.0
2015 silly packumentCache full:https://registry.npmjs.org/yocto-queue cache-miss
2016 http fetch GET 200 https://registry.npmjs.org/yocto-queue 20ms (cache miss)
2017 silly packumentCache full:https://registry.npmjs.org/yocto-queue set size:undefined disposed:false
2018 silly placeDep ROOT yocto-queue@0.1.0 OK for: p-limit@3.1.0 want: ^0.1.0
2019 silly placeDep ROOT callsites@3.1.0 OK for: parent-module@1.0.1 want: ^3.0.0
2020 silly placeDep ROOT lru-cache@10.4.3 OK for: path-scurry@1.11.1 want: ^10.2.0
2021 silly placeDep ROOT nanoid@3.3.12 OK for: postcss@8.5.14 want: ^3.3.11
2022 silly placeDep ROOT source-map-js@1.2.1 OK for: postcss@8.5.14 want: ^1.2.1
2023 silly placeDep ROOT loose-envify@1.4.0 OK for: prop-types@15.8.1 want: ^1.4.0
2024 silly placeDep ROOT object-assign@4.1.1 OK for: prop-types@15.8.1 want: ^4.1.1
2025 silly placeDep ROOT react-is@16.13.1 OK for: prop-types@15.8.1 want: ^16.13.1
2026 silly fetch manifest js-tokens@^3.0.0 || ^4.0.0
2027 silly packumentCache full:https://registry.npmjs.org/js-tokens cache-miss
2028 http fetch GET 200 https://registry.npmjs.org/js-tokens 18ms (cache miss)
2029 silly packumentCache full:https://registry.npmjs.org/js-tokens set size:undefined disposed:false
2030 silly placeDep ROOT js-tokens@4.0.0 OK for: loose-envify@1.4.0 want: ^3.0.0 || ^4.0.0
2031 silly placeDep ROOT scheduler@0.23.2 OK for: react-dom@18.3.1 want: ^0.23.2
2032 silly placeDep ROOT node-exports-info@1.6.0 OK for: resolve@2.0.0-next.7 want: ^1.6.0
2033 silly placeDep ROOT path-parse@1.0.7 OK for: resolve@2.0.0-next.7 want: ^1.0.7
2034 silly placeDep ROOT supports-preserve-symlinks-flag@1.0.0 OK for: resolve@2.0.0-next.7 want: ^1.0.0
2035 silly placeDep node_modules/node-exports-info semver@6.3.1 OK for: node-exports-info@1.6.0 want: ^6.3.1
2036 silly placeDep node_modules/rimraf glob@7.2.3 OK for: rimraf@3.0.2 want: ^7.1.3
2037 silly fetch manifest once@^1.3.0
2038 silly packumentCache full:https://registry.npmjs.org/once cache-miss
2039 silly fetch manifest inflight@^1.0.4
2040 silly packumentCache full:https://registry.npmjs.org/inflight cache-miss
2041 silly fetch manifest inherits@2
2042 silly packumentCache full:https://registry.npmjs.org/inherits cache-miss
2043 silly fetch manifest fs.realpath@^1.0.0
2044 silly packumentCache full:https://registry.npmjs.org/fs.realpath cache-miss
2045 silly fetch manifest path-is-absolute@^1.0.0
2046 silly packumentCache full:https://registry.npmjs.org/path-is-absolute cache-miss
2047 http fetch GET 200 https://registry.npmjs.org/inherits 19ms (cache miss)
2048 silly packumentCache full:https://registry.npmjs.org/inherits set size:undefined disposed:false
2049 http fetch GET 200 https://registry.npmjs.org/path-is-absolute 20ms (cache miss)
2050 silly packumentCache full:https://registry.npmjs.org/path-is-absolute set size:undefined disposed:false
2051 http fetch GET 200 https://registry.npmjs.org/fs.realpath 20ms (cache miss)
2052 silly packumentCache full:https://registry.npmjs.org/fs.realpath set size:undefined disposed:false
2053 http fetch GET 200 https://registry.npmjs.org/inflight 244ms (cache miss)
2054 silly packumentCache full:https://registry.npmjs.org/inflight set size:undefined disposed:false
2055 http fetch GET 200 https://registry.npmjs.org/once 260ms (cache miss)
2056 silly packumentCache full:https://registry.npmjs.org/once set size:undefined disposed:false
2057 silly placeDep ROOT queue-microtask@1.2.3 OK for: run-parallel@1.2.0 want: ^1.2.2
2058 silly placeDep ROOT isarray@2.0.5 OK for: safe-array-concat@1.1.4 want: ^2.0.5
2059 silly placeDep ROOT shebang-regex@3.0.0 OK for: shebang-command@2.0.0 want: ^3.0.0
2060 silly placeDep ROOT side-channel-list@1.0.1 OK for: side-channel@1.1.0 want: ^1.0.0
2061 silly placeDep ROOT side-channel-map@1.0.1 OK for: side-channel@1.1.0 want: ^1.0.1
2062 silly placeDep ROOT side-channel-weakmap@1.0.2 OK for: side-channel@1.1.0 want: ^1.0.2
2063 silly placeDep ROOT eastasianwidth@0.2.0 OK for: string-width@5.1.2 want: ^0.2.0
2064 silly placeDep node_modules/string-width strip-ansi@7.2.0 OK for: string-width@5.1.2 want: ^7.0.1
2065 silly placeDep node_modules/string-width-cjs emoji-regex@8.0.0 OK for: string-width@4.2.3 want: ^8.0.0
2066 silly placeDep ROOT is-fullwidth-code-point@3.0.0 OK for: string-width@4.2.3 want: ^3.0.0
2067 silly placeDep ROOT ansi-regex@5.0.1 OK for: strip-ansi@6.0.1 want: ^5.0.1
2068 silly placeDep ROOT client-only@0.0.1 OK for: styled-jsx@5.1.1 want: 0.0.1
2069 silly placeDep ROOT has-flag@4.0.0 OK for: supports-color@7.2.0 want: ^4.0.0
2070 silly fetch manifest postcss@^8.4.47
2071 silly packumentCache full:https://registry.npmjs.org/postcss cache-hit
2072 silly fetch manifest tsx@^4.8.1
2073 silly packumentCache full:https://registry.npmjs.org/tsx cache-miss
2074 http fetch GET 200 https://registry.npmjs.org/tsx 254ms (cache miss)
2075 silly packumentCache full:https://registry.npmjs.org/tsx set size:undefined disposed:false
2076 silly fetch manifest yaml@^2.4.2
2077 silly packumentCache full:https://registry.npmjs.org/yaml cache-miss
2078 http fetch GET 200 https://registry.npmjs.org/yaml 261ms (cache miss)
2079 silly packumentCache full:https://registry.npmjs.org/yaml set size:undefined disposed:false
2080 silly placeDep ROOT @alloc/quick-lru@5.2.0 OK for: tailwindcss@3.4.19 want: ^5.2.0
2081 silly placeDep ROOT arg@5.0.2 OK for: tailwindcss@3.4.19 want: ^5.0.2
2082 silly placeDep ROOT chokidar@3.6.0 OK for: tailwindcss@3.4.19 want: ^3.6.0
2083 silly placeDep ROOT didyoumean@1.2.2 OK for: tailwindcss@3.4.19 want: ^1.2.2
2084 silly placeDep ROOT dlv@1.1.3 OK for: tailwindcss@3.4.19 want: ^1.1.3
2085 silly placeDep ROOT jiti@1.21.7 OK for: tailwindcss@3.4.19 want: ^1.21.7
2086 silly placeDep ROOT lilconfig@3.1.3 OK for: tailwindcss@3.4.19 want: ^3.1.3
2087 silly placeDep ROOT normalize-path@3.0.0 OK for: tailwindcss@3.4.19 want: ^3.0.0
2088 silly placeDep ROOT object-hash@3.0.0 OK for: tailwindcss@3.4.19 want: ^3.0.0
2089 silly placeDep ROOT postcss-import@15.1.0 OK for: tailwindcss@3.4.19 want: ^15.1.0
2090 silly placeDep ROOT postcss-js@4.1.0 OK for: tailwindcss@3.4.19 want: ^4.0.1
2091 silly placeDep ROOT postcss-load-config@6.0.1 OK for: tailwindcss@3.4.19 want: ^4.0.2 || ^5.0 || ^6.0
2092 silly placeDep ROOT postcss-nested@6.2.0 OK for: tailwindcss@3.4.19 want: ^6.2.0
2093 silly placeDep ROOT postcss-selector-parser@6.1.2 OK for: tailwindcss@3.4.19 want: ^6.1.2
2094 silly placeDep node_modules/tailwindcss resolve@1.22.12 OK for: tailwindcss@3.4.19 want: ^1.22.8
2095 silly placeDep ROOT sucrase@3.35.1 OK for: tailwindcss@3.4.19 want: ^3.35.0
2096 silly fetch manifest anymatch@~3.1.2
2097 silly packumentCache full:https://registry.npmjs.org/anymatch cache-miss
2098 silly fetch manifest readdirp@~3.6.0
2099 silly packumentCache full:https://registry.npmjs.org/readdirp cache-miss
2100 silly fetch manifest glob-parent@~5.1.2
2101 silly packumentCache full:https://registry.npmjs.org/glob-parent cache-hit
2102 silly fetch manifest is-binary-path@~2.1.0
2103 silly packumentCache full:https://registry.npmjs.org/is-binary-path cache-miss
2104 silly fetch manifest normalize-path@~3.0.0
2105 silly packumentCache full:https://registry.npmjs.org/normalize-path cache-miss
2106 silly fetch manifest fsevents@~2.3.2
2107 silly packumentCache full:https://registry.npmjs.org/fsevents cache-miss
2108 silly fetch manifest resolve@^1.1.7
2109 silly packumentCache full:https://registry.npmjs.org/resolve cache-hit
2110 silly fetch manifest read-cache@^1.0.0
2111 silly packumentCache full:https://registry.npmjs.org/read-cache cache-miss
2112 silly fetch manifest camelcase-css@^2.0.1
2113 silly packumentCache full:https://registry.npmjs.org/camelcase-css cache-miss
2114 silly fetch manifest postcss-selector-parser@^6.1.1
2115 silly packumentCache full:https://registry.npmjs.org/postcss-selector-parser cache-miss
2116 silly fetch manifest cssesc@^3.0.0
2117 silly packumentCache full:https://registry.npmjs.org/cssesc cache-miss
2118 http cache https://registry.npmjs.org/normalize-path 5ms (cache hit)
2119 silly packumentCache full:https://registry.npmjs.org/normalize-path set size:28713 disposed:false
2120 silly fetch manifest util-deprecate@^1.0.2
2121 silly packumentCache full:https://registry.npmjs.org/util-deprecate cache-miss
2122 http cache https://registry.npmjs.org/postcss-selector-parser 5ms (cache hit)
2123 silly packumentCache full:https://registry.npmjs.org/postcss-selector-parser set size:177140 disposed:false
2124 silly fetch manifest @jridgewell/gen-mapping@^0.3.2
2125 silly packumentCache full:https://registry.npmjs.org/@jridgewell%2fgen-mapping cache-miss
2126 http fetch GET 200 https://registry.npmjs.org/anymatch 18ms (cache miss)
2127 silly packumentCache full:https://registry.npmjs.org/anymatch set size:undefined disposed:false
2128 silly fetch manifest commander@^4.0.0
2129 silly packumentCache full:https://registry.npmjs.org/commander cache-miss
2130 http fetch GET 200 https://registry.npmjs.org/is-binary-path 20ms (cache miss)
2131 silly packumentCache full:https://registry.npmjs.org/is-binary-path set size:undefined disposed:false
2132 silly fetch manifest lines-and-columns@^1.1.6
2133 silly packumentCache full:https://registry.npmjs.org/lines-and-columns cache-miss
2134 http fetch GET 200 https://registry.npmjs.org/fsevents 23ms (cache miss)
2135 silly packumentCache full:https://registry.npmjs.org/fsevents set size:undefined disposed:false
2136 silly fetch manifest mz@^2.7.0
2137 silly packumentCache full:https://registry.npmjs.org/mz cache-miss
2138 http fetch GET 200 https://registry.npmjs.org/util-deprecate 20ms (cache miss)
2139 silly packumentCache full:https://registry.npmjs.org/util-deprecate set size:undefined disposed:false
2140 silly fetch manifest pirates@^4.0.1
2141 silly packumentCache full:https://registry.npmjs.org/pirates cache-miss
2142 http fetch GET 200 https://registry.npmjs.org/@jridgewell%2fgen-mapping 29ms (cache miss)
2143 silly packumentCache full:https://registry.npmjs.org/@jridgewell%2fgen-mapping set size:undefined disposed:false
2144 silly fetch manifest ts-interface-checker@^0.1.9
2145 silly packumentCache full:https://registry.npmjs.org/ts-interface-checker cache-miss
2146 http fetch GET 200 https://registry.npmjs.org/pirates 20ms (cache miss)
2147 silly packumentCache full:https://registry.npmjs.org/pirates set size:undefined disposed:false
2148 http fetch GET 200 https://registry.npmjs.org/commander 28ms (cache miss)
2149 silly packumentCache full:https://registry.npmjs.org/commander set size:undefined disposed:false
2150 http fetch GET 200 https://registry.npmjs.org/read-cache 247ms (cache miss)
2151 silly packumentCache full:https://registry.npmjs.org/read-cache set size:undefined disposed:false
2152 http fetch GET 200 https://registry.npmjs.org/readdirp 248ms (cache miss)
2153 silly packumentCache full:https://registry.npmjs.org/readdirp set size:undefined disposed:false
2154 http fetch GET 200 https://registry.npmjs.org/camelcase-css 258ms (cache miss)
2155 silly packumentCache full:https://registry.npmjs.org/camelcase-css set size:undefined disposed:false
2156 http fetch GET 200 https://registry.npmjs.org/cssesc 258ms (cache miss)
2157 silly packumentCache full:https://registry.npmjs.org/cssesc set size:undefined disposed:false
2158 http fetch GET 200 https://registry.npmjs.org/mz 241ms (cache miss)
2159 silly packumentCache full:https://registry.npmjs.org/mz set size:undefined disposed:false
2160 http fetch GET 200 https://registry.npmjs.org/lines-and-columns 254ms (cache miss)
2161 silly packumentCache full:https://registry.npmjs.org/lines-and-columns set size:undefined disposed:false
2162 http fetch GET 200 https://registry.npmjs.org/ts-interface-checker 242ms (cache miss)
2163 silly packumentCache full:https://registry.npmjs.org/ts-interface-checker set size:undefined disposed:false
2164 silly placeDep ROOT anymatch@3.1.3 OK for: chokidar@3.6.0 want: ~3.1.2
2165 silly placeDep ROOT fsevents@2.3.3 OK for: chokidar@3.6.0 want: ~2.3.2
2166 silly placeDep node_modules/chokidar glob-parent@5.1.2 OK for: chokidar@3.6.0 want: ~5.1.2
2167 silly placeDep ROOT is-binary-path@2.1.0 OK for: chokidar@3.6.0 want: ~2.1.0
2168 silly placeDep ROOT readdirp@3.6.0 OK for: chokidar@3.6.0 want: ~3.6.0
2169 silly fetch manifest binary-extensions@^2.0.0
2170 silly packumentCache full:https://registry.npmjs.org/binary-extensions cache-miss
2171 http fetch GET 200 https://registry.npmjs.org/binary-extensions 245ms (cache miss)
2172 silly packumentCache full:https://registry.npmjs.org/binary-extensions set size:undefined disposed:false
2173 silly placeDep ROOT binary-extensions@2.3.0 OK for: is-binary-path@2.1.0 want: ^2.0.0
2174 silly placeDep ROOT read-cache@1.0.0 OK for: postcss-import@15.1.0 want: ^1.0.0
2175 silly placeDep node_modules/postcss-import resolve@1.22.12 OK for: postcss-import@15.1.0 want: ^1.1.7
2176 silly fetch manifest pify@^2.3.0
2177 silly packumentCache full:https://registry.npmjs.org/pify cache-miss
2178 http fetch GET 200 https://registry.npmjs.org/pify 252ms (cache miss)
2179 silly packumentCache full:https://registry.npmjs.org/pify set size:undefined disposed:false
2180 silly placeDep ROOT camelcase-css@2.0.1 OK for: postcss-js@4.1.0 want: ^2.0.1
2181 silly placeDep ROOT cssesc@3.0.0 OK for: postcss-selector-parser@6.1.2 want: ^3.0.0
2182 silly placeDep ROOT util-deprecate@1.0.2 OK for: postcss-selector-parser@6.1.2 want: ^1.0.2
2183 silly placeDep ROOT pify@2.3.0 OK for: read-cache@1.0.0 want: ^2.3.0
2184 silly placeDep ROOT @jridgewell/gen-mapping@0.3.13 OK for: sucrase@3.35.1 want: ^0.3.2
2185 silly placeDep ROOT commander@4.1.1 OK for: sucrase@3.35.1 want: ^4.0.0
2186 silly placeDep ROOT lines-and-columns@1.2.4 OK for: sucrase@3.35.1 want: ^1.1.6
2187 silly placeDep ROOT mz@2.7.0 OK for: sucrase@3.35.1 want: ^2.7.0
2188 silly placeDep ROOT pirates@4.0.7 OK for: sucrase@3.35.1 want: ^4.0.1
2189 silly placeDep ROOT ts-interface-checker@0.1.13 OK for: sucrase@3.35.1 want: ^0.1.9
2190 silly fetch manifest @jridgewell/sourcemap-codec@^1.5.0
2191 silly packumentCache full:https://registry.npmjs.org/@jridgewell%2fsourcemap-codec cache-miss
2192 silly fetch manifest @jridgewell/trace-mapping@^0.3.24
2193 silly packumentCache full:https://registry.npmjs.org/@jridgewell%2ftrace-mapping cache-miss
2194 silly fetch manifest any-promise@^1.0.0
2195 silly packumentCache full:https://registry.npmjs.org/any-promise cache-miss
2196 silly fetch manifest thenify-all@^1.0.0
2197 silly packumentCache full:https://registry.npmjs.org/thenify-all cache-miss
2198 http fetch GET 200 https://registry.npmjs.org/any-promise 23ms (cache miss)
2199 silly packumentCache full:https://registry.npmjs.org/any-promise set size:undefined disposed:false
2200 http fetch GET 200 https://registry.npmjs.org/thenify-all 24ms (cache miss)
2201 silly packumentCache full:https://registry.npmjs.org/thenify-all set size:undefined disposed:false
2202 http fetch GET 200 https://registry.npmjs.org/@jridgewell%2ftrace-mapping 35ms (cache miss)
2203 silly packumentCache full:https://registry.npmjs.org/@jridgewell%2ftrace-mapping set size:undefined disposed:false
2204 http fetch GET 200 https://registry.npmjs.org/@jridgewell%2fsourcemap-codec 326ms (cache miss)
2205 silly packumentCache full:https://registry.npmjs.org/@jridgewell%2fsourcemap-codec set size:undefined disposed:false
2206 silly placeDep ROOT @jridgewell/sourcemap-codec@1.5.5 OK for: @jridgewell/gen-mapping@0.3.13 want: ^1.5.0
2207 silly placeDep ROOT @jridgewell/trace-mapping@0.3.31 OK for: @jridgewell/gen-mapping@0.3.13 want: ^0.3.24
2208 silly fetch manifest @jridgewell/resolve-uri@^3.1.0
2209 silly packumentCache full:https://registry.npmjs.org/@jridgewell%2fresolve-uri cache-miss
2210 http fetch GET 200 https://registry.npmjs.org/@jridgewell%2fresolve-uri 568ms (cache miss)
2211 silly packumentCache full:https://registry.npmjs.org/@jridgewell%2fresolve-uri set size:undefined disposed:false
2212 silly placeDep ROOT @jridgewell/resolve-uri@3.1.2 OK for: @jridgewell/trace-mapping@0.3.31 want: ^3.1.0
2213 silly placeDep ROOT any-promise@1.3.0 OK for: mz@2.7.0 want: ^1.0.0
2214 silly placeDep ROOT thenify-all@1.6.0 OK for: mz@2.7.0 want: ^1.0.0
2215 silly fetch manifest thenify@>= 3.1.0 < 4
2216 silly packumentCache full:https://registry.npmjs.org/thenify cache-miss
2217 http fetch GET 200 https://registry.npmjs.org/thenify 18ms (cache miss)
2218 silly packumentCache full:https://registry.npmjs.org/thenify set size:undefined disposed:false
2219 silly placeDep ROOT thenify@3.3.1 OK for: thenify-all@1.6.0 want: >= 3.1.0 < 4
2220 silly placeDep node_modules/tinyglobby fdir@6.5.0 OK for: tinyglobby@0.2.16 want: ^6.5.0
2221 silly placeDep node_modules/tinyglobby picomatch@4.0.4 OK for: fdir@6.5.0 want: ^3 || ^4
2222 silly placeDep ROOT is-number@7.0.0 OK for: to-regex-range@5.0.1 want: ^7.0.0
2223 silly placeDep ROOT @types/json5@0.0.29 OK for: tsconfig-paths@3.15.0 want: ^0.0.29
2224 silly placeDep ROOT json5@1.0.2 OK for: tsconfig-paths@3.15.0 want: ^1.0.2
2225 silly placeDep ROOT minimist@1.2.8 OK for: tsconfig-paths@3.15.0 want: ^1.2.6
2226 silly placeDep ROOT strip-bom@3.0.0 OK for: tsconfig-paths@3.15.0 want: ^3.0.0
2227 silly fetch manifest minimist@^1.2.0
2228 silly packumentCache full:https://registry.npmjs.org/minimist cache-miss
2229 http cache https://registry.npmjs.org/minimist 2ms (cache hit)
2230 silly packumentCache full:https://registry.npmjs.org/minimist set size:77063 disposed:false
2231 silly placeDep ROOT for-each@0.3.5 OK for: typed-array-byte-length@1.0.3 want: ^0.3.3
2232 silly placeDep ROOT reflect.getprototypeof@1.0.10 OK for: typed-array-byte-offset@1.0.4 want: ^1.0.9
2233 silly fetch manifest which-builtin-type@^1.2.1
2234 silly packumentCache full:https://registry.npmjs.org/which-builtin-type cache-miss
2235 http fetch GET 200 https://registry.npmjs.org/which-builtin-type 248ms (cache miss)
2236 silly packumentCache full:https://registry.npmjs.org/which-builtin-type set size:undefined disposed:false
2237 silly placeDep ROOT which-builtin-type@1.2.1 OK for: reflect.getprototypeof@1.0.10 want: ^1.2.1
2238 silly fetch manifest is-async-function@^2.0.0
2239 silly packumentCache full:https://registry.npmjs.org/is-async-function cache-miss
2240 silly fetch manifest is-finalizationregistry@^1.1.0
2241 silly packumentCache full:https://registry.npmjs.org/is-finalizationregistry cache-miss
2242 silly fetch manifest is-generator-function@^1.0.10
2243 silly packumentCache full:https://registry.npmjs.org/is-generator-function cache-miss
2244 silly fetch manifest which-boxed-primitive@^1.1.0
2245 silly packumentCache full:https://registry.npmjs.org/which-boxed-primitive cache-miss
2246 silly fetch manifest which-collection@^1.0.2
2247 silly packumentCache full:https://registry.npmjs.org/which-collection cache-miss
2248 http cache https://registry.npmjs.org/which-boxed-primitive 5ms (cache hit)
2249 silly packumentCache full:https://registry.npmjs.org/which-boxed-primitive set size:19407 disposed:false
2250 http fetch GET 200 https://registry.npmjs.org/is-finalizationregistry 21ms (cache miss)
2251 silly packumentCache full:https://registry.npmjs.org/is-finalizationregistry set size:undefined disposed:false
2252 http fetch GET 200 https://registry.npmjs.org/is-generator-function 248ms (cache miss)
2253 silly packumentCache full:https://registry.npmjs.org/is-generator-function set size:undefined disposed:false
2254 http fetch GET 200 https://registry.npmjs.org/which-collection 255ms (cache miss)
2255 silly packumentCache full:https://registry.npmjs.org/which-collection set size:undefined disposed:false
2256 http fetch GET 200 https://registry.npmjs.org/is-async-function 259ms (cache miss)
2257 silly packumentCache full:https://registry.npmjs.org/is-async-function set size:undefined disposed:false
2258 silly placeDep ROOT has-bigints@1.1.0 OK for: unbox-primitive@1.1.0 want: ^1.0.2
2259 silly placeDep ROOT which-boxed-primitive@1.1.1 OK for: unbox-primitive@1.1.0 want: ^1.1.1
2260 silly fetch manifest is-bigint@^1.1.0
2261 silly packumentCache full:https://registry.npmjs.org/is-bigint cache-miss
2262 silly fetch manifest is-boolean-object@^1.2.1
2263 silly packumentCache full:https://registry.npmjs.org/is-boolean-object cache-miss
2264 silly fetch manifest is-number-object@^1.1.1
2265 silly packumentCache full:https://registry.npmjs.org/is-number-object cache-miss
2266 http fetch GET 200 https://registry.npmjs.org/is-bigint 19ms (cache miss)
2267 silly packumentCache full:https://registry.npmjs.org/is-bigint set size:undefined disposed:false
2268 http fetch GET 200 https://registry.npmjs.org/is-number-object 19ms (cache miss)
2269 silly packumentCache full:https://registry.npmjs.org/is-number-object set size:undefined disposed:false
2270 http fetch GET 200 https://registry.npmjs.org/is-boolean-object 245ms (cache miss)
2271 silly packumentCache full:https://registry.npmjs.org/is-boolean-object set size:undefined disposed:false
2272 silly placeDep ROOT @unrs/resolver-binding-android-arm-eabi@1.11.1 OK for: unrs-resolver@1.11.1 want: 1.11.1
2273 silly placeDep ROOT @unrs/resolver-binding-android-arm64@1.11.1 OK for: unrs-resolver@1.11.1 want: 1.11.1
2274 silly placeDep ROOT @unrs/resolver-binding-darwin-arm64@1.11.1 OK for: unrs-resolver@1.11.1 want: 1.11.1
2275 silly placeDep ROOT @unrs/resolver-binding-darwin-x64@1.11.1 OK for: unrs-resolver@1.11.1 want: 1.11.1
2276 silly placeDep ROOT @unrs/resolver-binding-freebsd-x64@1.11.1 OK for: unrs-resolver@1.11.1 want: 1.11.1
2277 silly placeDep ROOT @unrs/resolver-binding-linux-arm-gnueabihf@1.11.1 OK for: unrs-resolver@1.11.1 want: 1.11.1
2278 silly placeDep ROOT @unrs/resolver-binding-linux-arm-musleabihf@1.11.1 OK for: unrs-resolver@1.11.1 want: 1.11.1
2279 silly placeDep ROOT @unrs/resolver-binding-linux-arm64-gnu@1.11.1 OK for: unrs-resolver@1.11.1 want: 1.11.1
2280 silly placeDep ROOT @unrs/resolver-binding-linux-arm64-musl@1.11.1 OK for: unrs-resolver@1.11.1 want: 1.11.1
2281 silly placeDep ROOT @unrs/resolver-binding-linux-ppc64-gnu@1.11.1 OK for: unrs-resolver@1.11.1 want: 1.11.1
2282 silly placeDep ROOT @unrs/resolver-binding-linux-riscv64-gnu@1.11.1 OK for: unrs-resolver@1.11.1 want: 1.11.1
2283 silly placeDep ROOT @unrs/resolver-binding-linux-riscv64-musl@1.11.1 OK for: unrs-resolver@1.11.1 want: 1.11.1
2284 silly placeDep ROOT @unrs/resolver-binding-linux-s390x-gnu@1.11.1 OK for: unrs-resolver@1.11.1 want: 1.11.1
2285 silly placeDep ROOT @unrs/resolver-binding-linux-x64-gnu@1.11.1 OK for: unrs-resolver@1.11.1 want: 1.11.1
2286 silly placeDep ROOT @unrs/resolver-binding-linux-x64-musl@1.11.1 OK for: unrs-resolver@1.11.1 want: 1.11.1
2287 silly placeDep ROOT @unrs/resolver-binding-wasm32-wasi@1.11.1 OK for: unrs-resolver@1.11.1 want: 1.11.1
2288 silly placeDep ROOT @unrs/resolver-binding-win32-arm64-msvc@1.11.1 OK for: unrs-resolver@1.11.1 want: 1.11.1
2289 silly placeDep ROOT @unrs/resolver-binding-win32-ia32-msvc@1.11.1 OK for: unrs-resolver@1.11.1 want: 1.11.1
2290 silly placeDep ROOT @unrs/resolver-binding-win32-x64-msvc@1.11.1 OK for: unrs-resolver@1.11.1 want: 1.11.1
2291 silly placeDep ROOT napi-postinstall@0.3.4 OK for: unrs-resolver@1.11.1 want: ^0.3.0
2292 silly fetch manifest @napi-rs/wasm-runtime@^0.2.11
2293 silly packumentCache full:https://registry.npmjs.org/@napi-rs%2fwasm-runtime cache-miss
2294 http fetch GET 200 https://registry.npmjs.org/@napi-rs%2fwasm-runtime 34ms (cache miss)
2295 silly packumentCache full:https://registry.npmjs.org/@napi-rs%2fwasm-runtime set size:undefined disposed:false
2296 silly placeDep ROOT @napi-rs/wasm-runtime@0.2.12 OK for: @unrs/resolver-binding-wasm32-wasi@1.11.1 want: ^0.2.11
2297 silly fetch manifest @emnapi/core@^1.4.3
2298 silly packumentCache full:https://registry.npmjs.org/@emnapi%2fcore cache-miss
2299 silly fetch manifest @emnapi/runtime@^1.4.3
2300 silly packumentCache full:https://registry.npmjs.org/@emnapi%2fruntime cache-miss
2301 silly fetch manifest @tybys/wasm-util@^0.10.0
2302 silly packumentCache full:https://registry.npmjs.org/@tybys%2fwasm-util cache-miss
2303 http fetch GET 200 https://registry.npmjs.org/@emnapi%2fcore 29ms (cache miss)
2304 silly packumentCache full:https://registry.npmjs.org/@emnapi%2fcore set size:undefined disposed:false
2305 http fetch GET 200 https://registry.npmjs.org/@tybys%2fwasm-util 29ms (cache miss)
2306 silly packumentCache full:https://registry.npmjs.org/@tybys%2fwasm-util set size:undefined disposed:false
2307 http fetch GET 200 https://registry.npmjs.org/@emnapi%2fruntime 786ms (cache miss)
2308 silly packumentCache full:https://registry.npmjs.org/@emnapi%2fruntime set size:undefined disposed:false
2309 silly placeDep ROOT @emnapi/core@1.10.0 OK for: @napi-rs/wasm-runtime@0.2.12 want: ^1.4.3
2310 silly placeDep ROOT @emnapi/runtime@1.10.0 OK for: @napi-rs/wasm-runtime@0.2.12 want: ^1.4.3
2311 silly placeDep ROOT @tybys/wasm-util@0.10.2 OK for: @napi-rs/wasm-runtime@0.2.12 want: ^0.10.0
2312 silly fetch manifest @emnapi/wasi-threads@1.2.1
2313 silly packumentCache full:https://registry.npmjs.org/@emnapi%2fwasi-threads cache-miss
2314 http fetch GET 200 https://registry.npmjs.org/@emnapi%2fwasi-threads 43ms (cache miss)
2315 silly packumentCache full:https://registry.npmjs.org/@emnapi%2fwasi-threads set size:undefined disposed:false
2316 silly placeDep ROOT @emnapi/wasi-threads@1.2.1 OK for: @emnapi/core@1.10.0 want: 1.2.1
2317 silly placeDep ROOT escalade@3.2.0 OK for: update-browserslist-db@1.2.3 want: ^3.2.0
2318 silly placeDep ROOT punycode@2.3.1 OK for: uri-js@4.4.1 want: ^2.1.0
2319 silly placeDep ROOT isexe@2.0.0 OK for: which@2.0.2 want: ^2.0.0
2320 silly placeDep ROOT is-bigint@1.1.0 OK for: which-boxed-primitive@1.1.1 want: ^1.1.0
2321 silly placeDep ROOT is-boolean-object@1.2.2 OK for: which-boxed-primitive@1.1.1 want: ^1.2.1
2322 silly placeDep ROOT is-number-object@1.1.1 OK for: which-boxed-primitive@1.1.1 want: ^1.1.1
2323 silly placeDep ROOT is-async-function@2.1.1 OK for: which-builtin-type@1.2.1 want: ^2.0.0
2324 silly placeDep ROOT is-finalizationregistry@1.1.1 OK for: which-builtin-type@1.2.1 want: ^1.1.0
2325 silly placeDep ROOT is-generator-function@1.1.2 OK for: which-builtin-type@1.2.1 want: ^1.0.10
2326 silly placeDep ROOT which-collection@1.0.2 OK for: which-builtin-type@1.2.1 want: ^1.0.2
2327 silly fetch manifest async-function@^1.0.0
2328 silly packumentCache full:https://registry.npmjs.org/async-function cache-miss
2329 silly fetch manifest generator-function@^2.0.0
2330 silly packumentCache full:https://registry.npmjs.org/generator-function cache-miss
2331 silly fetch manifest is-map@^2.0.3
2332 silly packumentCache full:https://registry.npmjs.org/is-map cache-miss
2333 silly fetch manifest is-weakmap@^2.0.2
2334 silly packumentCache full:https://registry.npmjs.org/is-weakmap cache-miss
2335 silly fetch manifest is-weakset@^2.0.3
2336 silly packumentCache full:https://registry.npmjs.org/is-weakset cache-miss
2337 http fetch GET 200 https://registry.npmjs.org/async-function 22ms (cache miss)
2338 silly packumentCache full:https://registry.npmjs.org/async-function set size:undefined disposed:false
2339 http fetch GET 200 https://registry.npmjs.org/is-map 22ms (cache miss)
2340 silly packumentCache full:https://registry.npmjs.org/is-map set size:undefined disposed:false
2341 http fetch GET 200 https://registry.npmjs.org/generator-function 22ms (cache miss)
2342 silly packumentCache full:https://registry.npmjs.org/generator-function set size:undefined disposed:false
2343 http fetch GET 200 https://registry.npmjs.org/is-weakmap 23ms (cache miss)
2344 silly packumentCache full:https://registry.npmjs.org/is-weakmap set size:undefined disposed:false
2345 http fetch GET 200 https://registry.npmjs.org/is-weakset 245ms (cache miss)
2346 silly packumentCache full:https://registry.npmjs.org/is-weakset set size:undefined disposed:false
2347 silly placeDep ROOT async-function@1.0.0 OK for: is-async-function@2.1.1 want: ^1.0.0
2348 silly placeDep ROOT generator-function@2.0.1 OK for: is-generator-function@1.1.2 want: ^2.0.0
2349 silly placeDep ROOT is-map@2.0.3 OK for: which-collection@1.0.2 want: ^2.0.3
2350 silly placeDep ROOT is-weakmap@2.0.2 OK for: which-collection@1.0.2 want: ^2.0.2
2351 silly placeDep ROOT is-weakset@2.0.4 OK for: which-collection@1.0.2 want: ^2.0.3
2352 silly placeDep node_modules/wrap-ansi ansi-styles@6.2.3 OK for: wrap-ansi@8.1.0 want: ^6.1.0
2353 silly placeDep node_modules/wrap-ansi strip-ansi@7.2.0 OK for: wrap-ansi@8.1.0 want: ^7.0.1
2354 silly placeDep node_modules/wrap-ansi-cjs string-width@4.2.3 OK for: wrap-ansi@7.0.0 want: ^4.1.0
2355 silly placeDep node_modules/@isaacs/cliui ansi-regex@6.2.2 OK for: strip-ansi@7.2.0 want: ^6.2.2
2356 silly placeDep node_modules/@typescript-eslint/typescript-estree brace-expansion@2.1.0 OK for: minimatch@9.0.3 want: ^2.0.1
2357 silly placeDep node_modules/glob brace-expansion@2.1.0 OK for: minimatch@9.0.9 want: ^2.0.2
2358 silly placeDep ROOT fs.realpath@1.0.0 OK for: glob@7.2.3 want: ^1.0.0
2359 silly placeDep ROOT inflight@1.0.6 OK for: glob@7.2.3 want: ^1.0.4
2360 silly placeDep ROOT inherits@2.0.4 OK for: glob@7.2.3 want: 2
2361 silly placeDep ROOT once@1.4.0 OK for: glob@7.2.3 want: ^1.3.0
2362 silly placeDep ROOT path-is-absolute@1.0.1 OK for: glob@7.2.3 want: ^1.0.0
2363 silly fetch manifest wrappy@1
2364 silly packumentCache full:https://registry.npmjs.org/wrappy cache-miss
2365 silly fetch manifest wrappy@1
2366 silly packumentCache full:https://registry.npmjs.org/wrappy cache-miss
2367 http fetch GET 200 https://registry.npmjs.org/wrappy 17ms (cache miss)
2368 silly packumentCache full:https://registry.npmjs.org/wrappy set size:undefined disposed:false
2369 http fetch GET 200 https://registry.npmjs.org/wrappy 18ms (cache miss)
2370 silly packumentCache full:https://registry.npmjs.org/wrappy set size:undefined disposed:false
2371 silly placeDep ROOT wrappy@1.0.2 OK for: inflight@1.0.6 want: 1
2372 silly placeDep node_modules/string-width ansi-regex@6.2.2 OK for: strip-ansi@7.2.0 want: ^6.2.2
2373 silly placeDep node_modules/wrap-ansi-cjs emoji-regex@8.0.0 OK for: string-width@4.2.3 want: ^8.0.0
2374 silly placeDep node_modules/wrap-ansi ansi-regex@6.2.2 OK for: strip-ansi@7.2.0 want: ^6.2.2
2375 silly reify moves {}
2376 silly audit bulk request {
2376 silly audit   '@types/node': [ '20.19.41' ],
2376 silly audit   '@types/react': [ '18.3.28' ],
2376 silly audit   '@types/react-dom': [ '18.3.7' ],
2376 silly audit   autoprefixer: [ '10.5.0' ],
2376 silly audit   postcss: [ '8.5.14', '8.4.31' ],
2376 silly audit   eslint: [ '8.57.1' ],
2376 silly audit   'eslint-config-next': [ '14.2.3' ],
2376 silly audit   'framer-motion': [ '11.18.2' ],
2376 silly audit   next: [ '14.2.3' ],
2376 silly audit   react: [ '18.3.1' ],
2376 silly audit   'react-dom': [ '18.3.1' ],
2376 silly audit   tailwindcss: [ '3.4.19' ],
2376 silly audit   typescript: [ '5.9.3' ],
2376 silly audit   'undici-types': [ '6.21.0' ],
2376 silly audit   '@types/prop-types': [ '15.7.15' ],
2376 silly audit   csstype: [ '3.2.3' ],
2376 silly audit   browserslist: [ '4.28.2' ],
2376 silly audit   'caniuse-lite': [ '1.0.30001793' ],
2376 silly audit   'fraction.js': [ '5.3.4' ],
2376 silly audit   picocolors: [ '1.1.1' ],
2376 silly audit   'postcss-value-parser': [ '4.2.0' ],
2376 silly audit   'baseline-browser-mapping': [ '2.10.30' ],
2376 silly audit   'electron-to-chromium': [ '1.5.357' ],
2376 silly audit   'node-releases': [ '2.0.44' ],
2376 silly audit   'update-browserslist-db': [ '1.2.3' ],
2376 silly audit   '@eslint-community/eslint-utils': [ '4.9.1' ],
2376 silly audit   '@eslint-community/regexpp': [ '4.12.2' ],
2376 silly audit   '@eslint/eslintrc': [ '2.1.4' ],
2376 silly audit   '@eslint/js': [ '8.57.1' ],
2376 silly audit   '@humanwhocodes/config-array': [ '0.13.0' ],
2376 silly audit   '@humanwhocodes/module-importer': [ '1.0.1' ],
2376 silly audit   '@nodelib/fs.walk': [ '1.2.8' ],
2376 silly audit   '@ungap/structured-clone': [ '1.3.1' ],
2376 silly audit   ajv: [ '6.15.0' ],
2376 silly audit   chalk: [ '4.1.2' ],
2376 silly audit   'cross-spawn': [ '7.0.6' ],
2376 silly audit   debug: [ '4.4.3', '3.2.7' ],
2376 silly audit   doctrine: [ '3.0.0', '2.1.0' ],
2376 silly audit   'escape-string-regexp': [ '4.0.0' ],
2376 silly audit   'eslint-scope': [ '7.2.2' ],
2376 silly audit   'eslint-visitor-keys': [ '3.4.3' ],
2376 silly audit   espree: [ '9.6.1' ],
2376 silly audit   esquery: [ '1.7.0' ],
2376 silly audit   esutils: [ '2.0.3' ],
2376 silly audit   'fast-deep-equal': [ '3.1.3' ],
2376 silly audit   'file-entry-cache': [ '6.0.1' ],
2376 silly audit   'find-up': [ '5.0.0' ],
2376 silly audit   'glob-parent': [ '6.0.2', '5.1.2' ],
2376 silly audit   globals: [ '13.24.0' ],
2376 silly audit   graphemer: [ '1.4.0' ],
2376 silly audit   ignore: [ '5.3.2' ],
2376 silly audit   imurmurhash: [ '0.1.4' ],
2376 silly audit   'is-glob': [ '4.0.3' ],
2376 silly audit   'is-path-inside': [ '3.0.3' ],
2376 silly audit   'js-yaml': [ '4.1.1' ],
2376 silly audit   'json-stable-stringify-without-jsonify': [ '1.0.1' ],
2376 silly audit   levn: [ '0.4.1' ],
2376 silly audit   'lodash.merge': [ '4.6.2' ],
2376 silly audit   minimatch: [ '3.1.5', '9.0.3', '9.0.9' ],
2376 silly audit   'natural-compare': [ '1.4.0' ],
2376 silly audit   optionator: [ '0.9.4' ],
2376 silly audit   'strip-ansi': [ '6.0.1', '7.2.0' ],
2376 silly audit   'text-table': [ '0.2.0' ],
2376 silly audit   'import-fresh': [ '3.3.1' ],
2376 silly audit   'strip-json-comments': [ '3.1.1' ],
2376 silly audit   '@humanwhocodes/object-schema': [ '2.0.3' ],
2376 silly audit   '@nodelib/fs.scandir': [ '2.1.5' ],
2376 silly audit   fastq: [ '1.20.1' ],
2376 silly audit   '@nodelib/fs.stat': [ '2.0.5' ],
2376 silly audit   'run-parallel': [ '1.2.0' ],
2376 silly audit   'fast-json-stable-stringify': [ '2.1.0' ],
2376 silly audit   'json-schema-traverse': [ '0.4.1' ],
2376 silly audit   'uri-js': [ '4.4.1' ],
2376 silly audit   'ansi-styles': [ '4.3.0', '6.2.3' ],
2376 silly audit   'supports-color': [ '7.2.0' ],
2376 silly audit   'color-convert': [ '2.0.1' ],
2376 silly audit   'color-name': [ '1.1.4' ],
2376 silly audit   'path-key': [ '3.1.1' ],
2376 silly audit   'shebang-command': [ '2.0.0' ],
2376 silly audit   which: [ '2.0.2' ],
2376 silly audit   ms: [ '2.1.3' ],
2376 silly audit   '@next/eslint-plugin-next': [ '14.2.3' ],
2376 silly audit   '@rushstack/eslint-patch': [ '1.16.1' ],
2376 silly audit   '@typescript-eslint/parser': [ '7.2.0' ],
2376 silly audit   'eslint-import-resolver-node': [ '0.3.10' ],
2376 silly audit   'eslint-import-resolver-typescript': [ '3.10.1' ],
2376 silly audit   'eslint-plugin-import': [ '2.32.0' ],
2376 silly audit   'eslint-plugin-jsx-a11y': [ '6.10.2' ],
2376 silly audit   'eslint-plugin-react': [ '7.37.5' ],
2376 silly audit   'eslint-plugin-react-hooks': [ '5.0.0-canary-7118f5dd7-20230705' ],
2376 silly audit   glob: [ '10.3.10', '7.2.3' ],
2376 silly audit   '@typescript-eslint/scope-manager': [ '7.2.0' ],
2376 silly audit   '@typescript-eslint/types': [ '7.2.0' ],
2376 silly audit   '@typescript-eslint/typescript-estree': [ '7.2.0' ],
2376 silly audit   '@typescript-eslint/visitor-keys': [ '7.2.0' ],
2376 silly audit   globby: [ '11.1.0' ],
2376 silly audit   semver: [ '7.8.0', '6.3.1' ],
2376 silly audit   'ts-api-utils': [ '1.4.3' ],
2376 silly audit   'is-core-module': [ '2.16.2' ],
2376 silly audit   resolve: [ '2.0.0-next.7', '1.22.12' ],
2376 silly audit   '@nolyfill/is-core-module': [ '1.0.39' ],
2376 silly audit   'get-tsconfig': [ '4.14.0' ],
2376 silly audit   'is-bun-module': [ '2.0.0' ],
2376 silly audit   'stable-hash': [ '0.0.5' ],
2376 silly audit   tinyglobby: [ '0.2.16' ],
2376 silly audit   'unrs-resolver': [ '1.11.1' ],
2376 silly audit   '@rtsao/scc': [ '1.1.0' ],
2376 silly audit   'array-includes': [ '3.1.9' ],
2376 silly audit   'array.prototype.findlastindex': [ '1.2.6' ],
2376 silly audit   'array.prototype.flat': [ '1.3.3' ],
2376 silly audit   'array.prototype.flatmap': [ '1.3.3' ],
2376 silly audit   'eslint-module-utils': [ '2.12.1' ],
2376 silly audit   hasown: [ '2.0.3' ],
2376 silly audit   'object.fromentries': [ '2.0.8' ],
2376 silly audit   'object.groupby': [ '1.0.3' ],
2376 silly audit   'object.values': [ '1.2.1' ],
2376 silly audit   'string.prototype.trimend': [ '1.0.9' ],
2376 silly audit   'tsconfig-paths': [ '3.15.0' ],
2376 silly audit   'call-bind': [ '1.0.9' ],
2376 silly audit   'call-bound': [ '1.0.4' ],
2376 silly audit   'define-properties': [ '1.2.1' ],
2376 silly audit   'es-abstract': [ '1.24.2' ],
2376 silly audit   'es-object-atoms': [ '1.1.1' ],
2376 silly audit   'get-intrinsic': [ '1.3.0' ],
2376 silly audit   'is-string': [ '1.1.1' ],
2376 silly audit   'math-intrinsics': [ '1.1.0' ],
2376 silly audit   'es-errors': [ '1.3.0' ],
2376 silly audit   'es-shim-unscopables': [ '1.1.0' ],
2376 silly audit   'call-bind-apply-helpers': [ '1.0.2' ],
2376 silly audit   'es-define-property': [ '1.0.1' ],
2376 silly audit   'set-function-length': [ '1.2.2' ],
2376 silly audit   'function-bind': [ '1.1.2' ],
2376 silly audit   'define-data-property': [ '1.1.4' ],
2376 silly audit   'has-property-descriptors': [ '1.0.2' ],
2376 silly audit   'object-keys': [ '1.1.1' ],
2376 silly audit   gopd: [ '1.2.0' ],
2376 silly audit   'array-buffer-byte-length': [ '1.0.2' ],
2376 silly audit   'arraybuffer.prototype.slice': [ '1.0.4' ],
2376 silly audit   'available-typed-arrays': [ '1.0.7' ],
2376 silly audit   'data-view-buffer': [ '1.0.2' ],
2376 silly audit   'data-view-byte-length': [ '1.0.2' ],
2376 silly audit   'data-view-byte-offset': [ '1.0.1' ],
2376 silly audit   'es-set-tostringtag': [ '2.1.0' ],
2376 silly audit   'es-to-primitive': [ '1.3.0' ],
2376 silly audit   'function.prototype.name': [ '1.1.8' ],
2376 silly audit   'get-proto': [ '1.0.1' ],
2376 silly audit   'get-symbol-description': [ '1.1.0' ],
2376 silly audit   globalthis: [ '1.0.4' ],
2376 silly audit   'has-proto': [ '1.2.0' ],
2376 silly audit   'has-symbols': [ '1.1.0' ],
2376 silly audit   'internal-slot': [ '1.1.0' ],
2376 silly audit   'is-array-buffer': [ '3.0.5' ],
2376 silly audit   'is-callable': [ '1.2.7' ],
2376 silly audit   'is-data-view': [ '1.0.2' ],
2376 silly audit   'is-negative-zero': [ '2.0.3' ],
2376 silly audit   'is-regex': [ '1.2.1' ],
2376 silly audit   'is-set': [ '2.0.3' ],
2376 silly audit   'is-shared-array-buffer': [ '1.0.4' ],
2376 silly audit   'is-typed-array': [ '1.1.15' ],
2376 silly audit   'is-weakref': [ '1.1.1' ],
2376 silly audit   'object-inspect': [ '1.13.4' ],
2376 silly audit   'object.assign': [ '4.1.7' ],
2376 silly audit   'own-keys': [ '1.0.1' ],
2376 silly audit   'regexp.prototype.flags': [ '1.5.4' ],
2376 silly audit   'safe-array-concat': [ '1.1.4' ],
2376 silly audit   'safe-push-apply': [ '1.0.0' ],
2376 silly audit   'safe-regex-test': [ '1.1.0' ],
2376 silly audit   'set-proto': [ '1.0.0' ],
2376 silly audit   'stop-iteration-iterator': [ '1.1.0' ],
2376 silly audit   'string.prototype.trim': [ '1.2.10' ],
2376 silly audit   'string.prototype.trimstart': [ '1.0.8' ],
2376 silly audit   'typed-array-buffer': [ '1.0.3' ],
2376 silly audit   'typed-array-byte-length': [ '1.0.3' ],
2376 silly audit   'typed-array-byte-offset': [ '1.0.4' ],
2376 silly audit   'typed-array-length': [ '1.0.7' ],
2376 silly audit   'unbox-primitive': [ '1.1.0' ],
2376 silly audit   'which-typed-array': [ '1.1.20' ],
2376 silly audit   'possible-typed-array-names': [ '1.1.0' ],
2376 silly audit   'has-tostringtag': [ '1.0.2' ],
2376 silly audit   'is-date-object': [ '1.1.0' ],
2376 silly audit   'is-symbol': [ '1.1.1' ],
2376 silly audit   'aria-query': [ '5.3.2' ],
2376 silly audit   'ast-types-flow': [ '0.0.8' ],
2376 silly audit   'axe-core': [ '4.11.4' ],
2376 silly audit   'axobject-query': [ '4.1.0' ],
2376 silly audit   'damerau-levenshtein': [ '1.0.8' ],
2376 silly audit   'emoji-regex': [ '9.2.2', '8.0.0' ],
2376 silly audit   'jsx-ast-utils': [ '3.3.5' ],
2376 silly audit   'language-tags': [ '1.0.9' ],
2376 silly audit   'string.prototype.includes': [ '2.0.1' ],
2376 silly audit   'array.prototype.findlast': [ '1.2.5' ],
2376 silly audit   'array.prototype.tosorted': [ '1.1.4' ],
2376 silly audit   'es-iterator-helpers': [ '1.3.2' ],
2376 silly audit   estraverse: [ '5.3.0' ],
2376 silly audit   'object.entries': [ '1.1.9' ],
2376 silly audit   'prop-types': [ '15.8.1' ],
2376 silly audit   'string.prototype.matchall': [ '4.0.12' ],
2376 silly audit   'string.prototype.repeat': [ '1.0.0' ],
2376 silly audit   'iterator.prototype': [ '1.1.5' ],
2376 silly audit   esrecurse: [ '4.3.0' ],
2376 silly audit   acorn: [ '8.16.0' ],
2376 silly audit   'acorn-jsx': [ '5.3.2' ],
2376 silly audit   reusify: [ '1.1.0' ],
2376 silly audit   'flat-cache': [ '3.2.0' ],
2376 silly audit   'locate-path': [ '6.0.0' ],
2376 silly audit   'path-exists': [ '4.0.0' ],
2376 silly audit   flatted: [ '3.4.2' ],
2376 silly audit   keyv: [ '4.5.4' ],
2376 silly audit   rimraf: [ '3.0.2' ],
2376 silly audit   'motion-dom': [ '11.18.1' ],
2376 silly audit   'motion-utils': [ '11.18.1' ],
2376 silly audit   tslib: [ '2.8.1' ],
2376 silly audit   'functions-have-names': [ '1.2.3' ],
2376 silly audit   'dunder-proto': [ '1.0.1' ],
2376 silly audit   'resolve-pkg-maps': [ '1.0.0' ],
2376 silly audit   'foreground-child': [ '3.3.1' ],
2376 silly audit   jackspeak: [ '2.3.6' ],
2376 silly audit   minipass: [ '7.1.3' ],
2376 silly audit   'path-scurry': [ '1.11.1' ],
2376 silly audit   'signal-exit': [ '4.1.0' ],
2376 silly audit   'type-fest': [ '0.20.2' ],
2376 silly audit   'array-union': [ '2.1.0' ],
2376 silly audit   'dir-glob': [ '3.0.1' ],
2376 silly audit   'fast-glob': [ '3.3.3' ],
2376 silly audit   merge2: [ '1.4.1' ],
2376 silly audit   slash: [ '3.0.0' ],
2376 silly audit   'path-type': [ '4.0.0' ],
2376 silly audit   micromatch: [ '4.0.8' ],
2376 silly audit   'parent-module': [ '1.0.1' ],
2376 silly audit   'resolve-from': [ '4.0.0' ],
2376 silly audit   'side-channel': [ '1.1.0' ],
2376 silly audit   'is-extglob': [ '2.1.1' ],
2376 silly audit   'set-function-name': [ '2.0.2' ],
2376 silly audit   '@isaacs/cliui': [ '8.0.2' ],
2376 silly audit   '@pkgjs/parseargs': [ '0.11.0' ],
2376 silly audit   'string-width': [ '5.1.2', '4.2.3' ],
2376 silly audit   'wrap-ansi': [ '8.1.0', '7.0.0' ],
2376 silly audit   argparse: [ '2.0.1' ],
2376 silly audit   'json-buffer': [ '3.0.1' ],
2376 silly audit   'language-subtag-registry': [ '0.3.23' ],
2376 silly audit   'prelude-ls': [ '1.2.1' ],
2376 silly audit   'type-check': [ '0.4.0' ],
2376 silly audit   'p-locate': [ '5.0.0' ],
2376 silly audit   braces: [ '3.0.3' ],
2376 silly audit   picomatch: [ '2.3.2', '4.0.4' ],
2376 silly audit   'fill-range': [ '7.1.1' ],
2376 silly audit   'to-regex-range': [ '5.0.1' ],
2376 silly audit   'brace-expansion': [ '1.1.14', '2.1.0' ],
2376 silly audit   'balanced-match': [ '1.0.2' ],
2376 silly audit   'concat-map': [ '0.0.1' ],
2376 silly audit   '@next/env': [ '14.2.3' ],
2376 silly audit   '@next/swc-darwin-arm64': [ '14.2.3' ],
2376 silly audit   '@next/swc-darwin-x64': [ '14.2.3' ],
2376 silly audit   '@next/swc-linux-arm64-gnu': [ '14.2.3' ],
2376 silly audit   '@next/swc-linux-arm64-musl': [ '14.2.3' ],
2376 silly audit   '@next/swc-linux-x64-gnu': [ '14.2.3' ],
2376 silly audit   '@next/swc-linux-x64-musl': [ '14.2.3' ],
2376 silly audit   '@next/swc-win32-arm64-msvc': [ '14.2.3' ],
2376 silly audit   '@next/swc-win32-ia32-msvc': [ '14.2.3' ],
2376 silly audit   '@next/swc-win32-x64-msvc': [ '14.2.3' ],
2376 silly audit   '@swc/helpers': [ '0.5.5' ],
2376 silly audit   busboy: [ '1.6.0' ],
2376 silly audit   'graceful-fs': [ '4.2.11' ],
2376 silly audit   'styled-jsx': [ '5.1.1' ],
2376 silly audit   '@swc/counter': [ '0.1.3' ],
2376 silly audit   streamsearch: [ '1.1.0' ],
2376 silly audit   'deep-is': [ '0.1.4' ],
2376 silly audit   'fast-levenshtein': [ '2.0.6' ],
2376 silly audit   'word-wrap': [ '1.2.5' ],
2376 silly audit   'p-limit': [ '3.1.0' ],
2376 silly audit   'yocto-queue': [ '0.1.0' ],
2376 silly audit   callsites: [ '3.1.0' ],
2376 silly audit   'lru-cache': [ '10.4.3' ],
2376 silly audit   nanoid: [ '3.3.12' ],
2376 silly audit   'source-map-js': [ '1.2.1' ],
2376 silly audit   'loose-envify': [ '1.4.0' ],
2376 silly audit   'object-assign': [ '4.1.1' ],
2376 silly audit   'react-is': [ '16.13.1' ],
2376 silly audit   'js-tokens': [ '4.0.0' ],
2376 silly audit   scheduler: [ '0.23.2' ],
2376 silly audit   'node-exports-info': [ '1.6.0' ],
2376 silly audit   'path-parse': [ '1.0.7' ],
2376 silly audit   'supports-preserve-symlinks-flag': [ '1.0.0' ],
2376 silly audit   'queue-microtask': [ '1.2.3' ],
2376 silly audit   isarray: [ '2.0.5' ],
2376 silly audit   'shebang-regex': [ '3.0.0' ],
2376 silly audit   'side-channel-list': [ '1.0.1' ],
2376 silly audit   'side-channel-map': [ '1.0.1' ],
2376 silly audit   'side-channel-weakmap': [ '1.0.2' ],
2376 silly audit   eastasianwidth: [ '0.2.0' ],
2376 silly audit   'is-fullwidth-code-point': [ '3.0.0' ],
2376 silly audit   'ansi-regex': [ '5.0.1', '6.2.2' ],
2376 silly audit   'client-only': [ '0.0.1' ],
2376 silly audit   'has-flag': [ '4.0.0' ],
2376 silly audit   '@alloc/quick-lru': [ '5.2.0' ],
2376 silly audit   arg: [ '5.0.2' ],
2376 silly audit   chokidar: [ '3.6.0' ],
2376 silly audit   didyoumean: [ '1.2.2' ],
2376 silly audit   dlv: [ '1.1.3' ],
2376 silly audit   jiti: [ '1.21.7' ],
2376 silly audit   lilconfig: [ '3.1.3' ],
2376 silly audit   'normalize-path': [ '3.0.0' ],
2376 silly audit   'object-hash': [ '3.0.0' ],
2376 silly audit   'postcss-import': [ '15.1.0' ],
2376 silly audit   'postcss-js': [ '4.1.0' ],
2376 silly audit   'postcss-load-config': [ '6.0.1' ],
2376 silly audit   'postcss-nested': [ '6.2.0' ],
2376 silly audit   'postcss-selector-parser': [ '6.1.2' ],
2376 silly audit   sucrase: [ '3.35.1' ],
2376 silly audit   anymatch: [ '3.1.3' ],
2376 silly audit   fsevents: [ '2.3.3' ],
2376 silly audit   'is-binary-path': [ '2.1.0' ],
2376 silly audit   readdirp: [ '3.6.0' ],
2376 silly audit   'binary-extensions': [ '2.3.0' ],
2376 silly audit   'read-cache': [ '1.0.0' ],
2376 silly audit   'camelcase-css': [ '2.0.1' ],
2376 silly audit   cssesc: [ '3.0.0' ],
2376 silly audit   'util-deprecate': [ '1.0.2' ],
2376 silly audit   pify: [ '2.3.0' ],
2376 silly audit   '@jridgewell/gen-mapping': [ '0.3.13' ],
2376 silly audit   commander: [ '4.1.1' ],
2376 silly audit   'lines-and-columns': [ '1.2.4' ],
2376 silly audit   mz: [ '2.7.0' ],
2376 silly audit   pirates: [ '4.0.7' ],
2376 silly audit   'ts-interface-checker': [ '0.1.13' ],
2376 silly audit   '@jridgewell/sourcemap-codec': [ '1.5.5' ],
2376 silly audit   '@jridgewell/trace-mapping': [ '0.3.31' ],
2376 silly audit   '@jridgewell/resolve-uri': [ '3.1.2' ],
2376 silly audit   'any-promise': [ '1.3.0' ],
2376 silly audit   'thenify-all': [ '1.6.0' ],
2376 silly audit   thenify: [ '3.3.1' ],
2376 silly audit   fdir: [ '6.5.0' ],
2376 silly audit   'is-number': [ '7.0.0' ],
2376 silly audit   '@types/json5': [ '0.0.29' ],
2376 silly audit   json5: [ '1.0.2' ],
2376 silly audit   minimist: [ '1.2.8' ],
2376 silly audit   'strip-bom': [ '3.0.0' ],
2376 silly audit   'for-each': [ '0.3.5' ],
2376 silly audit   'reflect.getprototypeof': [ '1.0.10' ],
2376 silly audit   'which-builtin-type': [ '1.2.1' ],
2376 silly audit   'has-bigints': [ '1.1.0' ],
2376 silly audit   'which-boxed-primitive': [ '1.1.1' ],
2376 silly audit   '@unrs/resolver-binding-android-arm-eabi': [ '1.11.1' ],
2376 silly audit   '@unrs/resolver-binding-android-arm64': [ '1.11.1' ],
2376 silly audit   '@unrs/resolver-binding-darwin-arm64': [ '1.11.1' ],
2376 silly audit   '@unrs/resolver-binding-darwin-x64': [ '1.11.1' ],
2376 silly audit   '@unrs/resolver-binding-freebsd-x64': [ '1.11.1' ],
2376 silly audit   '@unrs/resolver-binding-linux-arm-gnueabihf': [ '1.11.1' ],
2376 silly audit   '@unrs/resolver-binding-linux-arm-musleabihf': [ '1.11.1' ],
2376 silly audit   '@unrs/resolver-binding-linux-arm64-gnu': [ '1.11.1' ],
2376 silly audit   '@unrs/resolver-binding-linux-arm64-musl': [ '1.11.1' ],
2376 silly audit   '@unrs/resolver-binding-linux-ppc64-gnu': [ '1.11.1' ],
2376 silly audit   '@unrs/resolver-binding-linux-riscv64-gnu': [ '1.11.1' ],
2376 silly audit   '@unrs/resolver-binding-linux-riscv64-musl': [ '1.11.1' ],
2376 silly audit   '@unrs/resolver-binding-linux-s390x-gnu': [ '1.11.1' ],
2376 silly audit   '@unrs/resolver-binding-linux-x64-gnu': [ '1.11.1' ],
2376 silly audit   '@unrs/resolver-binding-linux-x64-musl': [ '1.11.1' ],
2376 silly audit   '@unrs/resolver-binding-wasm32-wasi': [ '1.11.1' ],
2376 silly audit   '@unrs/resolver-binding-win32-arm64-msvc': [ '1.11.1' ],
2376 silly audit   '@unrs/resolver-binding-win32-ia32-msvc': [ '1.11.1' ],
2376 silly audit   '@unrs/resolver-binding-win32-x64-msvc': [ '1.11.1' ],
2376 silly audit   'napi-postinstall': [ '0.3.4' ],
2376 silly audit   '@napi-rs/wasm-runtime': [ '0.2.12' ],
2376 silly audit   '@emnapi/core': [ '1.10.0' ],
2376 silly audit   '@emnapi/runtime': [ '1.10.0' ],
2376 silly audit   '@tybys/wasm-util': [ '0.10.2' ],
2376 silly audit   '@emnapi/wasi-threads': [ '1.2.1' ],
2376 silly audit   escalade: [ '3.2.0' ],
2376 silly audit   punycode: [ '2.3.1' ],
2376 silly audit   isexe: [ '2.0.0' ],
2376 silly audit   'is-bigint': [ '1.1.0' ],
2376 silly audit   'is-boolean-object': [ '1.2.2' ],
2376 silly audit   'is-number-object': [ '1.1.1' ],
2376 silly audit   'is-async-function': [ '2.1.1' ],
2376 silly audit   'is-finalizationregistry': [ '1.1.1' ],
2376 silly audit   'is-generator-function': [ '1.1.2' ],
2376 silly audit   'which-collection': [ '1.0.2' ],
2376 silly audit   'async-function': [ '1.0.0' ],
2376 silly audit   'generator-function': [ '2.0.1' ],
2376 silly audit   'is-map': [ '2.0.3' ],
2376 silly audit   'is-weakmap': [ '2.0.2' ],
2376 silly audit   'is-weakset': [ '2.0.4' ],
2376 silly audit   'fs.realpath': [ '1.0.0' ],
2376 silly audit   inflight: [ '1.0.6' ],
2376 silly audit   inherits: [ '2.0.4' ],
2376 silly audit   once: [ '1.4.0' ],
2376 silly audit   'path-is-absolute': [ '1.0.1' ],
2376 silly audit   wrappy: [ '1.0.2' ]
2376 silly audit }
2377 http cache wrappy@https://registry.npmjs.org/wrappy/-/wrappy-1.0.2.tgz 0ms (cache hit)
2378 http cache once@https://registry.npmjs.org/once/-/once-1.4.0.tgz 0ms (cache hit)
2379 http cache path-is-absolute@https://registry.npmjs.org/path-is-absolute/-/path-is-absolute-1.0.1.tgz 0ms (cache hit)
2380 http cache inherits@https://registry.npmjs.org/inherits/-/inherits-2.0.4.tgz 0ms (cache hit)
2381 http cache is-weakset@https://registry.npmjs.org/is-weakset/-/is-weakset-2.0.4.tgz 0ms (cache hit)
2382 http cache fs.realpath@https://registry.npmjs.org/fs.realpath/-/fs.realpath-1.0.0.tgz 0ms (cache hit)
2383 http cache is-weakmap@https://registry.npmjs.org/is-weakmap/-/is-weakmap-2.0.2.tgz 0ms (cache hit)
2384 http cache is-map@https://registry.npmjs.org/is-map/-/is-map-2.0.3.tgz 0ms (cache hit)
2385 http cache generator-function@https://registry.npmjs.org/generator-function/-/generator-function-2.0.1.tgz 0ms (cache hit)
2386 http cache async-function@https://registry.npmjs.org/async-function/-/async-function-1.0.0.tgz 0ms (cache hit)
2387 http cache which-collection@https://registry.npmjs.org/which-collection/-/which-collection-1.0.2.tgz 0ms (cache hit)
2388 http cache is-generator-function@https://registry.npmjs.org/is-generator-function/-/is-generator-function-1.1.2.tgz 0ms (cache hit)
2389 http cache inflight@https://registry.npmjs.org/inflight/-/inflight-1.0.6.tgz 0ms (cache hit)
2390 http cache is-async-function@https://registry.npmjs.org/is-async-function/-/is-async-function-2.1.1.tgz 0ms (cache hit)
2391 http cache is-finalizationregistry@https://registry.npmjs.org/is-finalizationregistry/-/is-finalizationregistry-1.1.1.tgz 0ms (cache hit)
2392 http cache is-number-object@https://registry.npmjs.org/is-number-object/-/is-number-object-1.1.1.tgz 0ms (cache hit)
2393 http cache is-boolean-object@https://registry.npmjs.org/is-boolean-object/-/is-boolean-object-1.2.2.tgz 0ms (cache hit)
2394 http cache is-bigint@https://registry.npmjs.org/is-bigint/-/is-bigint-1.1.0.tgz 0ms (cache hit)
2395 http cache isexe@https://registry.npmjs.org/isexe/-/isexe-2.0.0.tgz 0ms (cache hit)
2396 http cache punycode@https://registry.npmjs.org/punycode/-/punycode-2.3.1.tgz 0ms (cache hit)
2397 http cache escalade@https://registry.npmjs.org/escalade/-/escalade-3.2.0.tgz 0ms (cache hit)
2398 http cache napi-postinstall@https://registry.npmjs.org/napi-postinstall/-/napi-postinstall-0.3.4.tgz 0ms (cache hit)
2399 http cache @unrs/resolver-binding-darwin-arm64@https://registry.npmjs.org/@unrs/resolver-binding-darwin-arm64/-/resolver-binding-darwin-arm64-1.11.1.tgz 0ms (cache hit)
2400 http cache which-boxed-primitive@https://registry.npmjs.org/which-boxed-primitive/-/which-boxed-primitive-1.1.1.tgz 0ms (cache hit)
2401 http cache has-bigints@https://registry.npmjs.org/has-bigints/-/has-bigints-1.1.0.tgz 0ms (cache hit)
2402 http cache which-builtin-type@https://registry.npmjs.org/which-builtin-type/-/which-builtin-type-1.2.1.tgz 0ms (cache hit)
2403 http cache reflect.getprototypeof@https://registry.npmjs.org/reflect.getprototypeof/-/reflect.getprototypeof-1.0.10.tgz 0ms (cache hit)
2404 http cache for-each@https://registry.npmjs.org/for-each/-/for-each-0.3.5.tgz 0ms (cache hit)
2405 http cache strip-bom@https://registry.npmjs.org/strip-bom/-/strip-bom-3.0.0.tgz 0ms (cache hit)
2406 http cache minimist@https://registry.npmjs.org/minimist/-/minimist-1.2.8.tgz 0ms (cache hit)
2407 http cache @types/json5@https://registry.npmjs.org/@types/json5/-/json5-0.0.29.tgz 0ms (cache hit)
2408 http cache json5@https://registry.npmjs.org/json5/-/json5-1.0.2.tgz 0ms (cache hit)
2409 http cache is-number@https://registry.npmjs.org/is-number/-/is-number-7.0.0.tgz 0ms (cache hit)
2410 http cache thenify@https://registry.npmjs.org/thenify/-/thenify-3.3.1.tgz 0ms (cache hit)
2411 http cache thenify-all@https://registry.npmjs.org/thenify-all/-/thenify-all-1.6.0.tgz 0ms (cache hit)
2412 http cache any-promise@https://registry.npmjs.org/any-promise/-/any-promise-1.3.0.tgz 0ms (cache hit)
2413 http cache @jridgewell/resolve-uri@https://registry.npmjs.org/@jridgewell/resolve-uri/-/resolve-uri-3.1.2.tgz 0ms (cache hit)
2414 http cache @jridgewell/trace-mapping@https://registry.npmjs.org/@jridgewell/trace-mapping/-/trace-mapping-0.3.31.tgz 0ms (cache hit)
2415 http cache @jridgewell/sourcemap-codec@https://registry.npmjs.org/@jridgewell/sourcemap-codec/-/sourcemap-codec-1.5.5.tgz 0ms (cache hit)
2416 http cache ts-interface-checker@https://registry.npmjs.org/ts-interface-checker/-/ts-interface-checker-0.1.13.tgz 0ms (cache hit)
2417 http cache pirates@https://registry.npmjs.org/pirates/-/pirates-4.0.7.tgz 0ms (cache hit)
2418 http cache mz@https://registry.npmjs.org/mz/-/mz-2.7.0.tgz 0ms (cache hit)
2419 http cache commander@https://registry.npmjs.org/commander/-/commander-4.1.1.tgz 0ms (cache hit)
2420 http cache @jridgewell/gen-mapping@https://registry.npmjs.org/@jridgewell/gen-mapping/-/gen-mapping-0.3.13.tgz 0ms (cache hit)
2421 http cache pify@https://registry.npmjs.org/pify/-/pify-2.3.0.tgz 0ms (cache hit)
2422 http cache lines-and-columns@https://registry.npmjs.org/lines-and-columns/-/lines-and-columns-1.2.4.tgz 0ms (cache hit)
2423 http cache util-deprecate@https://registry.npmjs.org/util-deprecate/-/util-deprecate-1.0.2.tgz 0ms (cache hit)
2424 http cache camelcase-css@https://registry.npmjs.org/camelcase-css/-/camelcase-css-2.0.1.tgz 0ms (cache hit)
2425 http cache read-cache@https://registry.npmjs.org/read-cache/-/read-cache-1.0.0.tgz 0ms (cache hit)
2426 http cache readdirp@https://registry.npmjs.org/readdirp/-/readdirp-3.6.0.tgz 0ms (cache hit)
2427 http cache is-binary-path@https://registry.npmjs.org/is-binary-path/-/is-binary-path-2.1.0.tgz 0ms (cache hit)
2428 http cache anymatch@https://registry.npmjs.org/anymatch/-/anymatch-3.1.3.tgz 0ms (cache hit)
2429 http cache fsevents@https://registry.npmjs.org/fsevents/-/fsevents-2.3.3.tgz 0ms (cache hit)
2430 http cache cssesc@https://registry.npmjs.org/cssesc/-/cssesc-3.0.0.tgz 0ms (cache hit)
2431 http cache sucrase@https://registry.npmjs.org/sucrase/-/sucrase-3.35.1.tgz 0ms (cache hit)
2432 http cache postcss-selector-parser@https://registry.npmjs.org/postcss-selector-parser/-/postcss-selector-parser-6.1.2.tgz 0ms (cache hit)
2433 http cache postcss-nested@https://registry.npmjs.org/postcss-nested/-/postcss-nested-6.2.0.tgz 0ms (cache hit)
2434 http cache postcss-js@https://registry.npmjs.org/postcss-js/-/postcss-js-4.1.0.tgz 0ms (cache hit)
2435 http cache postcss-load-config@https://registry.npmjs.org/postcss-load-config/-/postcss-load-config-6.0.1.tgz 0ms (cache hit)
2436 http cache normalize-path@https://registry.npmjs.org/normalize-path/-/normalize-path-3.0.0.tgz 0ms (cache hit)
2437 http cache object-hash@https://registry.npmjs.org/object-hash/-/object-hash-3.0.0.tgz 0ms (cache hit)
2438 http cache postcss-import@https://registry.npmjs.org/postcss-import/-/postcss-import-15.1.0.tgz 0ms (cache hit)
2439 http cache lilconfig@https://registry.npmjs.org/lilconfig/-/lilconfig-3.1.3.tgz 0ms (cache hit)
2440 http cache jiti@https://registry.npmjs.org/jiti/-/jiti-1.21.7.tgz 0ms (cache hit)
2441 http cache didyoumean@https://registry.npmjs.org/didyoumean/-/didyoumean-1.2.2.tgz 0ms (cache hit)
2442 http cache has-flag@https://registry.npmjs.org/has-flag/-/has-flag-4.0.0.tgz 0ms (cache hit)
2443 http cache @alloc/quick-lru@https://registry.npmjs.org/@alloc/quick-lru/-/quick-lru-5.2.0.tgz 0ms (cache hit)
2444 http cache arg@https://registry.npmjs.org/arg/-/arg-5.0.2.tgz 0ms (cache hit)
2445 http cache chokidar@https://registry.npmjs.org/chokidar/-/chokidar-3.6.0.tgz 0ms (cache hit)
2446 http cache is-fullwidth-code-point@https://registry.npmjs.org/is-fullwidth-code-point/-/is-fullwidth-code-point-3.0.0.tgz 0ms (cache hit)
2447 http cache dlv@https://registry.npmjs.org/dlv/-/dlv-1.1.3.tgz 0ms (cache hit)
2448 http cache ansi-regex@https://registry.npmjs.org/ansi-regex/-/ansi-regex-5.0.1.tgz 0ms (cache hit)
2449 http cache client-only@https://registry.npmjs.org/client-only/-/client-only-0.0.1.tgz 0ms (cache hit)
2450 http cache eastasianwidth@https://registry.npmjs.org/eastasianwidth/-/eastasianwidth-0.2.0.tgz 0ms (cache hit)
2451 http cache side-channel-weakmap@https://registry.npmjs.org/side-channel-weakmap/-/side-channel-weakmap-1.0.2.tgz 0ms (cache hit)
2452 http cache side-channel-map@https://registry.npmjs.org/side-channel-map/-/side-channel-map-1.0.1.tgz 0ms (cache hit)
2453 http cache side-channel-list@https://registry.npmjs.org/side-channel-list/-/side-channel-list-1.0.1.tgz 0ms (cache hit)
2454 http cache shebang-regex@https://registry.npmjs.org/shebang-regex/-/shebang-regex-3.0.0.tgz 0ms (cache hit)
2455 http cache queue-microtask@https://registry.npmjs.org/queue-microtask/-/queue-microtask-1.2.3.tgz 0ms (cache hit)
2456 http cache supports-preserve-symlinks-flag@https://registry.npmjs.org/supports-preserve-symlinks-flag/-/supports-preserve-symlinks-flag-1.0.0.tgz 0ms (cache hit)
2457 http cache isarray@https://registry.npmjs.org/isarray/-/isarray-2.0.5.tgz 0ms (cache hit)
2458 http cache node-exports-info@https://registry.npmjs.org/node-exports-info/-/node-exports-info-1.6.0.tgz 0ms (cache hit)
2459 http cache js-tokens@https://registry.npmjs.org/js-tokens/-/js-tokens-4.0.0.tgz 0ms (cache hit)
2460 http cache scheduler@https://registry.npmjs.org/scheduler/-/scheduler-0.23.2.tgz 0ms (cache hit)
2461 http cache path-parse@https://registry.npmjs.org/path-parse/-/path-parse-1.0.7.tgz 0ms (cache hit)
2462 http cache react-is@https://registry.npmjs.org/react-is/-/react-is-16.13.1.tgz 0ms (cache hit)
2463 http cache object-assign@https://registry.npmjs.org/object-assign/-/object-assign-4.1.1.tgz 0ms (cache hit)
2464 http cache loose-envify@https://registry.npmjs.org/loose-envify/-/loose-envify-1.4.0.tgz 0ms (cache hit)
2465 http cache nanoid@https://registry.npmjs.org/nanoid/-/nanoid-3.3.12.tgz 0ms (cache hit)
2466 http cache source-map-js@https://registry.npmjs.org/source-map-js/-/source-map-js-1.2.1.tgz 0ms (cache hit)
2467 http cache callsites@https://registry.npmjs.org/callsites/-/callsites-3.1.0.tgz 0ms (cache hit)
2468 http cache lru-cache@https://registry.npmjs.org/lru-cache/-/lru-cache-10.4.3.tgz 0ms (cache hit)
2469 http cache yocto-queue@https://registry.npmjs.org/yocto-queue/-/yocto-queue-0.1.0.tgz 0ms (cache hit)
2470 http cache fast-levenshtein@https://registry.npmjs.org/fast-levenshtein/-/fast-levenshtein-2.0.6.tgz 0ms (cache hit)
2471 http cache word-wrap@https://registry.npmjs.org/word-wrap/-/word-wrap-1.2.5.tgz 0ms (cache hit)
2472 http cache deep-is@https://registry.npmjs.org/deep-is/-/deep-is-0.1.4.tgz 0ms (cache hit)
2473 http cache p-limit@https://registry.npmjs.org/p-limit/-/p-limit-3.1.0.tgz 0ms (cache hit)
2474 http cache @swc/counter@https://registry.npmjs.org/@swc/counter/-/counter-0.1.3.tgz 0ms (cache hit)
2475 http cache streamsearch@https://registry.npmjs.org/streamsearch/-/streamsearch-1.1.0.tgz 0ms (cache hit)
2476 http cache graceful-fs@https://registry.npmjs.org/graceful-fs/-/graceful-fs-4.2.11.tgz 0ms (cache hit)
2477 http cache busboy@https://registry.npmjs.org/busboy/-/busboy-1.6.0.tgz 0ms (cache hit)
2478 http cache styled-jsx@https://registry.npmjs.org/styled-jsx/-/styled-jsx-5.1.1.tgz 0ms (cache hit)
2479 http cache @swc/helpers@https://registry.npmjs.org/@swc/helpers/-/helpers-0.5.5.tgz 0ms (cache hit)
2480 http cache @next/swc-darwin-arm64@https://registry.npmjs.org/@next/swc-darwin-arm64/-/swc-darwin-arm64-14.2.3.tgz 0ms (cache hit)
2481 http cache concat-map@https://registry.npmjs.org/concat-map/-/concat-map-0.0.1.tgz 0ms (cache hit)
2482 http cache balanced-match@https://registry.npmjs.org/balanced-match/-/balanced-match-1.0.2.tgz 0ms (cache hit)
2483 http cache to-regex-range@https://registry.npmjs.org/to-regex-range/-/to-regex-range-5.0.1.tgz 0ms (cache hit)
2484 http cache brace-expansion@https://registry.npmjs.org/brace-expansion/-/brace-expansion-1.1.14.tgz 0ms (cache hit)
2485 http cache fill-range@https://registry.npmjs.org/fill-range/-/fill-range-7.1.1.tgz 0ms (cache hit)
2486 http cache picomatch@https://registry.npmjs.org/picomatch/-/picomatch-2.3.2.tgz 0ms (cache hit)
2487 http cache @next/env@https://registry.npmjs.org/@next/env/-/env-14.2.3.tgz 0ms (cache hit)
2488 http cache p-locate@https://registry.npmjs.org/p-locate/-/p-locate-5.0.0.tgz 0ms (cache hit)
2489 http cache type-check@https://registry.npmjs.org/type-check/-/type-check-0.4.0.tgz 0ms (cache hit)
2490 http cache language-subtag-registry@https://registry.npmjs.org/language-subtag-registry/-/language-subtag-registry-0.3.23.tgz 0ms (cache hit)
2491 http cache json-buffer@https://registry.npmjs.org/json-buffer/-/json-buffer-3.0.1.tgz 0ms (cache hit)
2492 http cache argparse@https://registry.npmjs.org/argparse/-/argparse-2.0.1.tgz 0ms (cache hit)
2493 http cache wrap-ansi-cjs@https://registry.npmjs.org/wrap-ansi/-/wrap-ansi-7.0.0.tgz 0ms (cache hit)
2494 http cache binary-extensions@https://registry.npmjs.org/binary-extensions/-/binary-extensions-2.3.0.tgz 0ms (cache hit)
2495 http cache strip-ansi-cjs@https://registry.npmjs.org/strip-ansi/-/strip-ansi-6.0.1.tgz 0ms (cache hit)
2496 http cache wrap-ansi@https://registry.npmjs.org/wrap-ansi/-/wrap-ansi-8.1.0.tgz 0ms (cache hit)
2497 http cache string-width-cjs@https://registry.npmjs.org/string-width/-/string-width-4.2.3.tgz 0ms (cache hit)
2498 http cache @pkgjs/parseargs@https://registry.npmjs.org/@pkgjs/parseargs/-/parseargs-0.11.0.tgz 0ms (cache hit)
2499 http cache braces@https://registry.npmjs.org/braces/-/braces-3.0.3.tgz 0ms (cache hit)
2500 http cache string-width@https://registry.npmjs.org/string-width/-/string-width-5.1.2.tgz 0ms (cache hit)
2501 http cache set-function-name@https://registry.npmjs.org/set-function-name/-/set-function-name-2.0.2.tgz 0ms (cache hit)
2502 http cache @isaacs/cliui@https://registry.npmjs.org/@isaacs/cliui/-/cliui-8.0.2.tgz 0ms (cache hit)
2503 http cache is-extglob@https://registry.npmjs.org/is-extglob/-/is-extglob-2.1.1.tgz 0ms (cache hit)
2504 http cache resolve-from@https://registry.npmjs.org/resolve-from/-/resolve-from-4.0.0.tgz 0ms (cache hit)
2505 http cache side-channel@https://registry.npmjs.org/side-channel/-/side-channel-1.1.0.tgz 0ms (cache hit)
2506 http cache micromatch@https://registry.npmjs.org/micromatch/-/micromatch-4.0.8.tgz 0ms (cache hit)
2507 http cache slash@https://registry.npmjs.org/slash/-/slash-3.0.0.tgz 0ms (cache hit)
2508 http cache prelude-ls@https://registry.npmjs.org/prelude-ls/-/prelude-ls-1.2.1.tgz 0ms (cache hit)
2509 http cache merge2@https://registry.npmjs.org/merge2/-/merge2-1.4.1.tgz 0ms (cache hit)
2510 http cache dir-glob@https://registry.npmjs.org/dir-glob/-/dir-glob-3.0.1.tgz 0ms (cache hit)
2511 http cache fast-glob@https://registry.npmjs.org/fast-glob/-/fast-glob-3.3.3.tgz 0ms (cache hit)
2512 http cache type-fest@https://registry.npmjs.org/type-fest/-/type-fest-0.20.2.tgz 0ms (cache hit)
2513 http cache path-type@https://registry.npmjs.org/path-type/-/path-type-4.0.0.tgz 0ms (cache hit)
2514 http cache signal-exit@https://registry.npmjs.org/signal-exit/-/signal-exit-4.1.0.tgz 0ms (cache hit)
2515 http cache path-scurry@https://registry.npmjs.org/path-scurry/-/path-scurry-1.11.1.tgz 0ms (cache hit)
2516 http cache parent-module@https://registry.npmjs.org/parent-module/-/parent-module-1.0.1.tgz 0ms (cache hit)
2517 http cache minipass@https://registry.npmjs.org/minipass/-/minipass-7.1.3.tgz 0ms (cache hit)
2518 http cache jackspeak@https://registry.npmjs.org/jackspeak/-/jackspeak-2.3.6.tgz 0ms (cache hit)
2519 http cache foreground-child@https://registry.npmjs.org/foreground-child/-/foreground-child-3.3.1.tgz 0ms (cache hit)
2520 http cache tslib@https://registry.npmjs.org/tslib/-/tslib-2.8.1.tgz 0ms (cache hit)
2521 http cache dunder-proto@https://registry.npmjs.org/dunder-proto/-/dunder-proto-1.0.1.tgz 0ms (cache hit)
2522 http cache array-union@https://registry.npmjs.org/array-union/-/array-union-2.1.0.tgz 0ms (cache hit)
2523 http cache functions-have-names@https://registry.npmjs.org/functions-have-names/-/functions-have-names-1.2.3.tgz 0ms (cache hit)
2524 http cache motion-dom@https://registry.npmjs.org/motion-dom/-/motion-dom-11.18.1.tgz 0ms (cache hit)
2525 http cache rimraf@https://registry.npmjs.org/rimraf/-/rimraf-3.0.2.tgz 0ms (cache hit)
2526 http cache resolve-pkg-maps@https://registry.npmjs.org/resolve-pkg-maps/-/resolve-pkg-maps-1.0.0.tgz 0ms (cache hit)
2527 http cache flatted@https://registry.npmjs.org/flatted/-/flatted-3.4.2.tgz 0ms (cache hit)
2528 http cache keyv@https://registry.npmjs.org/keyv/-/keyv-4.5.4.tgz 0ms (cache hit)
2529 http cache locate-path@https://registry.npmjs.org/locate-path/-/locate-path-6.0.0.tgz 0ms (cache hit)
2530 http cache acorn@https://registry.npmjs.org/acorn/-/acorn-8.16.0.tgz 0ms (cache hit)
2531 http cache flat-cache@https://registry.npmjs.org/flat-cache/-/flat-cache-3.2.0.tgz 0ms (cache hit)
2532 http cache path-exists@https://registry.npmjs.org/path-exists/-/path-exists-4.0.0.tgz 0ms (cache hit)
2533 http cache motion-utils@https://registry.npmjs.org/motion-utils/-/motion-utils-11.18.1.tgz 0ms (cache hit)
2534 http cache acorn-jsx@https://registry.npmjs.org/acorn-jsx/-/acorn-jsx-5.3.2.tgz 0ms (cache hit)
2535 http cache reusify@https://registry.npmjs.org/reusify/-/reusify-1.1.0.tgz 0ms (cache hit)
2536 http cache iterator.prototype@https://registry.npmjs.org/iterator.prototype/-/iterator.prototype-1.1.5.tgz 0ms (cache hit)
2537 http cache string.prototype.matchall@https://registry.npmjs.org/string.prototype.matchall/-/string.prototype.matchall-4.0.12.tgz 0ms (cache hit)
2538 http cache prop-types@https://registry.npmjs.org/prop-types/-/prop-types-15.8.1.tgz 0ms (cache hit)
2539 http cache esrecurse@https://registry.npmjs.org/esrecurse/-/esrecurse-4.3.0.tgz 0ms (cache hit)
2540 http cache es-iterator-helpers@https://registry.npmjs.org/es-iterator-helpers/-/es-iterator-helpers-1.3.2.tgz 0ms (cache hit)
2541 http cache string.prototype.repeat@https://registry.npmjs.org/string.prototype.repeat/-/string.prototype.repeat-1.0.0.tgz 0ms (cache hit)
2542 http cache estraverse@https://registry.npmjs.org/estraverse/-/estraverse-5.3.0.tgz 0ms (cache hit)
2543 http cache language-tags@https://registry.npmjs.org/language-tags/-/language-tags-1.0.9.tgz 0ms (cache hit)
2544 http cache string.prototype.includes@https://registry.npmjs.org/string.prototype.includes/-/string.prototype.includes-2.0.1.tgz 0ms (cache hit)
2545 http cache object.entries@https://registry.npmjs.org/object.entries/-/object.entries-1.1.9.tgz 0ms (cache hit)
2546 http cache jsx-ast-utils@https://registry.npmjs.org/jsx-ast-utils/-/jsx-ast-utils-3.3.5.tgz 0ms (cache hit)
2547 http cache array.prototype.tosorted@https://registry.npmjs.org/array.prototype.tosorted/-/array.prototype.tosorted-1.1.4.tgz 0ms (cache hit)
2548 http cache damerau-levenshtein@https://registry.npmjs.org/damerau-levenshtein/-/damerau-levenshtein-1.0.8.tgz 0ms (cache hit)
2549 http cache emoji-regex@https://registry.npmjs.org/emoji-regex/-/emoji-regex-9.2.2.tgz 0ms (cache hit)
2550 http cache axobject-query@https://registry.npmjs.org/axobject-query/-/axobject-query-4.1.0.tgz 0ms (cache hit)
2551 http cache ast-types-flow@https://registry.npmjs.org/ast-types-flow/-/ast-types-flow-0.0.8.tgz 0ms (cache hit)
2552 http cache aria-query@https://registry.npmjs.org/aria-query/-/aria-query-5.3.2.tgz 0ms (cache hit)
2553 http cache is-symbol@https://registry.npmjs.org/is-symbol/-/is-symbol-1.1.1.tgz 0ms (cache hit)
2554 http cache array.prototype.findlast@https://registry.npmjs.org/array.prototype.findlast/-/array.prototype.findlast-1.2.5.tgz 0ms (cache hit)
2555 http cache has-tostringtag@https://registry.npmjs.org/has-tostringtag/-/has-tostringtag-1.0.2.tgz 0ms (cache hit)
2556 http cache is-date-object@https://registry.npmjs.org/is-date-object/-/is-date-object-1.1.0.tgz 0ms (cache hit)
2557 http cache possible-typed-array-names@https://registry.npmjs.org/possible-typed-array-names/-/possible-typed-array-names-1.1.0.tgz 0ms (cache hit)
2558 http cache unbox-primitive@https://registry.npmjs.org/unbox-primitive/-/unbox-primitive-1.1.0.tgz 0ms (cache hit)
2559 http cache which-typed-array@https://registry.npmjs.org/which-typed-array/-/which-typed-array-1.1.20.tgz 0ms (cache hit)
2560 http cache typed-array-length@https://registry.npmjs.org/typed-array-length/-/typed-array-length-1.0.7.tgz 0ms (cache hit)
2561 http cache axe-core@https://registry.npmjs.org/axe-core/-/axe-core-4.11.4.tgz 0ms (cache hit)
2562 http cache typed-array-byte-length@https://registry.npmjs.org/typed-array-byte-length/-/typed-array-byte-length-1.0.3.tgz 0ms (cache hit)
2563 http cache string.prototype.trim@https://registry.npmjs.org/string.prototype.trim/-/string.prototype.trim-1.2.10.tgz 0ms (cache hit)
2564 http cache typed-array-byte-offset@https://registry.npmjs.org/typed-array-byte-offset/-/typed-array-byte-offset-1.0.4.tgz 0ms (cache hit)
2565 http cache string.prototype.trimstart@https://registry.npmjs.org/string.prototype.trimstart/-/string.prototype.trimstart-1.0.8.tgz 0ms (cache hit)
2566 http cache stop-iteration-iterator@https://registry.npmjs.org/stop-iteration-iterator/-/stop-iteration-iterator-1.1.0.tgz 0ms (cache hit)
2567 http cache typed-array-buffer@https://registry.npmjs.org/typed-array-buffer/-/typed-array-buffer-1.0.3.tgz 0ms (cache hit)
2568 http cache safe-push-apply@https://registry.npmjs.org/safe-push-apply/-/safe-push-apply-1.0.0.tgz 0ms (cache hit)
2569 http cache safe-array-concat@https://registry.npmjs.org/safe-array-concat/-/safe-array-concat-1.1.4.tgz 0ms (cache hit)
2570 http cache set-proto@https://registry.npmjs.org/set-proto/-/set-proto-1.0.0.tgz 0ms (cache hit)
2571 http cache regexp.prototype.flags@https://registry.npmjs.org/regexp.prototype.flags/-/regexp.prototype.flags-1.5.4.tgz 0ms (cache hit)
2572 http cache own-keys@https://registry.npmjs.org/own-keys/-/own-keys-1.0.1.tgz 0ms (cache hit)
2573 http cache object.assign@https://registry.npmjs.org/object.assign/-/object.assign-4.1.7.tgz 0ms (cache hit)
2574 http cache safe-regex-test@https://registry.npmjs.org/safe-regex-test/-/safe-regex-test-1.1.0.tgz 0ms (cache hit)
2575 http cache is-weakref@https://registry.npmjs.org/is-weakref/-/is-weakref-1.1.1.tgz 0ms (cache hit)
2576 http cache is-typed-array@https://registry.npmjs.org/is-typed-array/-/is-typed-array-1.1.15.tgz 0ms (cache hit)
2577 http cache object-inspect@https://registry.npmjs.org/object-inspect/-/object-inspect-1.13.4.tgz 0ms (cache hit)
2578 http cache is-set@https://registry.npmjs.org/is-set/-/is-set-2.0.3.tgz 0ms (cache hit)
2579 http cache is-negative-zero@https://registry.npmjs.org/is-negative-zero/-/is-negative-zero-2.0.3.tgz 0ms (cache hit)
2580 http cache is-data-view@https://registry.npmjs.org/is-data-view/-/is-data-view-1.0.2.tgz 0ms (cache hit)
2581 http cache is-shared-array-buffer@https://registry.npmjs.org/is-shared-array-buffer/-/is-shared-array-buffer-1.0.4.tgz 0ms (cache hit)
2582 http cache is-callable@https://registry.npmjs.org/is-callable/-/is-callable-1.2.7.tgz 0ms (cache hit)
2583 http cache is-regex@https://registry.npmjs.org/is-regex/-/is-regex-1.2.1.tgz 0ms (cache hit)
2584 http cache is-array-buffer@https://registry.npmjs.org/is-array-buffer/-/is-array-buffer-3.0.5.tgz 0ms (cache hit)
2585 http cache has-symbols@https://registry.npmjs.org/has-symbols/-/has-symbols-1.1.0.tgz 0ms (cache hit)
2586 http cache globalthis@https://registry.npmjs.org/globalthis/-/globalthis-1.0.4.tgz 0ms (cache hit)
2587 http cache has-proto@https://registry.npmjs.org/has-proto/-/has-proto-1.2.0.tgz 0ms (cache hit)
2588 http cache internal-slot@https://registry.npmjs.org/internal-slot/-/internal-slot-1.1.0.tgz 0ms (cache hit)
2589 http cache get-symbol-description@https://registry.npmjs.org/get-symbol-description/-/get-symbol-description-1.1.0.tgz 0ms (cache hit)
2590 http cache get-proto@https://registry.npmjs.org/get-proto/-/get-proto-1.0.1.tgz 0ms (cache hit)
2591 http cache function.prototype.name@https://registry.npmjs.org/function.prototype.name/-/function.prototype.name-1.1.8.tgz 0ms (cache hit)
2592 http cache es-set-tostringtag@https://registry.npmjs.org/es-set-tostringtag/-/es-set-tostringtag-2.1.0.tgz 0ms (cache hit)
2593 http cache data-view-byte-length@https://registry.npmjs.org/data-view-byte-length/-/data-view-byte-length-1.0.2.tgz 0ms (cache hit)
2594 http cache data-view-byte-offset@https://registry.npmjs.org/data-view-byte-offset/-/data-view-byte-offset-1.0.1.tgz 0ms (cache hit)
2595 http cache data-view-buffer@https://registry.npmjs.org/data-view-buffer/-/data-view-buffer-1.0.2.tgz 0ms (cache hit)
2596 http cache available-typed-arrays@https://registry.npmjs.org/available-typed-arrays/-/available-typed-arrays-1.0.7.tgz 0ms (cache hit)
2597 http cache array-buffer-byte-length@https://registry.npmjs.org/array-buffer-byte-length/-/array-buffer-byte-length-1.0.2.tgz 0ms (cache hit)
2598 http cache es-to-primitive@https://registry.npmjs.org/es-to-primitive/-/es-to-primitive-1.3.0.tgz 0ms (cache hit)
2599 http cache arraybuffer.prototype.slice@https://registry.npmjs.org/arraybuffer.prototype.slice/-/arraybuffer.prototype.slice-1.0.4.tgz 0ms (cache hit)
2600 http cache gopd@https://registry.npmjs.org/gopd/-/gopd-1.2.0.tgz 0ms (cache hit)
2601 http cache object-keys@https://registry.npmjs.org/object-keys/-/object-keys-1.1.1.tgz 0ms (cache hit)
2602 http cache define-data-property@https://registry.npmjs.org/define-data-property/-/define-data-property-1.1.4.tgz 0ms (cache hit)
2603 http cache set-function-length@https://registry.npmjs.org/set-function-length/-/set-function-length-1.2.2.tgz 0ms (cache hit)
2604 http cache function-bind@https://registry.npmjs.org/function-bind/-/function-bind-1.1.2.tgz 0ms (cache hit)
2605 http cache has-property-descriptors@https://registry.npmjs.org/has-property-descriptors/-/has-property-descriptors-1.0.2.tgz 0ms (cache hit)
2606 http cache call-bind-apply-helpers@https://registry.npmjs.org/call-bind-apply-helpers/-/call-bind-apply-helpers-1.0.2.tgz 0ms (cache hit)
2607 http cache es-define-property@https://registry.npmjs.org/es-define-property/-/es-define-property-1.0.1.tgz 0ms (cache hit)
2608 http cache math-intrinsics@https://registry.npmjs.org/math-intrinsics/-/math-intrinsics-1.1.0.tgz 0ms (cache hit)
2609 http cache es-shim-unscopables@https://registry.npmjs.org/es-shim-unscopables/-/es-shim-unscopables-1.1.0.tgz 0ms (cache hit)
2610 http cache is-string@https://registry.npmjs.org/is-string/-/is-string-1.1.1.tgz 0ms (cache hit)
2611 http cache get-intrinsic@https://registry.npmjs.org/get-intrinsic/-/get-intrinsic-1.3.0.tgz 0ms (cache hit)
2612 http cache es-object-atoms@https://registry.npmjs.org/es-object-atoms/-/es-object-atoms-1.1.1.tgz 0ms (cache hit)
2613 http cache es-abstract@https://registry.npmjs.org/es-abstract/-/es-abstract-1.24.2.tgz 0ms (cache hit)
2614 http cache es-errors@https://registry.npmjs.org/es-errors/-/es-errors-1.3.0.tgz 0ms (cache hit)
2615 http cache call-bound@https://registry.npmjs.org/call-bound/-/call-bound-1.0.4.tgz 0ms (cache hit)
2616 http cache call-bind@https://registry.npmjs.org/call-bind/-/call-bind-1.0.9.tgz 0ms (cache hit)
2617 http cache tsconfig-paths@https://registry.npmjs.org/tsconfig-paths/-/tsconfig-paths-3.15.0.tgz 0ms (cache hit)
2618 http cache string.prototype.trimend@https://registry.npmjs.org/string.prototype.trimend/-/string.prototype.trimend-1.0.9.tgz 0ms (cache hit)
2619 http cache object.values@https://registry.npmjs.org/object.values/-/object.values-1.2.1.tgz 0ms (cache hit)
2620 http cache object.groupby@https://registry.npmjs.org/object.groupby/-/object.groupby-1.0.3.tgz 0ms (cache hit)
2621 http cache object.fromentries@https://registry.npmjs.org/object.fromentries/-/object.fromentries-2.0.8.tgz 0ms (cache hit)
2622 http cache hasown@https://registry.npmjs.org/hasown/-/hasown-2.0.3.tgz 0ms (cache hit)
2623 http cache eslint-module-utils@https://registry.npmjs.org/eslint-module-utils/-/eslint-module-utils-2.12.1.tgz 0ms (cache hit)
2624 http cache array.prototype.flatmap@https://registry.npmjs.org/array.prototype.flatmap/-/array.prototype.flatmap-1.3.3.tgz 0ms (cache hit)
2625 http cache array.prototype.flat@https://registry.npmjs.org/array.prototype.flat/-/array.prototype.flat-1.3.3.tgz 0ms (cache hit)
2626 http cache define-properties@https://registry.npmjs.org/define-properties/-/define-properties-1.2.1.tgz 0ms (cache hit)
2627 http cache array.prototype.findlastindex@https://registry.npmjs.org/array.prototype.findlastindex/-/array.prototype.findlastindex-1.2.6.tgz 1ms (cache hit)
2628 http cache array-includes@https://registry.npmjs.org/array-includes/-/array-includes-3.1.9.tgz 0ms (cache hit)
2629 http cache @rtsao/scc@https://registry.npmjs.org/@rtsao/scc/-/scc-1.1.0.tgz 0ms (cache hit)
2630 http cache unrs-resolver@https://registry.npmjs.org/unrs-resolver/-/unrs-resolver-1.11.1.tgz 0ms (cache hit)
2631 http cache tinyglobby@https://registry.npmjs.org/tinyglobby/-/tinyglobby-0.2.16.tgz 0ms (cache hit)
2632 http cache stable-hash@https://registry.npmjs.org/stable-hash/-/stable-hash-0.0.5.tgz 0ms (cache hit)
2633 http cache is-bun-module@https://registry.npmjs.org/is-bun-module/-/is-bun-module-2.0.0.tgz 0ms (cache hit)
2634 http cache get-tsconfig@https://registry.npmjs.org/get-tsconfig/-/get-tsconfig-4.14.0.tgz 0ms (cache hit)
2635 http cache @nolyfill/is-core-module@https://registry.npmjs.org/@nolyfill/is-core-module/-/is-core-module-1.0.39.tgz 0ms (cache hit)
2636 http cache resolve@https://registry.npmjs.org/resolve/-/resolve-2.0.0-next.7.tgz 0ms (cache hit)
2637 http cache ts-api-utils@https://registry.npmjs.org/ts-api-utils/-/ts-api-utils-1.4.3.tgz 0ms (cache hit)
2638 http cache semver@https://registry.npmjs.org/semver/-/semver-7.8.0.tgz 0ms (cache hit)
2639 http cache globby@https://registry.npmjs.org/globby/-/globby-11.1.0.tgz 0ms (cache hit)
2640 http cache @typescript-eslint/visitor-keys@https://registry.npmjs.org/@typescript-eslint/visitor-keys/-/visitor-keys-7.2.0.tgz 0ms (cache hit)
2641 http cache @typescript-eslint/typescript-estree@https://registry.npmjs.org/@typescript-eslint/typescript-estree/-/typescript-estree-7.2.0.tgz 0ms (cache hit)
2642 http cache @typescript-eslint/types@https://registry.npmjs.org/@typescript-eslint/types/-/types-7.2.0.tgz 0ms (cache hit)
2643 http cache @typescript-eslint/scope-manager@https://registry.npmjs.org/@typescript-eslint/scope-manager/-/scope-manager-7.2.0.tgz 0ms (cache hit)
2644 http cache is-core-module@https://registry.npmjs.org/is-core-module/-/is-core-module-2.16.2.tgz 0ms (cache hit)
2645 http cache glob@https://registry.npmjs.org/glob/-/glob-10.3.10.tgz 0ms (cache hit)
2646 http cache eslint-plugin-jsx-a11y@https://registry.npmjs.org/eslint-plugin-jsx-a11y/-/eslint-plugin-jsx-a11y-6.10.2.tgz 0ms (cache hit)
2647 http cache eslint-plugin-import@https://registry.npmjs.org/eslint-plugin-import/-/eslint-plugin-import-2.32.0.tgz 0ms (cache hit)
2648 http cache eslint-import-resolver-typescript@https://registry.npmjs.org/eslint-import-resolver-typescript/-/eslint-import-resolver-typescript-3.10.1.tgz 0ms (cache hit)
2649 http cache eslint-plugin-react-hooks@https://registry.npmjs.org/eslint-plugin-react-hooks/-/eslint-plugin-react-hooks-5.0.0-canary-7118f5dd7-20230705.tgz 0ms (cache hit)
2650 http cache eslint-import-resolver-node@https://registry.npmjs.org/eslint-import-resolver-node/-/eslint-import-resolver-node-0.3.10.tgz 0ms (cache hit)
2651 http cache @typescript-eslint/parser@https://registry.npmjs.org/@typescript-eslint/parser/-/parser-7.2.0.tgz 0ms (cache hit)
2652 http cache @rushstack/eslint-patch@https://registry.npmjs.org/@rushstack/eslint-patch/-/eslint-patch-1.16.1.tgz 0ms (cache hit)
2653 http cache @next/eslint-plugin-next@https://registry.npmjs.org/@next/eslint-plugin-next/-/eslint-plugin-next-14.2.3.tgz 0ms (cache hit)
2654 http cache ms@https://registry.npmjs.org/ms/-/ms-2.1.3.tgz 0ms (cache hit)
2655 http cache which@https://registry.npmjs.org/which/-/which-2.0.2.tgz 0ms (cache hit)
2656 http cache shebang-command@https://registry.npmjs.org/shebang-command/-/shebang-command-2.0.0.tgz 0ms (cache hit)
2657 http cache path-key@https://registry.npmjs.org/path-key/-/path-key-3.1.1.tgz 0ms (cache hit)
2658 http cache color-name@https://registry.npmjs.org/color-name/-/color-name-1.1.4.tgz 0ms (cache hit)
2659 http cache eslint-plugin-react@https://registry.npmjs.org/eslint-plugin-react/-/eslint-plugin-react-7.37.5.tgz 0ms (cache hit)
2660 http cache color-convert@https://registry.npmjs.org/color-convert/-/color-convert-2.0.1.tgz 0ms (cache hit)
2661 http cache supports-color@https://registry.npmjs.org/supports-color/-/supports-color-7.2.0.tgz 0ms (cache hit)
2662 http cache ansi-styles@https://registry.npmjs.org/ansi-styles/-/ansi-styles-4.3.0.tgz 0ms (cache hit)
2663 http cache fast-json-stable-stringify@https://registry.npmjs.org/fast-json-stable-stringify/-/fast-json-stable-stringify-2.1.0.tgz 0ms (cache hit)
2664 http cache json-schema-traverse@https://registry.npmjs.org/json-schema-traverse/-/json-schema-traverse-0.4.1.tgz 0ms (cache hit)
2665 http cache run-parallel@https://registry.npmjs.org/run-parallel/-/run-parallel-1.2.0.tgz 0ms (cache hit)
2666 http cache uri-js@https://registry.npmjs.org/uri-js/-/uri-js-4.4.1.tgz 0ms (cache hit)
2667 http cache fastq@https://registry.npmjs.org/fastq/-/fastq-1.20.1.tgz 0ms (cache hit)
2668 http cache strip-json-comments@https://registry.npmjs.org/strip-json-comments/-/strip-json-comments-3.1.1.tgz 0ms (cache hit)
2669 http cache @nodelib/fs.stat@https://registry.npmjs.org/@nodelib/fs.stat/-/fs.stat-2.0.5.tgz 0ms (cache hit)
2670 http cache import-fresh@https://registry.npmjs.org/import-fresh/-/import-fresh-3.3.1.tgz 0ms (cache hit)
2671 http cache @humanwhocodes/object-schema@https://registry.npmjs.org/@humanwhocodes/object-schema/-/object-schema-2.0.3.tgz 0ms (cache hit)
2672 http cache text-table@https://registry.npmjs.org/text-table/-/text-table-0.2.0.tgz 0ms (cache hit)
2673 http cache @nodelib/fs.scandir@https://registry.npmjs.org/@nodelib/fs.scandir/-/fs.scandir-2.1.5.tgz 0ms (cache hit)
2674 http cache strip-ansi@https://registry.npmjs.org/strip-ansi/-/strip-ansi-6.0.1.tgz 0ms (cache hit)
2675 http cache natural-compare@https://registry.npmjs.org/natural-compare/-/natural-compare-1.4.0.tgz 0ms (cache hit)
2676 http cache minimatch@https://registry.npmjs.org/minimatch/-/minimatch-3.1.5.tgz 0ms (cache hit)
2677 http cache lodash.merge@https://registry.npmjs.org/lodash.merge/-/lodash.merge-4.6.2.tgz 0ms (cache hit)
2678 http cache optionator@https://registry.npmjs.org/optionator/-/optionator-0.9.4.tgz 0ms (cache hit)
2679 http cache levn@https://registry.npmjs.org/levn/-/levn-0.4.1.tgz 0ms (cache hit)
2680 http cache is-glob@https://registry.npmjs.org/is-glob/-/is-glob-4.0.3.tgz 0ms (cache hit)
2681 http cache js-yaml@https://registry.npmjs.org/js-yaml/-/js-yaml-4.1.1.tgz 0ms (cache hit)
2682 http cache imurmurhash@https://registry.npmjs.org/imurmurhash/-/imurmurhash-0.1.4.tgz 0ms (cache hit)
2683 http cache is-path-inside@https://registry.npmjs.org/is-path-inside/-/is-path-inside-3.0.3.tgz 0ms (cache hit)
2684 http cache ignore@https://registry.npmjs.org/ignore/-/ignore-5.3.2.tgz 0ms (cache hit)
2685 http cache json-stable-stringify-without-jsonify@https://registry.npmjs.org/json-stable-stringify-without-jsonify/-/json-stable-stringify-without-jsonify-1.0.1.tgz 0ms (cache hit)
2686 http cache graphemer@https://registry.npmjs.org/graphemer/-/graphemer-1.4.0.tgz 0ms (cache hit)
2687 http cache glob-parent@https://registry.npmjs.org/glob-parent/-/glob-parent-6.0.2.tgz 0ms (cache hit)
2688 http cache find-up@https://registry.npmjs.org/find-up/-/find-up-5.0.0.tgz 0ms (cache hit)
2689 http cache file-entry-cache@https://registry.npmjs.org/file-entry-cache/-/file-entry-cache-6.0.1.tgz 0ms (cache hit)
2690 http cache globals@https://registry.npmjs.org/globals/-/globals-13.24.0.tgz 0ms (cache hit)
2691 http cache esutils@https://registry.npmjs.org/esutils/-/esutils-2.0.3.tgz 0ms (cache hit)
2692 http cache eslint-visitor-keys@https://registry.npmjs.org/eslint-visitor-keys/-/eslint-visitor-keys-3.4.3.tgz 0ms (cache hit)
2693 http cache espree@https://registry.npmjs.org/espree/-/espree-9.6.1.tgz 0ms (cache hit)
2694 http cache eslint-scope@https://registry.npmjs.org/eslint-scope/-/eslint-scope-7.2.2.tgz 0ms (cache hit)
2695 http cache escape-string-regexp@https://registry.npmjs.org/escape-string-regexp/-/escape-string-regexp-4.0.0.tgz 0ms (cache hit)
2696 http cache doctrine@https://registry.npmjs.org/doctrine/-/doctrine-3.0.0.tgz 0ms (cache hit)
2697 http cache debug@https://registry.npmjs.org/debug/-/debug-4.4.3.tgz 0ms (cache hit)
2698 http cache cross-spawn@https://registry.npmjs.org/cross-spawn/-/cross-spawn-7.0.6.tgz 0ms (cache hit)
2699 http cache fast-deep-equal@https://registry.npmjs.org/fast-deep-equal/-/fast-deep-equal-3.1.3.tgz 0ms (cache hit)
2700 http cache chalk@https://registry.npmjs.org/chalk/-/chalk-4.1.2.tgz 0ms (cache hit)
2701 http cache esquery@https://registry.npmjs.org/esquery/-/esquery-1.7.0.tgz 0ms (cache hit)
2702 http cache @ungap/structured-clone@https://registry.npmjs.org/@ungap/structured-clone/-/structured-clone-1.3.1.tgz 0ms (cache hit)
2703 http cache @nodelib/fs.walk@https://registry.npmjs.org/@nodelib/fs.walk/-/fs.walk-1.2.8.tgz 0ms (cache hit)
2704 http cache @humanwhocodes/module-importer@https://registry.npmjs.org/@humanwhocodes/module-importer/-/module-importer-1.0.1.tgz 0ms (cache hit)
2705 http cache ajv@https://registry.npmjs.org/ajv/-/ajv-6.15.0.tgz 0ms (cache hit)
2706 http cache @humanwhocodes/config-array@https://registry.npmjs.org/@humanwhocodes/config-array/-/config-array-0.13.0.tgz 0ms (cache hit)
2707 http cache @eslint/eslintrc@https://registry.npmjs.org/@eslint/eslintrc/-/eslintrc-2.1.4.tgz 0ms (cache hit)
2708 http cache @eslint-community/eslint-utils@https://registry.npmjs.org/@eslint-community/eslint-utils/-/eslint-utils-4.9.1.tgz 0ms (cache hit)
2709 http cache update-browserslist-db@https://registry.npmjs.org/update-browserslist-db/-/update-browserslist-db-1.2.3.tgz 0ms (cache hit)
2710 http cache node-releases@https://registry.npmjs.org/node-releases/-/node-releases-2.0.44.tgz 0ms (cache hit)
2711 http cache @eslint/js@https://registry.npmjs.org/@eslint/js/-/js-8.57.1.tgz 0ms (cache hit)
2712 http cache electron-to-chromium@https://registry.npmjs.org/electron-to-chromium/-/electron-to-chromium-1.5.357.tgz 0ms (cache hit)
2713 http cache baseline-browser-mapping@https://registry.npmjs.org/baseline-browser-mapping/-/baseline-browser-mapping-2.10.30.tgz 0ms (cache hit)
2714 http cache postcss-value-parser@https://registry.npmjs.org/postcss-value-parser/-/postcss-value-parser-4.2.0.tgz 0ms (cache hit)
2715 http cache @eslint-community/regexpp@https://registry.npmjs.org/@eslint-community/regexpp/-/regexpp-4.12.2.tgz 0ms (cache hit)
2716 http cache picocolors@https://registry.npmjs.org/picocolors/-/picocolors-1.1.1.tgz 0ms (cache hit)
2717 http cache caniuse-lite@https://registry.npmjs.org/caniuse-lite/-/caniuse-lite-1.0.30001793.tgz 0ms (cache hit)
2718 http cache csstype@https://registry.npmjs.org/csstype/-/csstype-3.2.3.tgz 0ms (cache hit)
2719 http cache @types/prop-types@https://registry.npmjs.org/@types/prop-types/-/prop-types-15.7.15.tgz 0ms (cache hit)
2720 http cache undici-types@https://registry.npmjs.org/undici-types/-/undici-types-6.21.0.tgz 0ms (cache hit)
2721 http cache fraction.js@https://registry.npmjs.org/fraction.js/-/fraction.js-5.3.4.tgz 0ms (cache hit)
2722 http cache tailwindcss@https://registry.npmjs.org/tailwindcss/-/tailwindcss-3.4.19.tgz 0ms (cache hit)
2723 http cache react@https://registry.npmjs.org/react/-/react-18.3.1.tgz 0ms (cache hit)
2724 http cache typescript@https://registry.npmjs.org/typescript/-/typescript-5.9.3.tgz 0ms (cache hit)
2725 http cache next@https://registry.npmjs.org/next/-/next-14.2.3.tgz 0ms (cache hit)
2726 http cache framer-motion@https://registry.npmjs.org/framer-motion/-/framer-motion-11.18.2.tgz 0ms (cache hit)
2727 http cache react-dom@https://registry.npmjs.org/react-dom/-/react-dom-18.3.1.tgz 0ms (cache hit)
2728 http cache eslint-config-next@https://registry.npmjs.org/eslint-config-next/-/eslint-config-next-14.2.3.tgz 0ms (cache hit)
2729 http cache eslint@https://registry.npmjs.org/eslint/-/eslint-8.57.1.tgz 0ms (cache hit)
2730 http cache postcss@https://registry.npmjs.org/postcss/-/postcss-8.5.14.tgz 0ms (cache hit)
2731 http cache @types/react-dom@https://registry.npmjs.org/@types/react-dom/-/react-dom-18.3.7.tgz 0ms (cache hit)
2732 http cache autoprefixer@https://registry.npmjs.org/autoprefixer/-/autoprefixer-10.5.0.tgz 0ms (cache hit)
2733 http cache @types/react@https://registry.npmjs.org/@types/react/-/react-18.3.28.tgz 0ms (cache hit)
2734 http cache @types/node@https://registry.npmjs.org/@types/node/-/node-20.19.41.tgz 0ms (cache hit)
2735 http cache resolve@https://registry.npmjs.org/resolve/-/resolve-1.22.12.tgz 0ms (cache hit)
2736 http cache glob-parent@https://registry.npmjs.org/glob-parent/-/glob-parent-5.1.2.tgz 0ms (cache hit)
2737 http cache semver@https://registry.npmjs.org/semver/-/semver-6.3.1.tgz 0ms (cache hit)
2738 http cache emoji-regex@https://registry.npmjs.org/emoji-regex/-/emoji-regex-8.0.0.tgz 0ms (cache hit)
2739 http cache string-width@https://registry.npmjs.org/string-width/-/string-width-4.2.3.tgz 0ms (cache hit)
2740 http cache ansi-regex@https://registry.npmjs.org/ansi-regex/-/ansi-regex-6.2.2.tgz 0ms (cache hit)
2741 http cache strip-ansi@https://registry.npmjs.org/strip-ansi/-/strip-ansi-7.2.0.tgz 0ms (cache hit)
2742 http cache ansi-styles@https://registry.npmjs.org/ansi-styles/-/ansi-styles-6.2.3.tgz 0ms (cache hit)
2743 http cache emoji-regex@https://registry.npmjs.org/emoji-regex/-/emoji-regex-8.0.0.tgz 0ms (cache hit)
2744 http cache strip-ansi@https://registry.npmjs.org/strip-ansi/-/strip-ansi-7.2.0.tgz 0ms (cache hit)
2745 http cache ansi-regex@https://registry.npmjs.org/ansi-regex/-/ansi-regex-6.2.2.tgz 0ms (cache hit)
2746 http cache ansi-regex@https://registry.npmjs.org/ansi-regex/-/ansi-regex-6.2.2.tgz 0ms (cache hit)
2747 http cache browserslist@https://registry.npmjs.org/browserslist/-/browserslist-4.28.2.tgz 0ms (cache hit)
2748 http cache strip-ansi@https://registry.npmjs.org/strip-ansi/-/strip-ansi-7.2.0.tgz 0ms (cache hit)
2749 http cache glob@https://registry.npmjs.org/glob/-/glob-7.2.3.tgz 0ms (cache hit)
2750 http cache picomatch@https://registry.npmjs.org/picomatch/-/picomatch-4.0.4.tgz 0ms (cache hit)
2751 http cache fdir@https://registry.npmjs.org/fdir/-/fdir-6.5.0.tgz 0ms (cache hit)
2752 http cache brace-expansion@https://registry.npmjs.org/brace-expansion/-/brace-expansion-2.1.0.tgz 0ms (cache hit)
2753 http cache glob-parent@https://registry.npmjs.org/glob-parent/-/glob-parent-5.1.2.tgz 0ms (cache hit)
2754 http cache minimatch@https://registry.npmjs.org/minimatch/-/minimatch-9.0.3.tgz 0ms (cache hit)
2755 http cache brace-expansion@https://registry.npmjs.org/brace-expansion/-/brace-expansion-2.1.0.tgz 0ms (cache hit)
2756 http cache semver@https://registry.npmjs.org/semver/-/semver-6.3.1.tgz 0ms (cache hit)
2757 http cache doctrine@https://registry.npmjs.org/doctrine/-/doctrine-2.1.0.tgz 0ms (cache hit)
2758 http cache debug@https://registry.npmjs.org/debug/-/debug-3.2.7.tgz 0ms (cache hit)
2759 http cache semver@https://registry.npmjs.org/semver/-/semver-6.3.1.tgz 0ms (cache hit)
2760 http cache minimatch@https://registry.npmjs.org/minimatch/-/minimatch-9.0.9.tgz 0ms (cache hit)
2761 http cache debug@https://registry.npmjs.org/debug/-/debug-3.2.7.tgz 0ms (cache hit)
2762 http cache debug@https://registry.npmjs.org/debug/-/debug-3.2.7.tgz 0ms (cache hit)
2763 http cache postcss@https://registry.npmjs.org/postcss/-/postcss-8.4.31.tgz 0ms (cache hit)
2764 http cache resolve@https://registry.npmjs.org/resolve/-/resolve-1.22.12.tgz 0ms (cache hit)
2765 http cache doctrine@https://registry.npmjs.org/doctrine/-/doctrine-2.1.0.tgz 0ms (cache hit)
2766 silly tarball no local data for wrappy@https://registry.npmjs.org/wrappy/-/wrappy-1.0.2.tgz. Extracting by manifest.
2767 silly tarball no local data for once@https://registry.npmjs.org/once/-/once-1.4.0.tgz. Extracting by manifest.
2768 silly tarball no local data for path-is-absolute@https://registry.npmjs.org/path-is-absolute/-/path-is-absolute-1.0.1.tgz. Extracting by manifest.
2769 silly tarball no local data for inherits@https://registry.npmjs.org/inherits/-/inherits-2.0.4.tgz. Extracting by manifest.
2770 silly tarball no local data for is-weakset@https://registry.npmjs.org/is-weakset/-/is-weakset-2.0.4.tgz. Extracting by manifest.
2771 silly tarball no local data for fs.realpath@https://registry.npmjs.org/fs.realpath/-/fs.realpath-1.0.0.tgz. Extracting by manifest.
2772 silly tarball no local data for is-weakmap@https://registry.npmjs.org/is-weakmap/-/is-weakmap-2.0.2.tgz. Extracting by manifest.
2773 silly tarball no local data for is-map@https://registry.npmjs.org/is-map/-/is-map-2.0.3.tgz. Extracting by manifest.
2774 silly tarball no local data for generator-function@https://registry.npmjs.org/generator-function/-/generator-function-2.0.1.tgz. Extracting by manifest.
2775 silly tarball no local data for async-function@https://registry.npmjs.org/async-function/-/async-function-1.0.0.tgz. Extracting by manifest.
2776 silly tarball no local data for which-collection@https://registry.npmjs.org/which-collection/-/which-collection-1.0.2.tgz. Extracting by manifest.
2777 silly tarball no local data for is-generator-function@https://registry.npmjs.org/is-generator-function/-/is-generator-function-1.1.2.tgz. Extracting by manifest.
2778 silly tarball no local data for inflight@https://registry.npmjs.org/inflight/-/inflight-1.0.6.tgz. Extracting by manifest.
2779 silly tarball no local data for is-async-function@https://registry.npmjs.org/is-async-function/-/is-async-function-2.1.1.tgz. Extracting by manifest.
2780 silly tarball no local data for is-finalizationregistry@https://registry.npmjs.org/is-finalizationregistry/-/is-finalizationregistry-1.1.1.tgz. Extracting by manifest.
2781 silly tarball no local data for is-number-object@https://registry.npmjs.org/is-number-object/-/is-number-object-1.1.1.tgz. Extracting by manifest.
2782 silly tarball no local data for is-boolean-object@https://registry.npmjs.org/is-boolean-object/-/is-boolean-object-1.2.2.tgz. Extracting by manifest.
2783 silly tarball no local data for is-bigint@https://registry.npmjs.org/is-bigint/-/is-bigint-1.1.0.tgz. Extracting by manifest.
2784 silly tarball no local data for isexe@https://registry.npmjs.org/isexe/-/isexe-2.0.0.tgz. Extracting by manifest.
2785 silly tarball no local data for punycode@https://registry.npmjs.org/punycode/-/punycode-2.3.1.tgz. Extracting by manifest.
2786 silly tarball no local data for escalade@https://registry.npmjs.org/escalade/-/escalade-3.2.0.tgz. Extracting by manifest.
2787 silly tarball no local data for napi-postinstall@https://registry.npmjs.org/napi-postinstall/-/napi-postinstall-0.3.4.tgz. Extracting by manifest.
2788 silly tarball no local data for @unrs/resolver-binding-darwin-arm64@https://registry.npmjs.org/@unrs/resolver-binding-darwin-arm64/-/resolver-binding-darwin-arm64-1.11.1.tgz. Extracting by manifest.
2789 silly tarball no local data for which-boxed-primitive@https://registry.npmjs.org/which-boxed-primitive/-/which-boxed-primitive-1.1.1.tgz. Extracting by manifest.
2790 silly tarball no local data for has-bigints@https://registry.npmjs.org/has-bigints/-/has-bigints-1.1.0.tgz. Extracting by manifest.
2791 silly tarball no local data for which-builtin-type@https://registry.npmjs.org/which-builtin-type/-/which-builtin-type-1.2.1.tgz. Extracting by manifest.
2792 silly tarball no local data for reflect.getprototypeof@https://registry.npmjs.org/reflect.getprototypeof/-/reflect.getprototypeof-1.0.10.tgz. Extracting by manifest.
2793 silly tarball no local data for for-each@https://registry.npmjs.org/for-each/-/for-each-0.3.5.tgz. Extracting by manifest.
2794 silly tarball no local data for strip-bom@https://registry.npmjs.org/strip-bom/-/strip-bom-3.0.0.tgz. Extracting by manifest.
2795 silly tarball no local data for minimist@https://registry.npmjs.org/minimist/-/minimist-1.2.8.tgz. Extracting by manifest.
2796 silly tarball no local data for @types/json5@https://registry.npmjs.org/@types/json5/-/json5-0.0.29.tgz. Extracting by manifest.
2797 silly tarball no local data for json5@https://registry.npmjs.org/json5/-/json5-1.0.2.tgz. Extracting by manifest.
2798 silly tarball no local data for is-number@https://registry.npmjs.org/is-number/-/is-number-7.0.0.tgz. Extracting by manifest.
2799 silly tarball no local data for thenify@https://registry.npmjs.org/thenify/-/thenify-3.3.1.tgz. Extracting by manifest.
2800 silly tarball no local data for thenify-all@https://registry.npmjs.org/thenify-all/-/thenify-all-1.6.0.tgz. Extracting by manifest.
2801 silly tarball no local data for any-promise@https://registry.npmjs.org/any-promise/-/any-promise-1.3.0.tgz. Extracting by manifest.
2802 silly tarball no local data for @jridgewell/resolve-uri@https://registry.npmjs.org/@jridgewell/resolve-uri/-/resolve-uri-3.1.2.tgz. Extracting by manifest.
2803 silly tarball no local data for @jridgewell/trace-mapping@https://registry.npmjs.org/@jridgewell/trace-mapping/-/trace-mapping-0.3.31.tgz. Extracting by manifest.
2804 silly tarball no local data for @jridgewell/sourcemap-codec@https://registry.npmjs.org/@jridgewell/sourcemap-codec/-/sourcemap-codec-1.5.5.tgz. Extracting by manifest.
2805 silly tarball no local data for ts-interface-checker@https://registry.npmjs.org/ts-interface-checker/-/ts-interface-checker-0.1.13.tgz. Extracting by manifest.
2806 silly tarball no local data for pirates@https://registry.npmjs.org/pirates/-/pirates-4.0.7.tgz. Extracting by manifest.
2807 silly tarball no local data for mz@https://registry.npmjs.org/mz/-/mz-2.7.0.tgz. Extracting by manifest.
2808 silly tarball no local data for commander@https://registry.npmjs.org/commander/-/commander-4.1.1.tgz. Extracting by manifest.
2809 silly tarball no local data for @jridgewell/gen-mapping@https://registry.npmjs.org/@jridgewell/gen-mapping/-/gen-mapping-0.3.13.tgz. Extracting by manifest.
2810 silly tarball no local data for pify@https://registry.npmjs.org/pify/-/pify-2.3.0.tgz. Extracting by manifest.
2811 silly tarball no local data for lines-and-columns@https://registry.npmjs.org/lines-and-columns/-/lines-and-columns-1.2.4.tgz. Extracting by manifest.
2812 silly tarball no local data for util-deprecate@https://registry.npmjs.org/util-deprecate/-/util-deprecate-1.0.2.tgz. Extracting by manifest.
2813 silly tarball no local data for camelcase-css@https://registry.npmjs.org/camelcase-css/-/camelcase-css-2.0.1.tgz. Extracting by manifest.
2814 silly tarball no local data for read-cache@https://registry.npmjs.org/read-cache/-/read-cache-1.0.0.tgz. Extracting by manifest.
2815 silly tarball no local data for readdirp@https://registry.npmjs.org/readdirp/-/readdirp-3.6.0.tgz. Extracting by manifest.
2816 silly tarball no local data for is-binary-path@https://registry.npmjs.org/is-binary-path/-/is-binary-path-2.1.0.tgz. Extracting by manifest.
2817 silly tarball no local data for anymatch@https://registry.npmjs.org/anymatch/-/anymatch-3.1.3.tgz. Extracting by manifest.
2818 silly tarball no local data for fsevents@https://registry.npmjs.org/fsevents/-/fsevents-2.3.3.tgz. Extracting by manifest.
2819 silly tarball no local data for cssesc@https://registry.npmjs.org/cssesc/-/cssesc-3.0.0.tgz. Extracting by manifest.
2820 silly tarball no local data for sucrase@https://registry.npmjs.org/sucrase/-/sucrase-3.35.1.tgz. Extracting by manifest.
2821 silly tarball no local data for postcss-selector-parser@https://registry.npmjs.org/postcss-selector-parser/-/postcss-selector-parser-6.1.2.tgz. Extracting by manifest.
2822 silly tarball no local data for postcss-nested@https://registry.npmjs.org/postcss-nested/-/postcss-nested-6.2.0.tgz. Extracting by manifest.
2823 silly tarball no local data for postcss-js@https://registry.npmjs.org/postcss-js/-/postcss-js-4.1.0.tgz. Extracting by manifest.
2824 silly tarball no local data for postcss-load-config@https://registry.npmjs.org/postcss-load-config/-/postcss-load-config-6.0.1.tgz. Extracting by manifest.
2825 silly tarball no local data for normalize-path@https://registry.npmjs.org/normalize-path/-/normalize-path-3.0.0.tgz. Extracting by manifest.
2826 silly tarball no local data for object-hash@https://registry.npmjs.org/object-hash/-/object-hash-3.0.0.tgz. Extracting by manifest.
2827 silly tarball no local data for postcss-import@https://registry.npmjs.org/postcss-import/-/postcss-import-15.1.0.tgz. Extracting by manifest.
2828 silly tarball no local data for lilconfig@https://registry.npmjs.org/lilconfig/-/lilconfig-3.1.3.tgz. Extracting by manifest.
2829 silly tarball no local data for jiti@https://registry.npmjs.org/jiti/-/jiti-1.21.7.tgz. Extracting by manifest.
2830 silly tarball no local data for didyoumean@https://registry.npmjs.org/didyoumean/-/didyoumean-1.2.2.tgz. Extracting by manifest.
2831 silly tarball no local data for has-flag@https://registry.npmjs.org/has-flag/-/has-flag-4.0.0.tgz. Extracting by manifest.
2832 silly tarball no local data for @alloc/quick-lru@https://registry.npmjs.org/@alloc/quick-lru/-/quick-lru-5.2.0.tgz. Extracting by manifest.
2833 silly tarball no local data for arg@https://registry.npmjs.org/arg/-/arg-5.0.2.tgz. Extracting by manifest.
2834 silly tarball no local data for chokidar@https://registry.npmjs.org/chokidar/-/chokidar-3.6.0.tgz. Extracting by manifest.
2835 silly tarball no local data for is-fullwidth-code-point@https://registry.npmjs.org/is-fullwidth-code-point/-/is-fullwidth-code-point-3.0.0.tgz. Extracting by manifest.
2836 silly tarball no local data for dlv@https://registry.npmjs.org/dlv/-/dlv-1.1.3.tgz. Extracting by manifest.
2837 silly tarball no local data for ansi-regex@https://registry.npmjs.org/ansi-regex/-/ansi-regex-5.0.1.tgz. Extracting by manifest.
2838 silly tarball no local data for client-only@https://registry.npmjs.org/client-only/-/client-only-0.0.1.tgz. Extracting by manifest.
2839 silly tarball no local data for eastasianwidth@https://registry.npmjs.org/eastasianwidth/-/eastasianwidth-0.2.0.tgz. Extracting by manifest.
2840 silly tarball no local data for side-channel-weakmap@https://registry.npmjs.org/side-channel-weakmap/-/side-channel-weakmap-1.0.2.tgz. Extracting by manifest.
2841 silly tarball no local data for side-channel-map@https://registry.npmjs.org/side-channel-map/-/side-channel-map-1.0.1.tgz. Extracting by manifest.
2842 silly tarball no local data for side-channel-list@https://registry.npmjs.org/side-channel-list/-/side-channel-list-1.0.1.tgz. Extracting by manifest.
2843 silly tarball no local data for shebang-regex@https://registry.npmjs.org/shebang-regex/-/shebang-regex-3.0.0.tgz. Extracting by manifest.
2844 silly tarball no local data for queue-microtask@https://registry.npmjs.org/queue-microtask/-/queue-microtask-1.2.3.tgz. Extracting by manifest.
2845 silly tarball no local data for supports-preserve-symlinks-flag@https://registry.npmjs.org/supports-preserve-symlinks-flag/-/supports-preserve-symlinks-flag-1.0.0.tgz. Extracting by manifest.
2846 silly tarball no local data for isarray@https://registry.npmjs.org/isarray/-/isarray-2.0.5.tgz. Extracting by manifest.
2847 silly tarball no local data for node-exports-info@https://registry.npmjs.org/node-exports-info/-/node-exports-info-1.6.0.tgz. Extracting by manifest.
2848 silly tarball no local data for js-tokens@https://registry.npmjs.org/js-tokens/-/js-tokens-4.0.0.tgz. Extracting by manifest.
2849 silly tarball no local data for scheduler@https://registry.npmjs.org/scheduler/-/scheduler-0.23.2.tgz. Extracting by manifest.
2850 silly tarball no local data for path-parse@https://registry.npmjs.org/path-parse/-/path-parse-1.0.7.tgz. Extracting by manifest.
2851 silly tarball no local data for react-is@https://registry.npmjs.org/react-is/-/react-is-16.13.1.tgz. Extracting by manifest.
2852 silly tarball no local data for object-assign@https://registry.npmjs.org/object-assign/-/object-assign-4.1.1.tgz. Extracting by manifest.
2853 silly tarball no local data for loose-envify@https://registry.npmjs.org/loose-envify/-/loose-envify-1.4.0.tgz. Extracting by manifest.
2854 silly tarball no local data for nanoid@https://registry.npmjs.org/nanoid/-/nanoid-3.3.12.tgz. Extracting by manifest.
2855 silly tarball no local data for source-map-js@https://registry.npmjs.org/source-map-js/-/source-map-js-1.2.1.tgz. Extracting by manifest.
2856 silly tarball no local data for callsites@https://registry.npmjs.org/callsites/-/callsites-3.1.0.tgz. Extracting by manifest.
2857 silly tarball no local data for lru-cache@https://registry.npmjs.org/lru-cache/-/lru-cache-10.4.3.tgz. Extracting by manifest.
2858 silly tarball no local data for yocto-queue@https://registry.npmjs.org/yocto-queue/-/yocto-queue-0.1.0.tgz. Extracting by manifest.
2859 silly tarball no local data for fast-levenshtein@https://registry.npmjs.org/fast-levenshtein/-/fast-levenshtein-2.0.6.tgz. Extracting by manifest.
2860 silly tarball no local data for word-wrap@https://registry.npmjs.org/word-wrap/-/word-wrap-1.2.5.tgz. Extracting by manifest.
2861 silly tarball no local data for deep-is@https://registry.npmjs.org/deep-is/-/deep-is-0.1.4.tgz. Extracting by manifest.
2862 silly tarball no local data for p-limit@https://registry.npmjs.org/p-limit/-/p-limit-3.1.0.tgz. Extracting by manifest.
2863 silly tarball no local data for @swc/counter@https://registry.npmjs.org/@swc/counter/-/counter-0.1.3.tgz. Extracting by manifest.
2864 silly tarball no local data for streamsearch@https://registry.npmjs.org/streamsearch/-/streamsearch-1.1.0.tgz. Extracting by manifest.
2865 silly tarball no local data for graceful-fs@https://registry.npmjs.org/graceful-fs/-/graceful-fs-4.2.11.tgz. Extracting by manifest.
2866 silly tarball no local data for busboy@https://registry.npmjs.org/busboy/-/busboy-1.6.0.tgz. Extracting by manifest.
2867 silly tarball no local data for styled-jsx@https://registry.npmjs.org/styled-jsx/-/styled-jsx-5.1.1.tgz. Extracting by manifest.
2868 silly tarball no local data for @swc/helpers@https://registry.npmjs.org/@swc/helpers/-/helpers-0.5.5.tgz. Extracting by manifest.
2869 silly tarball no local data for @next/swc-darwin-arm64@https://registry.npmjs.org/@next/swc-darwin-arm64/-/swc-darwin-arm64-14.2.3.tgz. Extracting by manifest.
2870 silly tarball no local data for concat-map@https://registry.npmjs.org/concat-map/-/concat-map-0.0.1.tgz. Extracting by manifest.
2871 silly tarball no local data for balanced-match@https://registry.npmjs.org/balanced-match/-/balanced-match-1.0.2.tgz. Extracting by manifest.
2872 silly tarball no local data for to-regex-range@https://registry.npmjs.org/to-regex-range/-/to-regex-range-5.0.1.tgz. Extracting by manifest.
2873 silly tarball no local data for brace-expansion@https://registry.npmjs.org/brace-expansion/-/brace-expansion-1.1.14.tgz. Extracting by manifest.
2874 silly tarball no local data for fill-range@https://registry.npmjs.org/fill-range/-/fill-range-7.1.1.tgz. Extracting by manifest.
2875 silly tarball no local data for picomatch@https://registry.npmjs.org/picomatch/-/picomatch-2.3.2.tgz. Extracting by manifest.
2876 silly tarball no local data for @next/env@https://registry.npmjs.org/@next/env/-/env-14.2.3.tgz. Extracting by manifest.
2877 silly tarball no local data for p-locate@https://registry.npmjs.org/p-locate/-/p-locate-5.0.0.tgz. Extracting by manifest.
2878 silly tarball no local data for type-check@https://registry.npmjs.org/type-check/-/type-check-0.4.0.tgz. Extracting by manifest.
2879 silly tarball no local data for language-subtag-registry@https://registry.npmjs.org/language-subtag-registry/-/language-subtag-registry-0.3.23.tgz. Extracting by manifest.
2880 silly tarball no local data for json-buffer@https://registry.npmjs.org/json-buffer/-/json-buffer-3.0.1.tgz. Extracting by manifest.
2881 silly tarball no local data for argparse@https://registry.npmjs.org/argparse/-/argparse-2.0.1.tgz. Extracting by manifest.
2882 silly tarball no local data for wrap-ansi-cjs@https://registry.npmjs.org/wrap-ansi/-/wrap-ansi-7.0.0.tgz. Extracting by manifest.
2883 silly tarball no local data for binary-extensions@https://registry.npmjs.org/binary-extensions/-/binary-extensions-2.3.0.tgz. Extracting by manifest.
2884 silly tarball no local data for strip-ansi-cjs@https://registry.npmjs.org/strip-ansi/-/strip-ansi-6.0.1.tgz. Extracting by manifest.
2885 silly tarball no local data for wrap-ansi@https://registry.npmjs.org/wrap-ansi/-/wrap-ansi-8.1.0.tgz. Extracting by manifest.
2886 silly tarball no local data for string-width-cjs@https://registry.npmjs.org/string-width/-/string-width-4.2.3.tgz. Extracting by manifest.
2887 silly tarball no local data for @pkgjs/parseargs@https://registry.npmjs.org/@pkgjs/parseargs/-/parseargs-0.11.0.tgz. Extracting by manifest.
2888 silly tarball no local data for braces@https://registry.npmjs.org/braces/-/braces-3.0.3.tgz. Extracting by manifest.
2889 silly tarball no local data for string-width@https://registry.npmjs.org/string-width/-/string-width-5.1.2.tgz. Extracting by manifest.
2890 silly tarball no local data for set-function-name@https://registry.npmjs.org/set-function-name/-/set-function-name-2.0.2.tgz. Extracting by manifest.
2891 silly tarball no local data for @isaacs/cliui@https://registry.npmjs.org/@isaacs/cliui/-/cliui-8.0.2.tgz. Extracting by manifest.
2892 silly tarball no local data for is-extglob@https://registry.npmjs.org/is-extglob/-/is-extglob-2.1.1.tgz. Extracting by manifest.
2893 silly tarball no local data for resolve-from@https://registry.npmjs.org/resolve-from/-/resolve-from-4.0.0.tgz. Extracting by manifest.
2894 silly tarball no local data for side-channel@https://registry.npmjs.org/side-channel/-/side-channel-1.1.0.tgz. Extracting by manifest.
2895 silly tarball no local data for micromatch@https://registry.npmjs.org/micromatch/-/micromatch-4.0.8.tgz. Extracting by manifest.
2896 silly tarball no local data for slash@https://registry.npmjs.org/slash/-/slash-3.0.0.tgz. Extracting by manifest.
2897 silly tarball no local data for prelude-ls@https://registry.npmjs.org/prelude-ls/-/prelude-ls-1.2.1.tgz. Extracting by manifest.
2898 silly tarball no local data for merge2@https://registry.npmjs.org/merge2/-/merge2-1.4.1.tgz. Extracting by manifest.
2899 silly tarball no local data for dir-glob@https://registry.npmjs.org/dir-glob/-/dir-glob-3.0.1.tgz. Extracting by manifest.
2900 silly tarball no local data for fast-glob@https://registry.npmjs.org/fast-glob/-/fast-glob-3.3.3.tgz. Extracting by manifest.
2901 silly tarball no local data for type-fest@https://registry.npmjs.org/type-fest/-/type-fest-0.20.2.tgz. Extracting by manifest.
2902 silly tarball no local data for path-type@https://registry.npmjs.org/path-type/-/path-type-4.0.0.tgz. Extracting by manifest.
2903 silly tarball no local data for signal-exit@https://registry.npmjs.org/signal-exit/-/signal-exit-4.1.0.tgz. Extracting by manifest.
2904 silly tarball no local data for path-scurry@https://registry.npmjs.org/path-scurry/-/path-scurry-1.11.1.tgz. Extracting by manifest.
2905 silly tarball no local data for parent-module@https://registry.npmjs.org/parent-module/-/parent-module-1.0.1.tgz. Extracting by manifest.
2906 silly tarball no local data for minipass@https://registry.npmjs.org/minipass/-/minipass-7.1.3.tgz. Extracting by manifest.
2907 silly tarball no local data for jackspeak@https://registry.npmjs.org/jackspeak/-/jackspeak-2.3.6.tgz. Extracting by manifest.
2908 silly tarball no local data for foreground-child@https://registry.npmjs.org/foreground-child/-/foreground-child-3.3.1.tgz. Extracting by manifest.
2909 silly tarball no local data for tslib@https://registry.npmjs.org/tslib/-/tslib-2.8.1.tgz. Extracting by manifest.
2910 silly tarball no local data for dunder-proto@https://registry.npmjs.org/dunder-proto/-/dunder-proto-1.0.1.tgz. Extracting by manifest.
2911 silly tarball no local data for array-union@https://registry.npmjs.org/array-union/-/array-union-2.1.0.tgz. Extracting by manifest.
2912 silly tarball no local data for functions-have-names@https://registry.npmjs.org/functions-have-names/-/functions-have-names-1.2.3.tgz. Extracting by manifest.
2913 silly tarball no local data for motion-dom@https://registry.npmjs.org/motion-dom/-/motion-dom-11.18.1.tgz. Extracting by manifest.
2914 silly tarball no local data for rimraf@https://registry.npmjs.org/rimraf/-/rimraf-3.0.2.tgz. Extracting by manifest.
2915 silly tarball no local data for resolve-pkg-maps@https://registry.npmjs.org/resolve-pkg-maps/-/resolve-pkg-maps-1.0.0.tgz. Extracting by manifest.
2916 silly tarball no local data for flatted@https://registry.npmjs.org/flatted/-/flatted-3.4.2.tgz. Extracting by manifest.
2917 silly tarball no local data for keyv@https://registry.npmjs.org/keyv/-/keyv-4.5.4.tgz. Extracting by manifest.
2918 silly tarball no local data for locate-path@https://registry.npmjs.org/locate-path/-/locate-path-6.0.0.tgz. Extracting by manifest.
2919 silly tarball no local data for acorn@https://registry.npmjs.org/acorn/-/acorn-8.16.0.tgz. Extracting by manifest.
2920 silly tarball no local data for flat-cache@https://registry.npmjs.org/flat-cache/-/flat-cache-3.2.0.tgz. Extracting by manifest.
2921 silly tarball no local data for path-exists@https://registry.npmjs.org/path-exists/-/path-exists-4.0.0.tgz. Extracting by manifest.
2922 silly tarball no local data for motion-utils@https://registry.npmjs.org/motion-utils/-/motion-utils-11.18.1.tgz. Extracting by manifest.
2923 silly tarball no local data for acorn-jsx@https://registry.npmjs.org/acorn-jsx/-/acorn-jsx-5.3.2.tgz. Extracting by manifest.
2924 silly tarball no local data for reusify@https://registry.npmjs.org/reusify/-/reusify-1.1.0.tgz. Extracting by manifest.
2925 silly tarball no local data for iterator.prototype@https://registry.npmjs.org/iterator.prototype/-/iterator.prototype-1.1.5.tgz. Extracting by manifest.
2926 silly tarball no local data for string.prototype.matchall@https://registry.npmjs.org/string.prototype.matchall/-/string.prototype.matchall-4.0.12.tgz. Extracting by manifest.
2927 silly tarball no local data for prop-types@https://registry.npmjs.org/prop-types/-/prop-types-15.8.1.tgz. Extracting by manifest.
2928 silly tarball no local data for esrecurse@https://registry.npmjs.org/esrecurse/-/esrecurse-4.3.0.tgz. Extracting by manifest.
2929 silly tarball no local data for es-iterator-helpers@https://registry.npmjs.org/es-iterator-helpers/-/es-iterator-helpers-1.3.2.tgz. Extracting by manifest.
2930 silly tarball no local data for string.prototype.repeat@https://registry.npmjs.org/string.prototype.repeat/-/string.prototype.repeat-1.0.0.tgz. Extracting by manifest.
2931 silly tarball no local data for estraverse@https://registry.npmjs.org/estraverse/-/estraverse-5.3.0.tgz. Extracting by manifest.
2932 silly tarball no local data for language-tags@https://registry.npmjs.org/language-tags/-/language-tags-1.0.9.tgz. Extracting by manifest.
2933 silly tarball no local data for string.prototype.includes@https://registry.npmjs.org/string.prototype.includes/-/string.prototype.includes-2.0.1.tgz. Extracting by manifest.
2934 silly tarball no local data for object.entries@https://registry.npmjs.org/object.entries/-/object.entries-1.1.9.tgz. Extracting by manifest.
2935 silly tarball no local data for jsx-ast-utils@https://registry.npmjs.org/jsx-ast-utils/-/jsx-ast-utils-3.3.5.tgz. Extracting by manifest.
2936 silly tarball no local data for array.prototype.tosorted@https://registry.npmjs.org/array.prototype.tosorted/-/array.prototype.tosorted-1.1.4.tgz. Extracting by manifest.
2937 silly tarball no local data for damerau-levenshtein@https://registry.npmjs.org/damerau-levenshtein/-/damerau-levenshtein-1.0.8.tgz. Extracting by manifest.
2938 silly tarball no local data for emoji-regex@https://registry.npmjs.org/emoji-regex/-/emoji-regex-9.2.2.tgz. Extracting by manifest.
2939 silly tarball no local data for axobject-query@https://registry.npmjs.org/axobject-query/-/axobject-query-4.1.0.tgz. Extracting by manifest.
2940 silly tarball no local data for ast-types-flow@https://registry.npmjs.org/ast-types-flow/-/ast-types-flow-0.0.8.tgz. Extracting by manifest.
2941 silly tarball no local data for aria-query@https://registry.npmjs.org/aria-query/-/aria-query-5.3.2.tgz. Extracting by manifest.
2942 silly tarball no local data for is-symbol@https://registry.npmjs.org/is-symbol/-/is-symbol-1.1.1.tgz. Extracting by manifest.
2943 silly tarball no local data for array.prototype.findlast@https://registry.npmjs.org/array.prototype.findlast/-/array.prototype.findlast-1.2.5.tgz. Extracting by manifest.
2944 silly tarball no local data for has-tostringtag@https://registry.npmjs.org/has-tostringtag/-/has-tostringtag-1.0.2.tgz. Extracting by manifest.
2945 silly tarball no local data for is-date-object@https://registry.npmjs.org/is-date-object/-/is-date-object-1.1.0.tgz. Extracting by manifest.
2946 silly tarball no local data for possible-typed-array-names@https://registry.npmjs.org/possible-typed-array-names/-/possible-typed-array-names-1.1.0.tgz. Extracting by manifest.
2947 silly tarball no local data for unbox-primitive@https://registry.npmjs.org/unbox-primitive/-/unbox-primitive-1.1.0.tgz. Extracting by manifest.
2948 silly tarball no local data for which-typed-array@https://registry.npmjs.org/which-typed-array/-/which-typed-array-1.1.20.tgz. Extracting by manifest.
2949 silly tarball no local data for typed-array-length@https://registry.npmjs.org/typed-array-length/-/typed-array-length-1.0.7.tgz. Extracting by manifest.
2950 silly tarball no local data for axe-core@https://registry.npmjs.org/axe-core/-/axe-core-4.11.4.tgz. Extracting by manifest.
2951 silly tarball no local data for typed-array-byte-length@https://registry.npmjs.org/typed-array-byte-length/-/typed-array-byte-length-1.0.3.tgz. Extracting by manifest.
2952 silly tarball no local data for string.prototype.trim@https://registry.npmjs.org/string.prototype.trim/-/string.prototype.trim-1.2.10.tgz. Extracting by manifest.
2953 silly tarball no local data for typed-array-byte-offset@https://registry.npmjs.org/typed-array-byte-offset/-/typed-array-byte-offset-1.0.4.tgz. Extracting by manifest.
2954 silly tarball no local data for string.prototype.trimstart@https://registry.npmjs.org/string.prototype.trimstart/-/string.prototype.trimstart-1.0.8.tgz. Extracting by manifest.
2955 silly tarball no local data for stop-iteration-iterator@https://registry.npmjs.org/stop-iteration-iterator/-/stop-iteration-iterator-1.1.0.tgz. Extracting by manifest.
2956 silly tarball no local data for typed-array-buffer@https://registry.npmjs.org/typed-array-buffer/-/typed-array-buffer-1.0.3.tgz. Extracting by manifest.
2957 silly tarball no local data for safe-push-apply@https://registry.npmjs.org/safe-push-apply/-/safe-push-apply-1.0.0.tgz. Extracting by manifest.
2958 silly tarball no local data for safe-array-concat@https://registry.npmjs.org/safe-array-concat/-/safe-array-concat-1.1.4.tgz. Extracting by manifest.
2959 silly tarball no local data for set-proto@https://registry.npmjs.org/set-proto/-/set-proto-1.0.0.tgz. Extracting by manifest.
2960 silly tarball no local data for regexp.prototype.flags@https://registry.npmjs.org/regexp.prototype.flags/-/regexp.prototype.flags-1.5.4.tgz. Extracting by manifest.
2961 silly tarball no local data for own-keys@https://registry.npmjs.org/own-keys/-/own-keys-1.0.1.tgz. Extracting by manifest.
2962 silly tarball no local data for object.assign@https://registry.npmjs.org/object.assign/-/object.assign-4.1.7.tgz. Extracting by manifest.
2963 silly tarball no local data for safe-regex-test@https://registry.npmjs.org/safe-regex-test/-/safe-regex-test-1.1.0.tgz. Extracting by manifest.
2964 silly tarball no local data for is-weakref@https://registry.npmjs.org/is-weakref/-/is-weakref-1.1.1.tgz. Extracting by manifest.
2965 silly tarball no local data for is-typed-array@https://registry.npmjs.org/is-typed-array/-/is-typed-array-1.1.15.tgz. Extracting by manifest.
2966 silly tarball no local data for object-inspect@https://registry.npmjs.org/object-inspect/-/object-inspect-1.13.4.tgz. Extracting by manifest.
2967 silly tarball no local data for is-set@https://registry.npmjs.org/is-set/-/is-set-2.0.3.tgz. Extracting by manifest.
2968 silly tarball no local data for is-negative-zero@https://registry.npmjs.org/is-negative-zero/-/is-negative-zero-2.0.3.tgz. Extracting by manifest.
2969 silly tarball no local data for is-data-view@https://registry.npmjs.org/is-data-view/-/is-data-view-1.0.2.tgz. Extracting by manifest.
2970 silly tarball no local data for is-shared-array-buffer@https://registry.npmjs.org/is-shared-array-buffer/-/is-shared-array-buffer-1.0.4.tgz. Extracting by manifest.
2971 silly tarball no local data for is-callable@https://registry.npmjs.org/is-callable/-/is-callable-1.2.7.tgz. Extracting by manifest.
2972 silly tarball no local data for is-regex@https://registry.npmjs.org/is-regex/-/is-regex-1.2.1.tgz. Extracting by manifest.
2973 silly tarball no local data for is-array-buffer@https://registry.npmjs.org/is-array-buffer/-/is-array-buffer-3.0.5.tgz. Extracting by manifest.
2974 silly tarball no local data for has-symbols@https://registry.npmjs.org/has-symbols/-/has-symbols-1.1.0.tgz. Extracting by manifest.
2975 silly tarball no local data for globalthis@https://registry.npmjs.org/globalthis/-/globalthis-1.0.4.tgz. Extracting by manifest.
2976 silly tarball no local data for has-proto@https://registry.npmjs.org/has-proto/-/has-proto-1.2.0.tgz. Extracting by manifest.
2977 silly tarball no local data for internal-slot@https://registry.npmjs.org/internal-slot/-/internal-slot-1.1.0.tgz. Extracting by manifest.
2978 silly tarball no local data for get-symbol-description@https://registry.npmjs.org/get-symbol-description/-/get-symbol-description-1.1.0.tgz. Extracting by manifest.
2979 silly tarball no local data for get-proto@https://registry.npmjs.org/get-proto/-/get-proto-1.0.1.tgz. Extracting by manifest.
2980 silly tarball no local data for function.prototype.name@https://registry.npmjs.org/function.prototype.name/-/function.prototype.name-1.1.8.tgz. Extracting by manifest.
2981 silly tarball no local data for es-set-tostringtag@https://registry.npmjs.org/es-set-tostringtag/-/es-set-tostringtag-2.1.0.tgz. Extracting by manifest.
2982 silly tarball no local data for data-view-byte-length@https://registry.npmjs.org/data-view-byte-length/-/data-view-byte-length-1.0.2.tgz. Extracting by manifest.
2983 silly tarball no local data for data-view-byte-offset@https://registry.npmjs.org/data-view-byte-offset/-/data-view-byte-offset-1.0.1.tgz. Extracting by manifest.
2984 silly tarball no local data for data-view-buffer@https://registry.npmjs.org/data-view-buffer/-/data-view-buffer-1.0.2.tgz. Extracting by manifest.
2985 silly tarball no local data for available-typed-arrays@https://registry.npmjs.org/available-typed-arrays/-/available-typed-arrays-1.0.7.tgz. Extracting by manifest.
2986 silly tarball no local data for array-buffer-byte-length@https://registry.npmjs.org/array-buffer-byte-length/-/array-buffer-byte-length-1.0.2.tgz. Extracting by manifest.
2987 silly tarball no local data for es-to-primitive@https://registry.npmjs.org/es-to-primitive/-/es-to-primitive-1.3.0.tgz. Extracting by manifest.
2988 silly tarball no local data for arraybuffer.prototype.slice@https://registry.npmjs.org/arraybuffer.prototype.slice/-/arraybuffer.prototype.slice-1.0.4.tgz. Extracting by manifest.
2989 silly tarball no local data for gopd@https://registry.npmjs.org/gopd/-/gopd-1.2.0.tgz. Extracting by manifest.
2990 silly tarball no local data for object-keys@https://registry.npmjs.org/object-keys/-/object-keys-1.1.1.tgz. Extracting by manifest.
2991 silly tarball no local data for define-data-property@https://registry.npmjs.org/define-data-property/-/define-data-property-1.1.4.tgz. Extracting by manifest.
2992 silly tarball no local data for set-function-length@https://registry.npmjs.org/set-function-length/-/set-function-length-1.2.2.tgz. Extracting by manifest.
2993 silly tarball no local data for function-bind@https://registry.npmjs.org/function-bind/-/function-bind-1.1.2.tgz. Extracting by manifest.
2994 silly tarball no local data for has-property-descriptors@https://registry.npmjs.org/has-property-descriptors/-/has-property-descriptors-1.0.2.tgz. Extracting by manifest.
2995 silly tarball no local data for call-bind-apply-helpers@https://registry.npmjs.org/call-bind-apply-helpers/-/call-bind-apply-helpers-1.0.2.tgz. Extracting by manifest.
2996 silly tarball no local data for es-define-property@https://registry.npmjs.org/es-define-property/-/es-define-property-1.0.1.tgz. Extracting by manifest.
2997 silly tarball no local data for math-intrinsics@https://registry.npmjs.org/math-intrinsics/-/math-intrinsics-1.1.0.tgz. Extracting by manifest.
2998 silly tarball no local data for es-shim-unscopables@https://registry.npmjs.org/es-shim-unscopables/-/es-shim-unscopables-1.1.0.tgz. Extracting by manifest.
2999 silly tarball no local data for is-string@https://registry.npmjs.org/is-string/-/is-string-1.1.1.tgz. Extracting by manifest.
3000 silly tarball no local data for get-intrinsic@https://registry.npmjs.org/get-intrinsic/-/get-intrinsic-1.3.0.tgz. Extracting by manifest.
3001 silly tarball no local data for es-object-atoms@https://registry.npmjs.org/es-object-atoms/-/es-object-atoms-1.1.1.tgz. Extracting by manifest.
3002 silly tarball no local data for es-abstract@https://registry.npmjs.org/es-abstract/-/es-abstract-1.24.2.tgz. Extracting by manifest.
3003 silly tarball no local data for es-errors@https://registry.npmjs.org/es-errors/-/es-errors-1.3.0.tgz. Extracting by manifest.
3004 silly tarball no local data for call-bound@https://registry.npmjs.org/call-bound/-/call-bound-1.0.4.tgz. Extracting by manifest.
3005 silly tarball no local data for call-bind@https://registry.npmjs.org/call-bind/-/call-bind-1.0.9.tgz. Extracting by manifest.
3006 silly tarball no local data for tsconfig-paths@https://registry.npmjs.org/tsconfig-paths/-/tsconfig-paths-3.15.0.tgz. Extracting by manifest.
3007 silly tarball no local data for string.prototype.trimend@https://registry.npmjs.org/string.prototype.trimend/-/string.prototype.trimend-1.0.9.tgz. Extracting by manifest.
3008 silly tarball no local data for object.values@https://registry.npmjs.org/object.values/-/object.values-1.2.1.tgz. Extracting by manifest.
3009 silly tarball no local data for object.groupby@https://registry.npmjs.org/object.groupby/-/object.groupby-1.0.3.tgz. Extracting by manifest.
3010 silly tarball no local data for object.fromentries@https://registry.npmjs.org/object.fromentries/-/object.fromentries-2.0.8.tgz. Extracting by manifest.
3011 silly tarball no local data for hasown@https://registry.npmjs.org/hasown/-/hasown-2.0.3.tgz. Extracting by manifest.
3012 silly tarball no local data for eslint-module-utils@https://registry.npmjs.org/eslint-module-utils/-/eslint-module-utils-2.12.1.tgz. Extracting by manifest.
3013 silly tarball no local data for array.prototype.flatmap@https://registry.npmjs.org/array.prototype.flatmap/-/array.prototype.flatmap-1.3.3.tgz. Extracting by manifest.
3014 silly tarball no local data for array.prototype.flat@https://registry.npmjs.org/array.prototype.flat/-/array.prototype.flat-1.3.3.tgz. Extracting by manifest.
3015 silly tarball no local data for define-properties@https://registry.npmjs.org/define-properties/-/define-properties-1.2.1.tgz. Extracting by manifest.
3016 silly tarball no local data for array.prototype.findlastindex@https://registry.npmjs.org/array.prototype.findlastindex/-/array.prototype.findlastindex-1.2.6.tgz. Extracting by manifest.
3017 silly tarball no local data for array-includes@https://registry.npmjs.org/array-includes/-/array-includes-3.1.9.tgz. Extracting by manifest.
3018 silly tarball no local data for @rtsao/scc@https://registry.npmjs.org/@rtsao/scc/-/scc-1.1.0.tgz. Extracting by manifest.
3019 silly tarball no local data for unrs-resolver@https://registry.npmjs.org/unrs-resolver/-/unrs-resolver-1.11.1.tgz. Extracting by manifest.
3020 silly tarball no local data for tinyglobby@https://registry.npmjs.org/tinyglobby/-/tinyglobby-0.2.16.tgz. Extracting by manifest.
3021 silly tarball no local data for stable-hash@https://registry.npmjs.org/stable-hash/-/stable-hash-0.0.5.tgz. Extracting by manifest.
3022 silly tarball no local data for is-bun-module@https://registry.npmjs.org/is-bun-module/-/is-bun-module-2.0.0.tgz. Extracting by manifest.
3023 silly tarball no local data for get-tsconfig@https://registry.npmjs.org/get-tsconfig/-/get-tsconfig-4.14.0.tgz. Extracting by manifest.
3024 silly tarball no local data for @nolyfill/is-core-module@https://registry.npmjs.org/@nolyfill/is-core-module/-/is-core-module-1.0.39.tgz. Extracting by manifest.
3025 silly tarball no local data for resolve@https://registry.npmjs.org/resolve/-/resolve-2.0.0-next.7.tgz. Extracting by manifest.
3026 silly tarball no local data for ts-api-utils@https://registry.npmjs.org/ts-api-utils/-/ts-api-utils-1.4.3.tgz. Extracting by manifest.
3027 silly tarball no local data for semver@https://registry.npmjs.org/semver/-/semver-7.8.0.tgz. Extracting by manifest.
3028 silly tarball no local data for globby@https://registry.npmjs.org/globby/-/globby-11.1.0.tgz. Extracting by manifest.
3029 silly tarball no local data for @typescript-eslint/visitor-keys@https://registry.npmjs.org/@typescript-eslint/visitor-keys/-/visitor-keys-7.2.0.tgz. Extracting by manifest.
3030 silly tarball no local data for @typescript-eslint/typescript-estree@https://registry.npmjs.org/@typescript-eslint/typescript-estree/-/typescript-estree-7.2.0.tgz. Extracting by manifest.
3031 silly tarball no local data for @typescript-eslint/types@https://registry.npmjs.org/@typescript-eslint/types/-/types-7.2.0.tgz. Extracting by manifest.
3032 silly tarball no local data for @typescript-eslint/scope-manager@https://registry.npmjs.org/@typescript-eslint/scope-manager/-/scope-manager-7.2.0.tgz. Extracting by manifest.
3033 silly tarball no local data for is-core-module@https://registry.npmjs.org/is-core-module/-/is-core-module-2.16.2.tgz. Extracting by manifest.
3034 silly tarball no local data for glob@https://registry.npmjs.org/glob/-/glob-10.3.10.tgz. Extracting by manifest.
3035 silly tarball no local data for eslint-plugin-jsx-a11y@https://registry.npmjs.org/eslint-plugin-jsx-a11y/-/eslint-plugin-jsx-a11y-6.10.2.tgz. Extracting by manifest.
3036 silly tarball no local data for eslint-plugin-import@https://registry.npmjs.org/eslint-plugin-import/-/eslint-plugin-import-2.32.0.tgz. Extracting by manifest.
3037 silly tarball no local data for eslint-import-resolver-typescript@https://registry.npmjs.org/eslint-import-resolver-typescript/-/eslint-import-resolver-typescript-3.10.1.tgz. Extracting by manifest.
3038 silly tarball no local data for eslint-plugin-react-hooks@https://registry.npmjs.org/eslint-plugin-react-hooks/-/eslint-plugin-react-hooks-5.0.0-canary-7118f5dd7-20230705.tgz. Extracting by manifest.
3039 silly tarball no local data for eslint-import-resolver-node@https://registry.npmjs.org/eslint-import-resolver-node/-/eslint-import-resolver-node-0.3.10.tgz. Extracting by manifest.
3040 silly tarball no local data for @typescript-eslint/parser@https://registry.npmjs.org/@typescript-eslint/parser/-/parser-7.2.0.tgz. Extracting by manifest.
3041 silly tarball no local data for @rushstack/eslint-patch@https://registry.npmjs.org/@rushstack/eslint-patch/-/eslint-patch-1.16.1.tgz. Extracting by manifest.
3042 silly tarball no local data for @next/eslint-plugin-next@https://registry.npmjs.org/@next/eslint-plugin-next/-/eslint-plugin-next-14.2.3.tgz. Extracting by manifest.
3043 silly tarball no local data for ms@https://registry.npmjs.org/ms/-/ms-2.1.3.tgz. Extracting by manifest.
3044 silly tarball no local data for which@https://registry.npmjs.org/which/-/which-2.0.2.tgz. Extracting by manifest.
3045 silly tarball no local data for shebang-command@https://registry.npmjs.org/shebang-command/-/shebang-command-2.0.0.tgz. Extracting by manifest.
3046 silly tarball no local data for path-key@https://registry.npmjs.org/path-key/-/path-key-3.1.1.tgz. Extracting by manifest.
3047 silly tarball no local data for color-name@https://registry.npmjs.org/color-name/-/color-name-1.1.4.tgz. Extracting by manifest.
3048 silly tarball no local data for eslint-plugin-react@https://registry.npmjs.org/eslint-plugin-react/-/eslint-plugin-react-7.37.5.tgz. Extracting by manifest.
3049 silly tarball no local data for color-convert@https://registry.npmjs.org/color-convert/-/color-convert-2.0.1.tgz. Extracting by manifest.
3050 silly tarball no local data for supports-color@https://registry.npmjs.org/supports-color/-/supports-color-7.2.0.tgz. Extracting by manifest.
3051 silly tarball no local data for ansi-styles@https://registry.npmjs.org/ansi-styles/-/ansi-styles-4.3.0.tgz. Extracting by manifest.
3052 silly tarball no local data for fast-json-stable-stringify@https://registry.npmjs.org/fast-json-stable-stringify/-/fast-json-stable-stringify-2.1.0.tgz. Extracting by manifest.
3053 silly tarball no local data for json-schema-traverse@https://registry.npmjs.org/json-schema-traverse/-/json-schema-traverse-0.4.1.tgz. Extracting by manifest.
3054 silly tarball no local data for run-parallel@https://registry.npmjs.org/run-parallel/-/run-parallel-1.2.0.tgz. Extracting by manifest.
3055 silly tarball no local data for uri-js@https://registry.npmjs.org/uri-js/-/uri-js-4.4.1.tgz. Extracting by manifest.
3056 silly tarball no local data for fastq@https://registry.npmjs.org/fastq/-/fastq-1.20.1.tgz. Extracting by manifest.
3057 silly tarball no local data for strip-json-comments@https://registry.npmjs.org/strip-json-comments/-/strip-json-comments-3.1.1.tgz. Extracting by manifest.
3058 silly tarball no local data for @nodelib/fs.stat@https://registry.npmjs.org/@nodelib/fs.stat/-/fs.stat-2.0.5.tgz. Extracting by manifest.
3059 silly tarball no local data for import-fresh@https://registry.npmjs.org/import-fresh/-/import-fresh-3.3.1.tgz. Extracting by manifest.
3060 silly tarball no local data for @humanwhocodes/object-schema@https://registry.npmjs.org/@humanwhocodes/object-schema/-/object-schema-2.0.3.tgz. Extracting by manifest.
3061 silly tarball no local data for text-table@https://registry.npmjs.org/text-table/-/text-table-0.2.0.tgz. Extracting by manifest.
3062 silly tarball no local data for @nodelib/fs.scandir@https://registry.npmjs.org/@nodelib/fs.scandir/-/fs.scandir-2.1.5.tgz. Extracting by manifest.
3063 silly tarball no local data for strip-ansi@https://registry.npmjs.org/strip-ansi/-/strip-ansi-6.0.1.tgz. Extracting by manifest.
3064 silly tarball no local data for natural-compare@https://registry.npmjs.org/natural-compare/-/natural-compare-1.4.0.tgz. Extracting by manifest.
3065 silly tarball no local data for minimatch@https://registry.npmjs.org/minimatch/-/minimatch-3.1.5.tgz. Extracting by manifest.
3066 silly tarball no local data for lodash.merge@https://registry.npmjs.org/lodash.merge/-/lodash.merge-4.6.2.tgz. Extracting by manifest.
3067 silly tarball no local data for optionator@https://registry.npmjs.org/optionator/-/optionator-0.9.4.tgz. Extracting by manifest.
3068 silly tarball no local data for levn@https://registry.npmjs.org/levn/-/levn-0.4.1.tgz. Extracting by manifest.
3069 silly tarball no local data for is-glob@https://registry.npmjs.org/is-glob/-/is-glob-4.0.3.tgz. Extracting by manifest.
3070 silly tarball no local data for js-yaml@https://registry.npmjs.org/js-yaml/-/js-yaml-4.1.1.tgz. Extracting by manifest.
3071 silly tarball no local data for imurmurhash@https://registry.npmjs.org/imurmurhash/-/imurmurhash-0.1.4.tgz. Extracting by manifest.
3072 silly tarball no local data for is-path-inside@https://registry.npmjs.org/is-path-inside/-/is-path-inside-3.0.3.tgz. Extracting by manifest.
3073 silly tarball no local data for ignore@https://registry.npmjs.org/ignore/-/ignore-5.3.2.tgz. Extracting by manifest.
3074 silly tarball no local data for json-stable-stringify-without-jsonify@https://registry.npmjs.org/json-stable-stringify-without-jsonify/-/json-stable-stringify-without-jsonify-1.0.1.tgz. Extracting by manifest.
3075 silly tarball no local data for graphemer@https://registry.npmjs.org/graphemer/-/graphemer-1.4.0.tgz. Extracting by manifest.
3076 silly tarball no local data for glob-parent@https://registry.npmjs.org/glob-parent/-/glob-parent-6.0.2.tgz. Extracting by manifest.
3077 silly tarball no local data for find-up@https://registry.npmjs.org/find-up/-/find-up-5.0.0.tgz. Extracting by manifest.
3078 silly tarball no local data for file-entry-cache@https://registry.npmjs.org/file-entry-cache/-/file-entry-cache-6.0.1.tgz. Extracting by manifest.
3079 silly tarball no local data for globals@https://registry.npmjs.org/globals/-/globals-13.24.0.tgz. Extracting by manifest.
3080 silly tarball no local data for esutils@https://registry.npmjs.org/esutils/-/esutils-2.0.3.tgz. Extracting by manifest.
3081 silly tarball no local data for eslint-visitor-keys@https://registry.npmjs.org/eslint-visitor-keys/-/eslint-visitor-keys-3.4.3.tgz. Extracting by manifest.
3082 silly tarball no local data for espree@https://registry.npmjs.org/espree/-/espree-9.6.1.tgz. Extracting by manifest.
3083 silly tarball no local data for eslint-scope@https://registry.npmjs.org/eslint-scope/-/eslint-scope-7.2.2.tgz. Extracting by manifest.
3084 silly tarball no local data for escape-string-regexp@https://registry.npmjs.org/escape-string-regexp/-/escape-string-regexp-4.0.0.tgz. Extracting by manifest.
3085 silly tarball no local data for doctrine@https://registry.npmjs.org/doctrine/-/doctrine-3.0.0.tgz. Extracting by manifest.
3086 silly tarball no local data for debug@https://registry.npmjs.org/debug/-/debug-4.4.3.tgz. Extracting by manifest.
3087 silly tarball no local data for cross-spawn@https://registry.npmjs.org/cross-spawn/-/cross-spawn-7.0.6.tgz. Extracting by manifest.
3088 silly tarball no local data for fast-deep-equal@https://registry.npmjs.org/fast-deep-equal/-/fast-deep-equal-3.1.3.tgz. Extracting by manifest.
3089 silly tarball no local data for chalk@https://registry.npmjs.org/chalk/-/chalk-4.1.2.tgz. Extracting by manifest.
3090 silly tarball no local data for esquery@https://registry.npmjs.org/esquery/-/esquery-1.7.0.tgz. Extracting by manifest.
3091 silly tarball no local data for @ungap/structured-clone@https://registry.npmjs.org/@ungap/structured-clone/-/structured-clone-1.3.1.tgz. Extracting by manifest.
3092 silly tarball no local data for @nodelib/fs.walk@https://registry.npmjs.org/@nodelib/fs.walk/-/fs.walk-1.2.8.tgz. Extracting by manifest.
3093 silly tarball no local data for @humanwhocodes/module-importer@https://registry.npmjs.org/@humanwhocodes/module-importer/-/module-importer-1.0.1.tgz. Extracting by manifest.
3094 silly tarball no local data for ajv@https://registry.npmjs.org/ajv/-/ajv-6.15.0.tgz. Extracting by manifest.
3095 silly tarball no local data for @humanwhocodes/config-array@https://registry.npmjs.org/@humanwhocodes/config-array/-/config-array-0.13.0.tgz. Extracting by manifest.
3096 silly tarball no local data for @eslint/eslintrc@https://registry.npmjs.org/@eslint/eslintrc/-/eslintrc-2.1.4.tgz. Extracting by manifest.
3097 silly tarball no local data for @eslint-community/eslint-utils@https://registry.npmjs.org/@eslint-community/eslint-utils/-/eslint-utils-4.9.1.tgz. Extracting by manifest.
3098 silly tarball no local data for update-browserslist-db@https://registry.npmjs.org/update-browserslist-db/-/update-browserslist-db-1.2.3.tgz. Extracting by manifest.
3099 silly tarball no local data for node-releases@https://registry.npmjs.org/node-releases/-/node-releases-2.0.44.tgz. Extracting by manifest.
3100 silly tarball no local data for @eslint/js@https://registry.npmjs.org/@eslint/js/-/js-8.57.1.tgz. Extracting by manifest.
3101 silly tarball no local data for electron-to-chromium@https://registry.npmjs.org/electron-to-chromium/-/electron-to-chromium-1.5.357.tgz. Extracting by manifest.
3102 silly tarball no local data for baseline-browser-mapping@https://registry.npmjs.org/baseline-browser-mapping/-/baseline-browser-mapping-2.10.30.tgz. Extracting by manifest.
3103 silly tarball no local data for postcss-value-parser@https://registry.npmjs.org/postcss-value-parser/-/postcss-value-parser-4.2.0.tgz. Extracting by manifest.
3104 silly tarball no local data for @eslint-community/regexpp@https://registry.npmjs.org/@eslint-community/regexpp/-/regexpp-4.12.2.tgz. Extracting by manifest.
3105 silly tarball no local data for picocolors@https://registry.npmjs.org/picocolors/-/picocolors-1.1.1.tgz. Extracting by manifest.
3106 silly tarball no local data for caniuse-lite@https://registry.npmjs.org/caniuse-lite/-/caniuse-lite-1.0.30001793.tgz. Extracting by manifest.
3107 silly tarball no local data for csstype@https://registry.npmjs.org/csstype/-/csstype-3.2.3.tgz. Extracting by manifest.
3108 silly tarball no local data for @types/prop-types@https://registry.npmjs.org/@types/prop-types/-/prop-types-15.7.15.tgz. Extracting by manifest.
3109 silly tarball no local data for undici-types@https://registry.npmjs.org/undici-types/-/undici-types-6.21.0.tgz. Extracting by manifest.
3110 silly tarball no local data for fraction.js@https://registry.npmjs.org/fraction.js/-/fraction.js-5.3.4.tgz. Extracting by manifest.
3111 silly tarball no local data for tailwindcss@https://registry.npmjs.org/tailwindcss/-/tailwindcss-3.4.19.tgz. Extracting by manifest.
3112 silly tarball no local data for react@https://registry.npmjs.org/react/-/react-18.3.1.tgz. Extracting by manifest.
3113 silly tarball no local data for typescript@https://registry.npmjs.org/typescript/-/typescript-5.9.3.tgz. Extracting by manifest.
3114 silly tarball no local data for next@https://registry.npmjs.org/next/-/next-14.2.3.tgz. Extracting by manifest.
3115 silly tarball no local data for framer-motion@https://registry.npmjs.org/framer-motion/-/framer-motion-11.18.2.tgz. Extracting by manifest.
3116 silly tarball no local data for react-dom@https://registry.npmjs.org/react-dom/-/react-dom-18.3.1.tgz. Extracting by manifest.
3117 silly tarball no local data for eslint-config-next@https://registry.npmjs.org/eslint-config-next/-/eslint-config-next-14.2.3.tgz. Extracting by manifest.
3118 silly tarball no local data for eslint@https://registry.npmjs.org/eslint/-/eslint-8.57.1.tgz. Extracting by manifest.
3119 silly tarball no local data for postcss@https://registry.npmjs.org/postcss/-/postcss-8.5.14.tgz. Extracting by manifest.
3120 silly tarball no local data for @types/react-dom@https://registry.npmjs.org/@types/react-dom/-/react-dom-18.3.7.tgz. Extracting by manifest.
3121 silly tarball no local data for autoprefixer@https://registry.npmjs.org/autoprefixer/-/autoprefixer-10.5.0.tgz. Extracting by manifest.
3122 silly tarball no local data for @types/react@https://registry.npmjs.org/@types/react/-/react-18.3.28.tgz. Extracting by manifest.
3123 silly tarball no local data for @types/node@https://registry.npmjs.org/@types/node/-/node-20.19.41.tgz. Extracting by manifest.
3124 silly tarball no local data for resolve@https://registry.npmjs.org/resolve/-/resolve-1.22.12.tgz. Extracting by manifest.
3125 silly tarball no local data for glob-parent@https://registry.npmjs.org/glob-parent/-/glob-parent-5.1.2.tgz. Extracting by manifest.
3126 silly tarball no local data for semver@https://registry.npmjs.org/semver/-/semver-6.3.1.tgz. Extracting by manifest.
3127 silly tarball no local data for emoji-regex@https://registry.npmjs.org/emoji-regex/-/emoji-regex-8.0.0.tgz. Extracting by manifest.
3128 silly tarball no local data for string-width@https://registry.npmjs.org/string-width/-/string-width-4.2.3.tgz. Extracting by manifest.
3129 silly tarball no local data for ansi-regex@https://registry.npmjs.org/ansi-regex/-/ansi-regex-6.2.2.tgz. Extracting by manifest.
3130 silly tarball no local data for strip-ansi@https://registry.npmjs.org/strip-ansi/-/strip-ansi-7.2.0.tgz. Extracting by manifest.
3131 silly tarball no local data for ansi-styles@https://registry.npmjs.org/ansi-styles/-/ansi-styles-6.2.3.tgz. Extracting by manifest.
3132 silly tarball no local data for emoji-regex@https://registry.npmjs.org/emoji-regex/-/emoji-regex-8.0.0.tgz. Extracting by manifest.
3133 silly tarball no local data for strip-ansi@https://registry.npmjs.org/strip-ansi/-/strip-ansi-7.2.0.tgz. Extracting by manifest.
3134 silly tarball no local data for ansi-regex@https://registry.npmjs.org/ansi-regex/-/ansi-regex-6.2.2.tgz. Extracting by manifest.
3135 silly tarball no local data for ansi-regex@https://registry.npmjs.org/ansi-regex/-/ansi-regex-6.2.2.tgz. Extracting by manifest.
3136 silly tarball no local data for browserslist@https://registry.npmjs.org/browserslist/-/browserslist-4.28.2.tgz. Extracting by manifest.
3137 silly tarball no local data for strip-ansi@https://registry.npmjs.org/strip-ansi/-/strip-ansi-7.2.0.tgz. Extracting by manifest.
3138 silly tarball no local data for glob@https://registry.npmjs.org/glob/-/glob-7.2.3.tgz. Extracting by manifest.
3139 silly tarball no local data for picomatch@https://registry.npmjs.org/picomatch/-/picomatch-4.0.4.tgz. Extracting by manifest.
3140 silly tarball no local data for fdir@https://registry.npmjs.org/fdir/-/fdir-6.5.0.tgz. Extracting by manifest.
3141 silly tarball no local data for brace-expansion@https://registry.npmjs.org/brace-expansion/-/brace-expansion-2.1.0.tgz. Extracting by manifest.
3142 silly tarball no local data for glob-parent@https://registry.npmjs.org/glob-parent/-/glob-parent-5.1.2.tgz. Extracting by manifest.
3143 silly tarball no local data for minimatch@https://registry.npmjs.org/minimatch/-/minimatch-9.0.3.tgz. Extracting by manifest.
3144 silly tarball no local data for brace-expansion@https://registry.npmjs.org/brace-expansion/-/brace-expansion-2.1.0.tgz. Extracting by manifest.
3145 silly tarball no local data for semver@https://registry.npmjs.org/semver/-/semver-6.3.1.tgz. Extracting by manifest.
3146 silly tarball no local data for doctrine@https://registry.npmjs.org/doctrine/-/doctrine-2.1.0.tgz. Extracting by manifest.
3147 silly tarball no local data for debug@https://registry.npmjs.org/debug/-/debug-3.2.7.tgz. Extracting by manifest.
3148 silly tarball no local data for semver@https://registry.npmjs.org/semver/-/semver-6.3.1.tgz. Extracting by manifest.
3149 silly tarball no local data for minimatch@https://registry.npmjs.org/minimatch/-/minimatch-9.0.9.tgz. Extracting by manifest.
3150 silly tarball no local data for debug@https://registry.npmjs.org/debug/-/debug-3.2.7.tgz. Extracting by manifest.
3151 silly tarball no local data for debug@https://registry.npmjs.org/debug/-/debug-3.2.7.tgz. Extracting by manifest.
3152 silly tarball no local data for postcss@https://registry.npmjs.org/postcss/-/postcss-8.4.31.tgz. Extracting by manifest.
3153 silly tarball no local data for resolve@https://registry.npmjs.org/resolve/-/resolve-1.22.12.tgz. Extracting by manifest.
3154 silly tarball no local data for doctrine@https://registry.npmjs.org/doctrine/-/doctrine-2.1.0.tgz. Extracting by manifest.
3155 http fetch GET 200 https://registry.npmjs.org/inherits/-/inherits-2.0.4.tgz 84ms (cache miss)
3156 http fetch GET 200 https://registry.npmjs.org/is-weakmap/-/is-weakmap-2.0.2.tgz 84ms (cache miss)
3157 http fetch GET 200 https://registry.npmjs.org/once/-/once-1.4.0.tgz 86ms (cache miss)
3158 http fetch GET 200 https://registry.npmjs.org/is-weakset/-/is-weakset-2.0.4.tgz 85ms (cache miss)
3159 http fetch GET 200 https://registry.npmjs.org/is-map/-/is-map-2.0.3.tgz 85ms (cache miss)
3160 http fetch GET 200 https://registry.npmjs.org/path-is-absolute/-/path-is-absolute-1.0.1.tgz 85ms (cache miss)
3161 http fetch GET 200 https://registry.npmjs.org/fs.realpath/-/fs.realpath-1.0.0.tgz 86ms (cache miss)
3162 http fetch GET 200 https://registry.npmjs.org/wrappy/-/wrappy-1.0.2.tgz 87ms (cache miss)
3163 http fetch GET 200 https://registry.npmjs.org/is-finalizationregistry/-/is-finalizationregistry-1.1.1.tgz 86ms (cache miss)
3164 http fetch GET 200 https://registry.npmjs.org/is-boolean-object/-/is-boolean-object-1.2.2.tgz 89ms (cache miss)
3165 http fetch GET 200 https://registry.npmjs.org/is-number-object/-/is-number-object-1.1.1.tgz 89ms (cache miss)
3166 http fetch GET 200 https://registry.npmjs.org/punycode/-/punycode-2.3.1.tgz 90ms (cache miss)
3167 http fetch GET 200 https://registry.npmjs.org/is-bigint/-/is-bigint-1.1.0.tgz 90ms (cache miss)
3168 http fetch GET 200 https://registry.npmjs.org/isexe/-/isexe-2.0.0.tgz 90ms (cache miss)
3169 http fetch GET 200 https://registry.npmjs.org/napi-postinstall/-/napi-postinstall-0.3.4.tgz 91ms (cache miss)
3170 http fetch GET 200 https://registry.npmjs.org/escalade/-/escalade-3.2.0.tgz 93ms (cache miss)
3171 http fetch GET 200 https://registry.npmjs.org/inflight/-/inflight-1.0.6.tgz 96ms (cache miss)
3172 warn deprecated inflight@1.0.6: This module is not supported, and leaks memory. Do not use it. Check out lru-cache if you want a good and tested way to coalesce async requests by a key value, which is much more comprehensive and powerful.
3173 http fetch GET 200 https://registry.npmjs.org/which-collection/-/which-collection-1.0.2.tgz 100ms (cache miss)
3174 http fetch GET 200 https://registry.npmjs.org/which-boxed-primitive/-/which-boxed-primitive-1.1.1.tgz 100ms (cache miss)
3175 http fetch GET 200 https://registry.npmjs.org/is-async-function/-/is-async-function-2.1.1.tgz 105ms (cache miss)
3176 http fetch GET 200 https://registry.npmjs.org/generator-function/-/generator-function-2.0.1.tgz 106ms (cache miss)
3177 http fetch GET 200 https://registry.npmjs.org/is-generator-function/-/is-generator-function-1.1.2.tgz 107ms (cache miss)
3178 http fetch GET 200 https://registry.npmjs.org/which-builtin-type/-/which-builtin-type-1.2.1.tgz 107ms (cache miss)
3179 http fetch GET 200 https://registry.npmjs.org/has-bigints/-/has-bigints-1.1.0.tgz 108ms (cache miss)
3180 http fetch GET 200 https://registry.npmjs.org/async-function/-/async-function-1.0.0.tgz 110ms (cache miss)
3181 http fetch GET 200 https://registry.npmjs.org/for-each/-/for-each-0.3.5.tgz 108ms (cache miss)
3182 http fetch GET 200 https://registry.npmjs.org/strip-bom/-/strip-bom-3.0.0.tgz 108ms (cache miss)
3183 http fetch GET 200 https://registry.npmjs.org/reflect.getprototypeof/-/reflect.getprototypeof-1.0.10.tgz 109ms (cache miss)
3184 http fetch GET 200 https://registry.npmjs.org/is-number/-/is-number-7.0.0.tgz 109ms (cache miss)
3185 http fetch GET 200 https://registry.npmjs.org/thenify/-/thenify-3.3.1.tgz 110ms (cache miss)
3186 http fetch GET 200 https://registry.npmjs.org/json5/-/json5-1.0.2.tgz 113ms (cache miss)
3187 http fetch GET 200 https://registry.npmjs.org/thenify-all/-/thenify-all-1.6.0.tgz 117ms (cache miss)
3188 http fetch GET 200 https://registry.npmjs.org/minimist/-/minimist-1.2.8.tgz 119ms (cache miss)
3189 http fetch GET 200 https://registry.npmjs.org/ts-interface-checker/-/ts-interface-checker-0.1.13.tgz 120ms (cache miss)
3190 http fetch GET 200 https://registry.npmjs.org/any-promise/-/any-promise-1.3.0.tgz 120ms (cache miss)
3191 http fetch GET 200 https://registry.npmjs.org/mz/-/mz-2.7.0.tgz 120ms (cache miss)
3192 http fetch GET 200 https://registry.npmjs.org/pirates/-/pirates-4.0.7.tgz 120ms (cache miss)
3193 http fetch GET 200 https://registry.npmjs.org/commander/-/commander-4.1.1.tgz 121ms (cache miss)
3194 http fetch GET 200 https://registry.npmjs.org/pify/-/pify-2.3.0.tgz 125ms (cache miss)
3195 http fetch GET 200 https://registry.npmjs.org/lines-and-columns/-/lines-and-columns-1.2.4.tgz 130ms (cache miss)
3196 http fetch GET 200 https://registry.npmjs.org/read-cache/-/read-cache-1.0.0.tgz 132ms (cache miss)
3197 http fetch GET 200 https://registry.npmjs.org/readdirp/-/readdirp-3.6.0.tgz 138ms (cache miss)
3198 http fetch GET 200 https://registry.npmjs.org/util-deprecate/-/util-deprecate-1.0.2.tgz 140ms (cache miss)
3199 http fetch GET 200 https://registry.npmjs.org/is-binary-path/-/is-binary-path-2.1.0.tgz 141ms (cache miss)
3200 http fetch GET 200 https://registry.npmjs.org/camelcase-css/-/camelcase-css-2.0.1.tgz 141ms (cache miss)
3201 http fetch GET 200 https://registry.npmjs.org/@jridgewell/sourcemap-codec/-/sourcemap-codec-1.5.5.tgz 142ms (cache miss)
3202 http fetch GET 200 https://registry.npmjs.org/anymatch/-/anymatch-3.1.3.tgz 142ms (cache miss)
3203 http fetch GET 200 https://registry.npmjs.org/fsevents/-/fsevents-2.3.3.tgz 144ms (cache miss)
3204 http fetch GET 200 https://registry.npmjs.org/cssesc/-/cssesc-3.0.0.tgz 149ms (cache miss)
3205 http fetch GET 200 https://registry.npmjs.org/postcss-js/-/postcss-js-4.1.0.tgz 152ms (cache miss)
3206 http fetch GET 200 https://registry.npmjs.org/normalize-path/-/normalize-path-3.0.0.tgz 155ms (cache miss)
3207 http fetch GET 200 https://registry.npmjs.org/@jridgewell/gen-mapping/-/gen-mapping-0.3.13.tgz 157ms (cache miss)
3208 http fetch GET 200 https://registry.npmjs.org/postcss-nested/-/postcss-nested-6.2.0.tgz 157ms (cache miss)
3209 http fetch GET 200 https://registry.npmjs.org/postcss-load-config/-/postcss-load-config-6.0.1.tgz 158ms (cache miss)
3210 http fetch GET 200 https://registry.npmjs.org/object-hash/-/object-hash-3.0.0.tgz 159ms (cache miss)
3211 http fetch GET 200 https://registry.npmjs.org/lilconfig/-/lilconfig-3.1.3.tgz 159ms (cache miss)
3212 http fetch GET 200 https://registry.npmjs.org/postcss-import/-/postcss-import-15.1.0.tgz 159ms (cache miss)
3213 http fetch GET 200 https://registry.npmjs.org/has-flag/-/has-flag-4.0.0.tgz 161ms (cache miss)
3214 http fetch GET 200 https://registry.npmjs.org/didyoumean/-/didyoumean-1.2.2.tgz 164ms (cache miss)
3215 http fetch GET 200 https://registry.npmjs.org/postcss-selector-parser/-/postcss-selector-parser-6.1.2.tgz 169ms (cache miss)
3216 http fetch GET 200 https://registry.npmjs.org/is-fullwidth-code-point/-/is-fullwidth-code-point-3.0.0.tgz 172ms (cache miss)
3217 http fetch GET 200 https://registry.npmjs.org/dlv/-/dlv-1.1.3.tgz 177ms (cache miss)
3218 http fetch GET 200 https://registry.npmjs.org/client-only/-/client-only-0.0.1.tgz 188ms (cache miss)
3219 http fetch GET 200 https://registry.npmjs.org/eastasianwidth/-/eastasianwidth-0.2.0.tgz 188ms (cache miss)
3220 http fetch GET 200 https://registry.npmjs.org/arg/-/arg-5.0.2.tgz 216ms (cache miss)
3221 http fetch POST 200 https://registry.npmjs.org/-/npm/v1/security/advisories/bulk 265ms
3222 silly audit report {
3222 silly audit report   postcss: [
3222 silly audit report     {
3222 silly audit report       id: 1117015,
3222 silly audit report       url: 'https://github.com/advisories/GHSA-qx2v-qp2m-jg93',
3222 silly audit report       title: 'PostCSS has XSS via Unescaped </style> in its CSS Stringify Output',
3222 silly audit report       severity: 'moderate',
3222 silly audit report       vulnerable_versions: '<8.5.10',
3222 silly audit report       cwe: [Array],
3222 silly audit report       cvss: [Object]
3222 silly audit report     }
3222 silly audit report   ],
3222 silly audit report   next: [
3222 silly audit report     {
3222 silly audit report       id: 1099638,
3222 silly audit report       url: 'https://github.com/advisories/GHSA-gp8f-8m3g-qvj9',
3222 silly audit report       title: 'Next.js Cache Poisoning',
3222 silly audit report       severity: 'high',
3222 silly audit report       vulnerable_versions: '>=14.0.0 <14.2.10',
3222 silly audit report       cwe: [Array],
3222 silly audit report       cvss: [Object]
3222 silly audit report     },
3222 silly audit report     {
3222 silly audit report       id: 1100421,
3222 silly audit report       url: 'https://github.com/advisories/GHSA-g77x-44xx-532m',
3222 silly audit report       title: 'Denial of Service condition in Next.js image optimization',
3222 silly audit report       severity: 'moderate',
3222 silly audit report       vulnerable_versions: '>=10.0.0 <14.2.7',
3222 silly audit report       cwe: [Array],
3222 silly audit report       cvss: [Object]
3222 silly audit report     },
3222 silly audit report     {
3222 silly audit report       id: 1117931,
3222 silly audit report       url: 'https://github.com/advisories/GHSA-8h8q-6873-q5fj',
3222 silly audit report       title: 'Next.js Vulnerable to Denial of Service with Server Components',
3222 silly audit report       severity: 'high',
3222 silly audit report       vulnerable_versions: '>=13.0.0 <15.5.16',
3222 silly audit report       cwe: [Array],
3222 silly audit report       cvss: [Object]
3222 silly audit report     },
3222 silly audit report     {
3222 silly audit report       id: 1101438,
3222 silly audit report       url: 'https://github.com/advisories/GHSA-7m27-7ghc-44w9',
3222 silly audit report       title: 'Next.js Allows a Denial of Service (DoS) with Server Actions',
3222 silly audit report       severity: 'moderate',
3222 silly audit report       vulnerable_versions: '>=14.0.0 <14.2.21',
3222 silly audit report       cwe: [Array],
3222 silly audit report       cvss: [Object]
3222 silly audit report     },
3222 silly audit report     {
3222 silly audit report       id: 1105461,
3222 silly audit report       url: 'https://github.com/advisories/GHSA-3h52-269p-cp9r',
3222 silly audit report       title: 'Information exposure in Next.js dev server due to lack of origin verification',
3222 silly audit report       severity: 'low',
3222 silly audit report       vulnerable_versions: '>=13.0 <14.2.30',
3222 silly audit report       cwe: [Array],
3222 silly audit report       cvss: [Object]
3222 silly audit report     },
3222 silly audit report     {
3222 silly audit report       id: 1111391,
3222 silly audit report       url: 'https://github.com/advisories/GHSA-mwv6-3258-q52c',
3222 silly audit report       title: 'Next Vulnerable to Denial of Service with Server Components',
3222 silly audit report       severity: 'high',
3222 silly audit report       vulnerable_versions: '>=13.3.0 <14.2.34',
3222 silly audit report       cwe: [Array],
3222 silly audit report       cvss: [Object]
3222 silly audit report     },
3222 silly audit report     {
3222 silly audit report       id: 1107226,
3222 silly audit report       url: 'https://github.com/advisories/GHSA-g5qg-72qw-gw5v',
3222 silly audit report       title: 'Next.js Affected by Cache Key Confusion for Image Optimization API Routes',
3222 silly audit report       severity: 'moderate',
3222 silly audit report       vulnerable_versions: '>=0.9.9 <14.2.31',
3222 silly audit report       cwe: [Array],
3222 silly audit report       cvss: [Object]
3222 silly audit report     },
3222 silly audit report     {
3222 silly audit report       id: 1107420,
3222 silly audit report       url: 'https://github.com/advisories/GHSA-7gfc-8cq8-jh5f',
3222 silly audit report       title: 'Next.js authorization bypass vulnerability',
3222 silly audit report       severity: 'high',
3222 silly audit report       vulnerable_versions: '>=9.5.5 <14.2.15',
3222 silly audit report       cwe: [Array],
3222 silly audit report       cvss: [Object]
3222 silly audit report     },
3222 silly audit report     {
3222 silly audit report       id: 1107512,
3222 silly audit report       url: 'https://github.com/advisories/GHSA-4342-x723-ch2f',
3222 silly audit report       title: 'Next.js Improper Middleware Redirect Handling Leads to SSRF',
3222 silly audit report       severity: 'moderate',
3222 silly audit report       vulnerable_versions: '>=0.9.9 <14.2.32',
3222 silly audit report       cwe: [Array],
3222 silly audit report       cvss: [Object]
3222 silly audit report     },
3222 silly audit report     {
3222 silly audit report       id: 1107513,
3222 silly audit report       url: 'https://github.com/advisories/GHSA-xv57-4mr9-wg8v',
3222 silly audit report       title: 'Next.js Content Injection Vulnerability for Image Optimization',
3222 silly audit report       severity: 'moderate',
3222 silly audit report       vulnerable_versions: '>=0.9.9 <14.2.31',
3222 silly audit report       cwe: [Array],
3222 silly audit report       cvss: [Object]
3222 silly audit report     },
3222 silly audit report     {
3222 silly audit report       id: 1112182,
3222 silly audit report       url: 'https://github.com/advisories/GHSA-5j59-xgg2-r9c4',
3222 silly audit report       title: 'Next has a Denial of Service with Server Components - Incomplete Fix Follow-Up',
3222 silly audit report       severity: 'high',
3222 silly audit report       vulnerable_versions: '>=13.3.1-canary.0 <14.2.35',
3222 silly audit report       cwe: [Array],
3222 silly audit report       cvss: [Object]
3222 silly audit report     },
3222 silly audit report     {
3222 silly audit report       id: 1108291,
3222 silly audit report       url: 'https://github.com/advisories/GHSA-qpjv-v59x-3qc4',
3222 silly audit report       title: 'Next.js Race Condition to Cache Poisoning',
3222 silly audit report       severity: 'low',
3222 silly audit report       vulnerable_versions: '>=0.9.9 <14.2.24',
3222 silly audit report       cwe: [Array],
3222 silly audit report       cvss: [Object]
3222 silly audit report     },
3222 silly audit report     {
3222 silly audit report       id: 1118942,
3222 silly audit report       url: 'https://github.com/advisories/GHSA-3g8h-86w9-wvmq',
3222 silly audit report       title: "Next.js's Middleware / Proxy redirects can be cache-poisoned",
3222 silly audit report       severity: 'low',
3222 silly audit report       vulnerable_versions: '>=12.2.0 <15.5.16',
3222 silly audit report       cwe: [Array],
3222 silly audit report       cvss: [Object]
3222 silly audit report     },
3222 silly audit report     {
3222 silly audit report       id: 1118944,
3222 silly audit report       url: 'https://github.com/advisories/GHSA-ffhc-5mcf-pf4q',
3222 silly audit report       title: 'Next.js vulnerable to cross-site scripting in App Router applications using CSP nonces',
3222 silly audit report       severity: 'moderate',
3222 silly audit report       vulnerable_versions: '>=13.4.0 <15.5.16',
3222 silly audit report       cwe: [Array],
3222 silly audit report       cvss: [Object]
3222 silly audit report     },
3222 silly audit report     {
3222 silly audit report       id: 1118946,
3222 silly audit report       url: 'https://github.com/advisories/GHSA-vfv6-92ff-j949',
3222 silly audit report       title: 'Next.js vulnerable to cache poisoning via collisions in React Server Component cache-busting',
3222 silly audit report       severity: 'low',
3222 silly audit report       vulnerable_versions: '>=13.4.6 <15.5.16',
3222 silly audit report       cwe: [Array],
3222 silly audit report       cvss: [Object]
3222 silly audit report     },
3222 silly audit report     {
3222 silly audit report       id: 1118948,
3222 silly audit report       url: 'https://github.com/advisories/GHSA-gx5p-jg67-6x7h',
3222 silly audit report       title: 'Next.js has cross-site scripting in beforeInteractive scripts with untrusted input',
3222 silly audit report       severity: 'moderate',
3222 silly audit report       vulnerable_versions: '>=13.0.0 <15.5.16',
3222 silly audit report       cwe: [Array],
3222 silly audit report       cvss: [Object]
3222 silly audit report     },
3222 silly audit report     {
3222 silly audit report       id: 1118952,
3222 silly audit report       url: 'https://github.com/advisories/GHSA-h64f-5h5j-jqjh',
3222 silly audit report       title: 'Next.js has a Denial of Service in the Image Optimization API',
3222 silly audit report       severity: 'moderate',
3222 silly audit report       vulnerable_versions: '>=10.0.0 <15.5.16',
3222 silly audit report       cwe: [Array],
3222 silly audit report       cvss: [Object]
3222 silly audit report     },
3222 silly audit report     {
3222 silly audit report       id: 1118954,
3222 silly audit report       url: 'https://github.com/advisories/GHSA-c4j6-fc7j-m34r',
3222 silly audit report       title: 'Next.js vulnerable to server-side request forgery in applications using WebSocket upgrades',
3222 silly audit report       severity: 'high',
3222 silly audit report       vulnerable_versions: '>=13.4.13 <15.5.16',
3222 silly audit report       cwe: [Array],
3222 silly audit report       cvss: [Object]
3222 silly audit report     },
3222 silly audit report     {
3222 silly audit report       id: 1118958,
3222 silly audit report       url: 'https://github.com/advisories/GHSA-wfc6-r584-vfw7',
3222 silly audit report       title: 'Next.js vulnerable to cache poisoning in React Server Component responses',
3222 silly audit report       severity: 'moderate',
3222 silly audit report       vulnerable_versions: '>=14.2.0 <15.5.16',
3222 silly audit report       cwe: [Array],
3222 silly audit report       cvss: [Object]
3222 silly audit report     },
3222 silly audit report     {
3222 silly audit report       id: 1118962,
3222 silly audit report       url: 'https://github.com/advisories/GHSA-36qx-fr4f-26g5',
3222 silly audit report       title: 'Next.js has a Middleware / Proxy bypass in Pages Router applications using i18n',
3222 silly audit report       severity: 'high',
3222 silly audit report       vulnerable_versions: '>=12.2.0 <15.5.16',
3222 silly audit report       cwe: [Array],
3222 silly audit report       cvss: [Object]
3222 silly audit report     },
3222 silly audit report     {
3222 silly audit report       id: 1112593,
3222 silly audit report       url: 'https://github.com/advisories/GHSA-9g9p-9gw9-jx7f',
3222 silly audit report       title: 'Next.js self-hosted applications vulnerable to DoS via Image Optimizer remotePatterns configuration',
3222 silly audit report       severity: 'moderate',
3222 silly audit report       vulnerable_versions: '>=10.0.0 <15.5.10',
3222 silly audit report       cwe: [Array],
3222 silly audit report       cvss: [Object]
3222 silly audit report     },
3222 silly audit report     {
3222 silly audit report       id: 1112653,
3222 silly audit report       url: 'https://github.com/advisories/GHSA-h25m-26qc-wcjf',
3222 silly audit report       title: 'Next.js HTTP request deserialization can lead to DoS when using insecure React Server Components',
3222 silly audit report       severity: 'high',
3222 silly audit report       vulnerable_versions: '>=13.0.0 <15.0.8',
3222 silly audit report       cwe: [Array],
3222 silly audit report       cvss: [Object]
3222 silly audit report     },
3222 silly audit report     {
3222 silly audit report       id: 1113689,
3222 silly audit report       url: 'https://github.com/advisories/GHSA-f82v-jwr5-mffw',
3222 silly audit report       title: 'Authorization Bypass in Next.js Middleware',
3222 silly audit report       severity: 'critical',
3222 silly audit report       vulnerable_versions: '>=14.0.0 <14.2.25',
3222 silly audit report       cwe: [Array],
3222 silly audit report       cvss: [Object]
3222 silly audit report     },
3222 silly audit report     {
3222 silly audit report       id: 1114897,
3222 silly audit report       url: 'https://github.com/advisories/GHSA-ggv3-7p47-pfv8',
3222 silly audit report       title: 'Next.js: HTTP request smuggling in rewrites',
3222 silly audit report       severity: 'moderate',
3222 silly audit report       vulnerable_versions: '>=9.5.0 <15.5.13',
3222 silly audit report       cwe: [Array],
3222 silly audit report       cvss: [Object]
3222 silly audit report     },
3222 silly audit report     {
3222 silly audit report       id: 1114940,
3222 silly audit report       url: 'https://github.com/advisories/GHSA-3x4c-7xq6-9pq8',
3222 silly audit report       title: 'Next.js: Unbounded next/image disk cache growth can exhaust storage',
3222 silly audit report       severity: 'moderate',
3222 silly audit report       vulnerable_versions: '>=10.0.0 <15.5.14',
3222 silly audit report       cwe: [Array],
3222 silly audit report       cvss: [Object]
3222 silly audit report     },
3222 silly audit report     {
3222 silly audit report       id: 1116376,
3222 silly audit report       url: 'https://github.com/advisories/GHSA-q4gf-8mx6-v5v3',
3222 silly audit report       title: 'Next.js has a Denial of Service with Server Components',
3222 silly audit report       severity: 'high',
3222 silly audit report       vulnerable_versions: '>=13.0.0 <15.5.15',
3222 silly audit report       cwe: [Array],
3222 silly audit report       cvss: [Object]
3222 silly audit report     }
3222 silly audit report   ],
3222 silly audit report   minimatch: [
3222 silly audit report     {
3222 silly audit report       id: 1113465,
3222 silly audit report       url: 'https://github.com/advisories/GHSA-3ppc-4f35-3m26',
3222 silly audit report       title: 'minimatch has a ReDoS via repeated wildcards with non-matching literal in pattern',
3222 silly audit report       severity: 'high',
3222 silly audit report       vulnerable_versions: '>=9.0.0 <9.0.6',
3222 silly audit report       cwe: [Array],
3222 silly audit report       cvss: [Object]
3222 silly audit report     },
3222 silly audit report     {
3222 silly audit report       id: 1113544,
3222 silly audit report       url: 'https://github.com/advisories/GHSA-7r86-cg39-jmmj',
3222 silly audit report       title: 'minimatch has ReDoS: matchOne() combinatorial backtracking via multiple non-adjacent GLOBSTAR segments',
3222 silly audit report       severity: 'high',
3222 silly audit report       vulnerable_versions: '>=9.0.0 <9.0.7',
3222 silly audit report       cwe: [Array],
3222 silly audit report       cvss: [Object]
3222 silly audit report     },
3222 silly audit report     {
3222 silly audit report       id: 1113552,
3222 silly audit report       url: 'https://github.com/advisories/GHSA-23c5-xmqv-rm74',
3222 silly audit report       title: 'minimatch ReDoS: nested *() extglobs generate catastrophically backtracking regular expressions',
3222 silly audit report       severity: 'high',
3222 silly audit report       vulnerable_versions: '>=9.0.0 <9.0.7',
3222 silly audit report       cwe: [Array],
3222 silly audit report       cvss: [Object]
3222 silly audit report     }
3222 silly audit report   ],
3222 silly audit report   glob: [
3222 silly audit report     {
3222 silly audit report       id: 1109842,
3222 silly audit report       url: 'https://github.com/advisories/GHSA-5j98-mcp5-4vw2',
3222 silly audit report       title: 'glob CLI: Command injection via -c/--cmd executes matches with shell:true',
3222 silly audit report       severity: 'high',
3222 silly audit report       vulnerable_versions: '>=10.2.0 <10.5.0',
3222 silly audit report       cwe: [Array],
3222 silly audit report       cvss: [Object]
3222 silly audit report     }
3222 silly audit report   ]
3222 silly audit report }
3223 silly packumentCache corgi:https://registry.npmjs.org/postcss cache-miss
3224 silly packumentCache corgi:https://registry.npmjs.org/next cache-miss
3225 silly packumentCache corgi:https://registry.npmjs.org/minimatch cache-miss
3226 silly packumentCache corgi:https://registry.npmjs.org/glob cache-miss
3227 http fetch GET 200 https://registry.npmjs.org/ansi-regex/-/ansi-regex-5.0.1.tgz 233ms (cache miss)
3228 http fetch GET 200 https://registry.npmjs.org/side-channel-weakmap/-/side-channel-weakmap-1.0.2.tgz 243ms (cache miss)
3229 http fetch GET 200 https://registry.npmjs.org/side-channel-list/-/side-channel-list-1.0.1.tgz 274ms (cache miss)
3230 http fetch GET 200 https://registry.npmjs.org/queue-microtask/-/queue-microtask-1.2.3.tgz 273ms (cache miss)
3231 http fetch GET 200 https://registry.npmjs.org/isarray/-/isarray-2.0.5.tgz 274ms (cache miss)
3232 http fetch GET 200 https://registry.npmjs.org/chokidar/-/chokidar-3.6.0.tgz 277ms (cache miss)
3233 http fetch GET 200 https://registry.npmjs.org/side-channel-map/-/side-channel-map-1.0.1.tgz 278ms (cache miss)
3234 http fetch GET 200 https://registry.npmjs.org/shebang-regex/-/shebang-regex-3.0.0.tgz 278ms (cache miss)
3235 http fetch GET 200 https://registry.npmjs.org/supports-preserve-symlinks-flag/-/supports-preserve-symlinks-flag-1.0.0.tgz 277ms (cache miss)
3236 http fetch GET 200 https://registry.npmjs.org/path-parse/-/path-parse-1.0.7.tgz 282ms (cache miss)
3237 http fetch GET 200 https://registry.npmjs.org/react-is/-/react-is-16.13.1.tgz 283ms (cache miss)
3238 http fetch GET 200 https://registry.npmjs.org/object-assign/-/object-assign-4.1.1.tgz 285ms (cache miss)
3239 http fetch GET 200 https://registry.npmjs.org/callsites/-/callsites-3.1.0.tgz 286ms (cache miss)
3240 http fetch GET 200 https://registry.npmjs.org/yocto-queue/-/yocto-queue-0.1.0.tgz 286ms (cache miss)
3241 http fetch GET 200 https://registry.npmjs.org/loose-envify/-/loose-envify-1.4.0.tgz 287ms (cache miss)
3242 http fetch GET 200 https://registry.npmjs.org/js-tokens/-/js-tokens-4.0.0.tgz 287ms (cache miss)
3243 http fetch GET 200 https://registry.npmjs.org/nanoid/-/nanoid-3.3.12.tgz 289ms (cache miss)
3244 http fetch GET 200 https://registry.npmjs.org/fast-levenshtein/-/fast-levenshtein-2.0.6.tgz 291ms (cache miss)
3245 http fetch GET 200 https://registry.npmjs.org/deep-is/-/deep-is-0.1.4.tgz 293ms (cache miss)
3246 http fetch GET 200 https://registry.npmjs.org/p-limit/-/p-limit-3.1.0.tgz 296ms (cache miss)
3247 http fetch GET 200 https://registry.npmjs.org/word-wrap/-/word-wrap-1.2.5.tgz 297ms (cache miss)
3248 http fetch GET 200 https://registry.npmjs.org/streamsearch/-/streamsearch-1.1.0.tgz 301ms (cache miss)
3249 http fetch GET 200 https://registry.npmjs.org/graceful-fs/-/graceful-fs-4.2.11.tgz 302ms (cache miss)
3250 http fetch GET 200 https://registry.npmjs.org/scheduler/-/scheduler-0.23.2.tgz 305ms (cache miss)
3251 http fetch GET 200 https://registry.npmjs.org/node-exports-info/-/node-exports-info-1.6.0.tgz 305ms (cache miss)
3252 http fetch GET 200 https://registry.npmjs.org/source-map-js/-/source-map-js-1.2.1.tgz 307ms (cache miss)
3253 http fetch GET 200 https://registry.npmjs.org/balanced-match/-/balanced-match-1.0.2.tgz 311ms (cache miss)
3254 http fetch GET 200 https://registry.npmjs.org/concat-map/-/concat-map-0.0.1.tgz 313ms (cache miss)
3255 http fetch GET 200 https://registry.npmjs.org/brace-expansion/-/brace-expansion-1.1.14.tgz 313ms (cache miss)
3256 http fetch GET 200 https://registry.npmjs.org/to-regex-range/-/to-regex-range-5.0.1.tgz 314ms (cache miss)
3257 http fetch GET 200 https://registry.npmjs.org/fill-range/-/fill-range-7.1.1.tgz 315ms (cache miss)
3258 http fetch GET 200 https://registry.npmjs.org/busboy/-/busboy-1.6.0.tgz 318ms (cache miss)
3259 http fetch GET 200 https://registry.npmjs.org/picomatch/-/picomatch-2.3.2.tgz 317ms (cache miss)
3260 http fetch GET 200 https://registry.npmjs.org/jiti/-/jiti-1.21.7.tgz 324ms (cache miss)
3261 http fetch GET 200 https://registry.npmjs.org/styled-jsx/-/styled-jsx-5.1.1.tgz 321ms (cache miss)
3262 http fetch GET 200 https://registry.npmjs.org/p-locate/-/p-locate-5.0.0.tgz 321ms (cache miss)
3263 http fetch GET 200 https://registry.npmjs.org/type-check/-/type-check-0.4.0.tgz 321ms (cache miss)
3264 http fetch GET 200 https://registry.npmjs.org/lru-cache/-/lru-cache-10.4.3.tgz 323ms (cache miss)
3265 http fetch GET 200 https://registry.npmjs.org/json-buffer/-/json-buffer-3.0.1.tgz 322ms (cache miss)
3266 http fetch GET 200 https://registry.npmjs.org/wrap-ansi/-/wrap-ansi-7.0.0.tgz 330ms (cache miss)
3267 http fetch GET 200 https://registry.npmjs.org/sucrase/-/sucrase-3.35.1.tgz 342ms (cache miss)
3268 http fetch GET 200 https://registry.npmjs.org/argparse/-/argparse-2.0.1.tgz 336ms (cache miss)
3269 http fetch GET 200 https://registry.npmjs.org/binary-extensions/-/binary-extensions-2.3.0.tgz 344ms (cache miss)
3270 http fetch GET 200 https://registry.npmjs.org/@types/json5/-/json5-0.0.29.tgz 354ms (cache miss)
3271 http fetch GET 200 https://registry.npmjs.org/wrap-ansi/-/wrap-ansi-8.1.0.tgz 344ms (cache miss)
3272 http fetch GET 200 https://registry.npmjs.org/strip-ansi/-/strip-ansi-6.0.1.tgz 344ms (cache miss)
3273 http fetch GET 200 https://registry.npmjs.org/string-width/-/string-width-4.2.3.tgz 353ms (cache miss)
3274 http fetch GET 200 https://registry.npmjs.org/braces/-/braces-3.0.3.tgz 362ms (cache miss)
3275 http fetch GET 200 https://registry.npmjs.org/@jridgewell/resolve-uri/-/resolve-uri-3.1.2.tgz 377ms (cache miss)
3276 http fetch GET 200 https://registry.npmjs.org/is-extglob/-/is-extglob-2.1.1.tgz 369ms (cache miss)
3277 http fetch GET 200 https://registry.npmjs.org/set-function-name/-/set-function-name-2.0.2.tgz 370ms (cache miss)
3278 http fetch GET 200 https://registry.npmjs.org/language-subtag-registry/-/language-subtag-registry-0.3.23.tgz 371ms (cache miss)
3279 http fetch GET 200 https://registry.npmjs.org/@jridgewell/trace-mapping/-/trace-mapping-0.3.31.tgz 385ms (cache miss)
3280 http fetch GET 200 https://registry.npmjs.org/resolve-from/-/resolve-from-4.0.0.tgz 380ms (cache miss)
3281 http fetch GET 200 https://registry.npmjs.org/string-width/-/string-width-5.1.2.tgz 380ms (cache miss)
3282 http fetch GET 200 https://registry.npmjs.org/slash/-/slash-3.0.0.tgz 390ms (cache miss)
3283 http fetch GET 200 https://registry.npmjs.org/micromatch/-/micromatch-4.0.8.tgz 390ms (cache miss)
3284 http fetch GET 200 https://registry.npmjs.org/side-channel/-/side-channel-1.1.0.tgz 393ms (cache miss)
3285 http fetch GET 200 https://registry.npmjs.org/@alloc/quick-lru/-/quick-lru-5.2.0.tgz 400ms (cache miss)
3286 http fetch GET 200 https://registry.npmjs.org/prelude-ls/-/prelude-ls-1.2.1.tgz 395ms (cache miss)
3287 http fetch GET 200 https://registry.npmjs.org/merge2/-/merge2-1.4.1.tgz 395ms (cache miss)
3288 http fetch GET 200 https://registry.npmjs.org/path-type/-/path-type-4.0.0.tgz 408ms (cache miss)
3289 http fetch GET 200 https://registry.npmjs.org/type-fest/-/type-fest-0.20.2.tgz 410ms (cache miss)
3290 http fetch GET 200 https://registry.npmjs.org/parent-module/-/parent-module-1.0.1.tgz 423ms (cache miss)
3291 http fetch GET 200 https://registry.npmjs.org/jackspeak/-/jackspeak-2.3.6.tgz 431ms (cache miss)
3292 http fetch GET 200 https://registry.npmjs.org/dir-glob/-/dir-glob-3.0.1.tgz 439ms (cache miss)
3293 http fetch GET 200 https://registry.npmjs.org/path-scurry/-/path-scurry-1.11.1.tgz 450ms (cache miss)
3294 http fetch GET 200 https://registry.npmjs.org/foreground-child/-/foreground-child-3.3.1.tgz 451ms (cache miss)
3295 http fetch GET 200 https://registry.npmjs.org/tslib/-/tslib-2.8.1.tgz 453ms (cache miss)
3296 http fetch GET 200 https://registry.npmjs.org/signal-exit/-/signal-exit-4.1.0.tgz 453ms (cache miss)
3297 http fetch GET 200 https://registry.npmjs.org/array-union/-/array-union-2.1.0.tgz 458ms (cache miss)
3298 http fetch GET 200 https://registry.npmjs.org/@unrs/resolver-binding-darwin-arm64/-/resolver-binding-darwin-arm64-1.11.1.tgz 478ms (cache miss)
3299 http fetch GET 200 https://registry.npmjs.org/dunder-proto/-/dunder-proto-1.0.1.tgz 465ms (cache miss)
3300 http fetch GET 200 https://registry.npmjs.org/rimraf/-/rimraf-3.0.2.tgz 466ms (cache miss)
3301 warn deprecated rimraf@3.0.2: Rimraf versions prior to v4 are no longer supported
3302 http fetch GET 200 https://registry.npmjs.org/functions-have-names/-/functions-have-names-1.2.3.tgz 476ms (cache miss)
3303 http fetch GET 200 https://registry.npmjs.org/flatted/-/flatted-3.4.2.tgz 478ms (cache miss)
3304 http fetch GET 200 https://registry.npmjs.org/locate-path/-/locate-path-6.0.0.tgz 479ms (cache miss)
3305 http fetch GET 200 https://registry.npmjs.org/keyv/-/keyv-4.5.4.tgz 481ms (cache miss)
3306 http fetch GET 200 https://registry.npmjs.org/motion-dom/-/motion-dom-11.18.1.tgz 482ms (cache miss)
3307 http fetch GET 200 https://registry.npmjs.org/flat-cache/-/flat-cache-3.2.0.tgz 491ms (cache miss)
3308 http fetch GET 200 https://registry.npmjs.org/motion-utils/-/motion-utils-11.18.1.tgz 495ms (cache miss)
3309 http fetch GET 200 https://registry.npmjs.org/path-exists/-/path-exists-4.0.0.tgz 495ms (cache miss)
3310 http fetch GET 200 https://registry.npmjs.org/acorn-jsx/-/acorn-jsx-5.3.2.tgz 495ms (cache miss)
3311 http fetch GET 200 https://registry.npmjs.org/reusify/-/reusify-1.1.0.tgz 496ms (cache miss)
3312 http fetch GET 200 https://registry.npmjs.org/acorn/-/acorn-8.16.0.tgz 499ms (cache miss)
3313 http fetch GET 200 https://registry.npmjs.org/iterator.prototype/-/iterator.prototype-1.1.5.tgz 507ms (cache miss)
3314 http fetch GET 200 https://registry.npmjs.org/esrecurse/-/esrecurse-4.3.0.tgz 508ms (cache miss)
3315 http fetch GET 200 https://registry.npmjs.org/@swc/counter/-/counter-0.1.3.tgz 515ms (cache miss)
3316 http fetch GET 200 https://registry.npmjs.org/string.prototype.matchall/-/string.prototype.matchall-4.0.12.tgz 511ms (cache miss)
3317 http fetch GET 200 https://registry.npmjs.org/prop-types/-/prop-types-15.8.1.tgz 522ms (cache miss)
3318 http fetch GET 200 https://registry.npmjs.org/minipass/-/minipass-7.1.3.tgz 525ms (cache miss)
3319 http fetch GET 200 https://registry.npmjs.org/string.prototype.repeat/-/string.prototype.repeat-1.0.0.tgz 524ms (cache miss)
3320 http fetch GET 200 https://registry.npmjs.org/estraverse/-/estraverse-5.3.0.tgz 529ms (cache miss)
3321 http fetch GET 200 https://registry.npmjs.org/language-tags/-/language-tags-1.0.9.tgz 530ms (cache miss)
3322 http fetch GET 200 https://registry.npmjs.org/string.prototype.includes/-/string.prototype.includes-2.0.1.tgz 531ms (cache miss)
3323 http fetch GET 200 https://registry.npmjs.org/object.entries/-/object.entries-1.1.9.tgz 537ms (cache miss)
3324 http fetch GET 200 https://registry.npmjs.org/resolve-pkg-maps/-/resolve-pkg-maps-1.0.0.tgz 538ms (cache miss)
3325 http fetch GET 200 https://registry.npmjs.org/emoji-regex/-/emoji-regex-9.2.2.tgz 541ms (cache miss)
3326 http fetch GET 200 https://registry.npmjs.org/damerau-levenshtein/-/damerau-levenshtein-1.0.8.tgz 543ms (cache miss)
3327 http fetch GET 200 https://registry.npmjs.org/array.prototype.tosorted/-/array.prototype.tosorted-1.1.4.tgz 545ms (cache miss)
3328 http fetch GET 200 https://registry.npmjs.org/ast-types-flow/-/ast-types-flow-0.0.8.tgz 549ms (cache miss)
3329 http fetch GET 200 https://registry.npmjs.org/is-symbol/-/is-symbol-1.1.1.tgz 554ms (cache miss)
3330 http fetch GET 200 https://registry.npmjs.org/array.prototype.findlast/-/array.prototype.findlast-1.2.5.tgz 563ms (cache miss)
3331 http fetch GET 200 https://registry.npmjs.org/is-date-object/-/is-date-object-1.1.0.tgz 563ms (cache miss)
3332 http fetch GET 200 https://registry.npmjs.org/possible-typed-array-names/-/possible-typed-array-names-1.1.0.tgz 566ms (cache miss)
3333 http fetch GET 200 https://registry.npmjs.org/has-tostringtag/-/has-tostringtag-1.0.2.tgz 568ms (cache miss)
3334 http fetch GET 200 https://registry.npmjs.org/@next/env/-/env-14.2.3.tgz 574ms (cache miss)
3335 http fetch GET 200 https://registry.npmjs.org/which-typed-array/-/which-typed-array-1.1.20.tgz 571ms (cache miss)
3336 http fetch GET 200 https://registry.npmjs.org/unbox-primitive/-/unbox-primitive-1.1.0.tgz 575ms (cache miss)
3337 http fetch GET 200 https://registry.npmjs.org/typed-array-length/-/typed-array-length-1.0.7.tgz 576ms (cache miss)
3338 http fetch GET 200 https://registry.npmjs.org/typed-array-byte-length/-/typed-array-byte-length-1.0.3.tgz 578ms (cache miss)
3339 http fetch GET 200 https://registry.npmjs.org/string.prototype.trim/-/string.prototype.trim-1.2.10.tgz 581ms (cache miss)
3340 http fetch GET 200 https://registry.npmjs.org/typed-array-byte-offset/-/typed-array-byte-offset-1.0.4.tgz 589ms (cache miss)
3341 http fetch GET 200 https://registry.npmjs.org/set-proto/-/set-proto-1.0.0.tgz 599ms (cache miss)
3342 http fetch GET 200 https://registry.npmjs.org/safe-push-apply/-/safe-push-apply-1.0.0.tgz 600ms (cache miss)
3343 http fetch GET 200 https://registry.npmjs.org/safe-array-concat/-/safe-array-concat-1.1.4.tgz 603ms (cache miss)
3344 http fetch GET 200 https://registry.npmjs.org/es-iterator-helpers/-/es-iterator-helpers-1.3.2.tgz 607ms (cache miss)
3345 http fetch GET 200 https://registry.npmjs.org/regexp.prototype.flags/-/regexp.prototype.flags-1.5.4.tgz 606ms (cache miss)
3346 http fetch GET 200 https://registry.npmjs.org/safe-regex-test/-/safe-regex-test-1.1.0.tgz 617ms (cache miss)
3347 http fetch GET 200 https://registry.npmjs.org/is-weakref/-/is-weakref-1.1.1.tgz 619ms (cache miss)
3348 http fetch GET 200 https://registry.npmjs.org/string.prototype.trimstart/-/string.prototype.trimstart-1.0.8.tgz 620ms (cache miss)
3349 http fetch GET 200 https://registry.npmjs.org/typed-array-buffer/-/typed-array-buffer-1.0.3.tgz 621ms (cache miss)
3350 http fetch GET 200 https://registry.npmjs.org/is-typed-array/-/is-typed-array-1.1.15.tgz 621ms (cache miss)
3351 http fetch GET 200 https://registry.npmjs.org/fast-glob/-/fast-glob-3.3.3.tgz 629ms (cache miss)
3352 http fetch GET 200 https://registry.npmjs.org/own-keys/-/own-keys-1.0.1.tgz 631ms (cache miss)
3353 http fetch GET 200 https://registry.npmjs.org/@isaacs/cliui/-/cliui-8.0.2.tgz 638ms (cache miss)
3354 http fetch GET 200 https://registry.npmjs.org/is-negative-zero/-/is-negative-zero-2.0.3.tgz 638ms (cache miss)
3355 http fetch GET 200 https://registry.npmjs.org/is-data-view/-/is-data-view-1.0.2.tgz 639ms (cache miss)
3356 http fetch GET 200 https://registry.npmjs.org/jsx-ast-utils/-/jsx-ast-utils-3.3.5.tgz 643ms (cache miss)
3357 http fetch GET 200 https://registry.npmjs.org/is-array-buffer/-/is-array-buffer-3.0.5.tgz 647ms (cache miss)
3358 http fetch GET 200 https://registry.npmjs.org/@pkgjs/parseargs/-/parseargs-0.11.0.tgz 660ms (cache miss)
3359 http fetch GET 200 https://registry.npmjs.org/is-callable/-/is-callable-1.2.7.tgz 654ms (cache miss)
3360 http fetch GET 200 https://registry.npmjs.org/has-proto/-/has-proto-1.2.0.tgz 658ms (cache miss)
3361 http fetch GET 200 https://registry.npmjs.org/object.assign/-/object.assign-4.1.7.tgz 668ms (cache miss)
3362 http fetch GET 200 https://registry.npmjs.org/internal-slot/-/internal-slot-1.1.0.tgz 667ms (cache miss)
3363 http fetch GET 200 https://registry.npmjs.org/has-symbols/-/has-symbols-1.1.0.tgz 670ms (cache miss)
3364 http fetch GET 200 https://registry.npmjs.org/is-shared-array-buffer/-/is-shared-array-buffer-1.0.4.tgz 673ms (cache miss)
3365 http fetch GET 200 https://registry.npmjs.org/is-regex/-/is-regex-1.2.1.tgz 676ms (cache miss)
3366 http fetch GET 200 https://registry.npmjs.org/object-inspect/-/object-inspect-1.13.4.tgz 682ms (cache miss)
3367 http fetch GET 200 https://registry.npmjs.org/es-set-tostringtag/-/es-set-tostringtag-2.1.0.tgz 681ms (cache miss)
3368 http fetch GET 200 https://registry.npmjs.org/get-symbol-description/-/get-symbol-description-1.1.0.tgz 681ms (cache miss)
3369 http fetch GET 200 https://registry.npmjs.org/get-proto/-/get-proto-1.0.1.tgz 684ms (cache miss)
3370 http fetch GET 200 https://registry.npmjs.org/data-view-byte-length/-/data-view-byte-length-1.0.2.tgz 684ms (cache miss)
3371 http fetch GET 200 https://registry.npmjs.org/data-view-byte-offset/-/data-view-byte-offset-1.0.1.tgz 685ms (cache miss)
3372 http fetch GET 200 https://registry.npmjs.org/data-view-buffer/-/data-view-buffer-1.0.2.tgz 685ms (cache miss)
3373 http fetch GET 200 https://registry.npmjs.org/globalthis/-/globalthis-1.0.4.tgz 686ms (cache miss)
3374 http fetch GET 200 https://registry.npmjs.org/array-buffer-byte-length/-/array-buffer-byte-length-1.0.2.tgz 686ms (cache miss)
3375 http fetch GET 200 https://registry.npmjs.org/es-to-primitive/-/es-to-primitive-1.3.0.tgz 686ms (cache miss)
3376 http fetch GET 200 https://registry.npmjs.org/function.prototype.name/-/function.prototype.name-1.1.8.tgz 690ms (cache miss)
3377 http fetch GET 200 https://registry.npmjs.org/object-keys/-/object-keys-1.1.1.tgz 690ms (cache miss)
3378 http fetch GET 200 https://registry.npmjs.org/define-data-property/-/define-data-property-1.1.4.tgz 693ms (cache miss)
3379 http fetch GET 200 https://registry.npmjs.org/arraybuffer.prototype.slice/-/arraybuffer.prototype.slice-1.0.4.tgz 697ms (cache miss)
3380 http fetch GET 200 https://registry.npmjs.org/available-typed-arrays/-/available-typed-arrays-1.0.7.tgz 701ms (cache miss)
3381 http fetch GET 200 https://registry.npmjs.org/set-function-length/-/set-function-length-1.2.2.tgz 701ms (cache miss)
3382 http fetch GET 200 https://registry.npmjs.org/call-bind-apply-helpers/-/call-bind-apply-helpers-1.0.2.tgz 702ms (cache miss)
3383 http fetch GET 200 https://registry.npmjs.org/gopd/-/gopd-1.2.0.tgz 703ms (cache miss)
3384 http fetch GET 200 https://registry.npmjs.org/function-bind/-/function-bind-1.1.2.tgz 704ms (cache miss)
3385 http fetch GET 200 https://registry.npmjs.org/math-intrinsics/-/math-intrinsics-1.1.0.tgz 706ms (cache miss)
3386 http fetch GET 200 https://registry.npmjs.org/es-shim-unscopables/-/es-shim-unscopables-1.1.0.tgz 712ms (cache miss)
3387 http fetch GET 200 https://registry.npmjs.org/has-property-descriptors/-/has-property-descriptors-1.0.2.tgz 715ms (cache miss)
3388 http fetch GET 200 https://registry.npmjs.org/axobject-query/-/axobject-query-4.1.0.tgz 719ms (cache miss)
3389 http fetch GET 200 https://registry.npmjs.org/es-define-property/-/es-define-property-1.0.1.tgz 720ms (cache miss)
3390 http fetch GET 200 https://registry.npmjs.org/es-errors/-/es-errors-1.3.0.tgz 719ms (cache miss)
3391 http fetch GET 200 https://registry.npmjs.org/is-string/-/is-string-1.1.1.tgz 721ms (cache miss)
3392 http fetch GET 200 https://registry.npmjs.org/get-intrinsic/-/get-intrinsic-1.3.0.tgz 728ms (cache miss)
3393 http fetch GET 200 https://registry.npmjs.org/@swc/helpers/-/helpers-0.5.5.tgz 742ms (cache miss)
3394 http fetch GET 200 https://registry.npmjs.org/aria-query/-/aria-query-5.3.2.tgz 737ms (cache miss)
3395 http fetch GET 200 https://registry.npmjs.org/call-bound/-/call-bound-1.0.4.tgz 735ms (cache miss)
3396 http fetch GET 200 https://registry.npmjs.org/string.prototype.trimend/-/string.prototype.trimend-1.0.9.tgz 736ms (cache miss)
3397 http fetch GET 200 https://registry.npmjs.org/object.values/-/object.values-1.2.1.tgz 736ms (cache miss)
3398 http fetch GET 200 https://registry.npmjs.org/axe-core/-/axe-core-4.11.4.tgz 746ms (cache miss)
3399 http fetch GET 200 https://registry.npmjs.org/hasown/-/hasown-2.0.3.tgz 744ms (cache miss)
3400 http fetch GET 200 https://registry.npmjs.org/object.groupby/-/object.groupby-1.0.3.tgz 750ms (cache miss)
3401 http fetch GET 200 https://registry.npmjs.org/eslint-module-utils/-/eslint-module-utils-2.12.1.tgz 751ms (cache miss)
3402 http fetch GET 200 https://registry.npmjs.org/array.prototype.flatmap/-/array.prototype.flatmap-1.3.3.tgz 753ms (cache miss)
3403 http fetch GET 200 https://registry.npmjs.org/array.prototype.flat/-/array.prototype.flat-1.3.3.tgz 754ms (cache miss)
3404 http fetch GET 200 https://registry.npmjs.org/define-properties/-/define-properties-1.2.1.tgz 755ms (cache miss)
3405 http fetch GET 200 https://registry.npmjs.org/tsconfig-paths/-/tsconfig-paths-3.15.0.tgz 756ms (cache miss)
3406 http fetch GET 200 https://registry.npmjs.org/array-includes/-/array-includes-3.1.9.tgz 761ms (cache miss)
3407 http fetch GET 200 https://registry.npmjs.org/array.prototype.findlastindex/-/array.prototype.findlastindex-1.2.6.tgz 762ms (cache miss)
3408 http fetch GET 200 https://registry.npmjs.org/tinyglobby/-/tinyglobby-0.2.16.tgz 765ms (cache miss)
3409 http fetch GET 200 https://registry.npmjs.org/stable-hash/-/stable-hash-0.0.5.tgz 766ms (cache miss)
3410 http fetch GET 200 https://registry.npmjs.org/is-bun-module/-/is-bun-module-2.0.0.tgz 769ms (cache miss)
3411 http fetch GET 200 https://registry.npmjs.org/unrs-resolver/-/unrs-resolver-1.11.1.tgz 769ms (cache miss)
3412 http fetch GET 200 https://registry.npmjs.org/globby/-/globby-11.1.0.tgz 791ms (cache miss)
3413 http fetch GET 200 https://registry.npmjs.org/get-tsconfig/-/get-tsconfig-4.14.0.tgz 800ms (cache miss)
3414 http fetch GET 200 https://registry.npmjs.org/semver/-/semver-7.8.0.tgz 804ms (cache miss)
3415 http fetch GET 200 https://registry.npmjs.org/ts-api-utils/-/ts-api-utils-1.4.3.tgz 807ms (cache miss)
3416 http fetch GET 200 https://registry.npmjs.org/resolve/-/resolve-2.0.0-next.7.tgz 820ms (cache miss)
3417 http fetch GET 200 https://registry.npmjs.org/is-core-module/-/is-core-module-2.16.2.tgz 826ms (cache miss)
3418 http fetch GET 200 https://registry.npmjs.org/stop-iteration-iterator/-/stop-iteration-iterator-1.1.0.tgz 846ms (cache miss)
3419 http fetch GET 200 https://registry.npmjs.org/is-set/-/is-set-2.0.3.tgz 848ms (cache miss)
3420 http fetch GET 200 https://registry.npmjs.org/glob/-/glob-10.3.10.tgz 853ms (cache miss)
3421 warn deprecated glob@10.3.10: Old versions of glob are not supported, and contain widely publicized security vulnerabilities, which have been fixed in the current version. Please update. Support for old versions may be purchased (at exorbitant rates) by contacting i@izs.me
3422 http fetch GET 200 https://registry.npmjs.org/eslint-import-resolver-typescript/-/eslint-import-resolver-typescript-3.10.1.tgz 857ms (cache miss)
3423 http fetch GET 200 https://registry.npmjs.org/eslint-import-resolver-node/-/eslint-import-resolver-node-0.3.10.tgz 875ms (cache miss)
3424 http fetch GET 200 https://registry.npmjs.org/eslint-plugin-react-hooks/-/eslint-plugin-react-hooks-5.0.0-canary-7118f5dd7-20230705.tgz 907ms (cache miss)
3425 http fetch GET 200 https://registry.npmjs.org/eslint-plugin-jsx-a11y/-/eslint-plugin-jsx-a11y-6.10.2.tgz 909ms (cache miss)
3426 http fetch GET 200 https://registry.npmjs.org/ms/-/ms-2.1.3.tgz 919ms (cache miss)
3427 http fetch GET 200 https://registry.npmjs.org/eslint-plugin-import/-/eslint-plugin-import-2.32.0.tgz 935ms (cache miss)
3428 http fetch GET 200 https://registry.npmjs.org/which/-/which-2.0.2.tgz 937ms (cache miss)
3429 http fetch GET 200 https://registry.npmjs.org/shebang-command/-/shebang-command-2.0.0.tgz 938ms (cache miss)
3430 http fetch GET 200 https://registry.npmjs.org/call-bind/-/call-bind-1.0.9.tgz 941ms (cache miss)
3431 http fetch GET 200 https://registry.npmjs.org/object.fromentries/-/object.fromentries-2.0.8.tgz 959ms (cache miss)
3432 http fetch GET 200 https://registry.npmjs.org/path-key/-/path-key-3.1.1.tgz 956ms (cache miss)
3433 http fetch GET 200 https://registry.npmjs.org/color-name/-/color-name-1.1.4.tgz 962ms (cache miss)
3434 http fetch GET 200 https://registry.npmjs.org/es-object-atoms/-/es-object-atoms-1.1.1.tgz 968ms (cache miss)
3435 http fetch GET 200 https://registry.npmjs.org/color-convert/-/color-convert-2.0.1.tgz 976ms (cache miss)
3436 http fetch GET 200 https://registry.npmjs.org/supports-color/-/supports-color-7.2.0.tgz 977ms (cache miss)
3437 http fetch GET 200 https://registry.npmjs.org/ansi-styles/-/ansi-styles-4.3.0.tgz 984ms (cache miss)
3438 http fetch GET 200 https://registry.npmjs.org/fast-json-stable-stringify/-/fast-json-stable-stringify-2.1.0.tgz 987ms (cache miss)
3439 http fetch GET 200 https://registry.npmjs.org/json-schema-traverse/-/json-schema-traverse-0.4.1.tgz 994ms (cache miss)
3440 http fetch GET 200 https://registry.npmjs.org/run-parallel/-/run-parallel-1.2.0.tgz 996ms (cache miss)
3441 http fetch GET 200 https://registry.npmjs.org/@rtsao/scc/-/scc-1.1.0.tgz 999ms (cache miss)
3442 http fetch GET 200 https://registry.npmjs.org/strip-json-comments/-/strip-json-comments-3.1.1.tgz 1004ms (cache miss)
3443 http fetch GET 200 https://registry.npmjs.org/fastq/-/fastq-1.20.1.tgz 1006ms (cache miss)
3444 http fetch GET 200 https://registry.npmjs.org/@nolyfill/is-core-module/-/is-core-module-1.0.39.tgz 1014ms (cache miss)
3445 http fetch GET 200 https://registry.npmjs.org/import-fresh/-/import-fresh-3.3.1.tgz 1014ms (cache miss)
3446 http fetch GET 200 https://registry.npmjs.org/@nodelib/fs.stat/-/fs.stat-2.0.5.tgz 1019ms (cache miss)
3447 http fetch GET 200 https://registry.npmjs.org/text-table/-/text-table-0.2.0.tgz 1020ms (cache miss)
3448 http fetch GET 200 https://registry.npmjs.org/uri-js/-/uri-js-4.4.1.tgz 1021ms (cache miss)
3449 http fetch GET 200 https://registry.npmjs.org/strip-ansi/-/strip-ansi-6.0.1.tgz 1025ms (cache miss)
3450 http fetch GET 200 https://registry.npmjs.org/minimatch/-/minimatch-3.1.5.tgz 1028ms (cache miss)
3451 http fetch GET 200 https://registry.npmjs.org/natural-compare/-/natural-compare-1.4.0.tgz 1031ms (cache miss)
3452 http fetch GET 200 https://registry.npmjs.org/@typescript-eslint/visitor-keys/-/visitor-keys-7.2.0.tgz 1034ms (cache miss)
3453 http fetch GET 200 https://registry.npmjs.org/lodash.merge/-/lodash.merge-4.6.2.tgz 1038ms (cache miss)
3454 http fetch GET 200 https://registry.npmjs.org/optionator/-/optionator-0.9.4.tgz 1040ms (cache miss)
3455 http fetch GET 200 https://registry.npmjs.org/levn/-/levn-0.4.1.tgz 1043ms (cache miss)
3456 http fetch GET 200 https://registry.npmjs.org/is-glob/-/is-glob-4.0.3.tgz 1045ms (cache miss)
3457 http fetch GET 200 https://registry.npmjs.org/imurmurhash/-/imurmurhash-0.1.4.tgz 1047ms (cache miss)
3458 http fetch GET 200 https://registry.npmjs.org/is-path-inside/-/is-path-inside-3.0.3.tgz 1052ms (cache miss)
3459 http fetch GET 200 https://registry.npmjs.org/ignore/-/ignore-5.3.2.tgz 1058ms (cache miss)
3460 http fetch GET 200 https://registry.npmjs.org/glob-parent/-/glob-parent-6.0.2.tgz 1063ms (cache miss)
3461 http fetch GET 200 https://registry.npmjs.org/find-up/-/find-up-5.0.0.tgz 1079ms (cache miss)
3462 http fetch GET 200 https://registry.npmjs.org/file-entry-cache/-/file-entry-cache-6.0.1.tgz 1080ms (cache miss)
3463 http fetch GET 200 https://registry.npmjs.org/js-yaml/-/js-yaml-4.1.1.tgz 1095ms (cache miss)
3464 http fetch GET 200 https://registry.npmjs.org/globals/-/globals-13.24.0.tgz 1094ms (cache miss)
3465 http fetch GET 200 https://registry.npmjs.org/json-stable-stringify-without-jsonify/-/json-stable-stringify-without-jsonify-1.0.1.tgz 1098ms (cache miss)
3466 http fetch GET 200 https://registry.npmjs.org/esutils/-/esutils-2.0.3.tgz 1100ms (cache miss)
3467 http fetch GET 200 https://registry.npmjs.org/eslint-visitor-keys/-/eslint-visitor-keys-3.4.3.tgz 1101ms (cache miss)
3468 http fetch GET 200 https://registry.npmjs.org/eslint-plugin-react/-/eslint-plugin-react-7.37.5.tgz 1105ms (cache miss)
3469 http fetch GET 200 https://registry.npmjs.org/@typescript-eslint/types/-/types-7.2.0.tgz 1109ms (cache miss)
3470 http fetch GET 200 https://registry.npmjs.org/graphemer/-/graphemer-1.4.0.tgz 1105ms (cache miss)
3471 http fetch GET 200 https://registry.npmjs.org/espree/-/espree-9.6.1.tgz 1117ms (cache miss)
3472 http fetch GET 200 https://registry.npmjs.org/fast-deep-equal/-/fast-deep-equal-3.1.3.tgz 1116ms (cache miss)
3473 http fetch GET 200 https://registry.npmjs.org/escape-string-regexp/-/escape-string-regexp-4.0.0.tgz 1118ms (cache miss)
3474 http fetch GET 200 https://registry.npmjs.org/cross-spawn/-/cross-spawn-7.0.6.tgz 1118ms (cache miss)
3475 http fetch GET 200 https://registry.npmjs.org/debug/-/debug-4.4.3.tgz 1120ms (cache miss)
3476 http fetch GET 200 https://registry.npmjs.org/@typescript-eslint/parser/-/parser-7.2.0.tgz 1123ms (cache miss)
3477 http fetch GET 200 https://registry.npmjs.org/chalk/-/chalk-4.1.2.tgz 1120ms (cache miss)
3478 http fetch GET 200 https://registry.npmjs.org/doctrine/-/doctrine-3.0.0.tgz 1121ms (cache miss)
3479 http fetch GET 200 https://registry.npmjs.org/eslint-scope/-/eslint-scope-7.2.2.tgz 1124ms (cache miss)
3480 http fetch GET 200 https://registry.npmjs.org/@typescript-eslint/typescript-estree/-/typescript-estree-7.2.0.tgz 1140ms (cache miss)
3481 http fetch GET 200 https://registry.npmjs.org/esquery/-/esquery-1.7.0.tgz 1158ms (cache miss)
3482 http fetch GET 200 https://registry.npmjs.org/update-browserslist-db/-/update-browserslist-db-1.2.3.tgz 1168ms (cache miss)
3483 http fetch GET 200 https://registry.npmjs.org/node-releases/-/node-releases-2.0.44.tgz 1169ms (cache miss)
3484 http fetch GET 200 https://registry.npmjs.org/@next/eslint-plugin-next/-/eslint-plugin-next-14.2.3.tgz 1175ms (cache miss)
3485 http fetch GET 200 https://registry.npmjs.org/es-abstract/-/es-abstract-1.24.2.tgz 1186ms (cache miss)
3486 http fetch GET 200 https://registry.npmjs.org/electron-to-chromium/-/electron-to-chromium-1.5.357.tgz 1180ms (cache miss)
3487 http fetch GET 200 https://registry.npmjs.org/postcss-value-parser/-/postcss-value-parser-4.2.0.tgz 1184ms (cache miss)
3488 http fetch GET 200 https://registry.npmjs.org/baseline-browser-mapping/-/baseline-browser-mapping-2.10.30.tgz 1193ms (cache miss)
3489 http fetch GET 200 https://registry.npmjs.org/picocolors/-/picocolors-1.1.1.tgz 1196ms (cache miss)
3490 http fetch GET 200 https://registry.npmjs.org/ajv/-/ajv-6.15.0.tgz 1198ms (cache miss)
3491 http fetch GET 200 https://registry.npmjs.org/@rushstack/eslint-patch/-/eslint-patch-1.16.1.tgz 1204ms (cache miss)
3492 http fetch GET 200 https://registry.npmjs.org/undici-types/-/undici-types-6.21.0.tgz 1217ms (cache miss)
3493 http fetch GET 200 https://registry.npmjs.org/@typescript-eslint/scope-manager/-/scope-manager-7.2.0.tgz 1259ms (cache miss)
3494 http fetch GET 200 https://registry.npmjs.org/fraction.js/-/fraction.js-5.3.4.tgz 1260ms (cache miss)
3495 http fetch GET 200 https://registry.npmjs.org/@humanwhocodes/object-schema/-/object-schema-2.0.3.tgz 1265ms (cache miss)
3496 warn deprecated @humanwhocodes/object-schema@2.0.3: Use @eslint/object-schema instead
3497 http fetch GET 200 https://registry.npmjs.org/csstype/-/csstype-3.2.3.tgz 1262ms (cache miss)
3498 http fetch GET 200 https://registry.npmjs.org/@nodelib/fs.scandir/-/fs.scandir-2.1.5.tgz 1273ms (cache miss)
3499 http fetch GET 200 https://registry.npmjs.org/caniuse-lite/-/caniuse-lite-1.0.30001793.tgz 1335ms (cache miss)
3500 http fetch GET 200 https://registry.npmjs.org/@humanwhocodes/config-array/-/config-array-0.13.0.tgz 1402ms (cache miss)
3501 warn deprecated @humanwhocodes/config-array@0.13.0: Use @eslint/config-array instead
3502 http fetch GET 200 https://registry.npmjs.org/@types/prop-types/-/prop-types-15.7.15.tgz 1455ms (cache miss)
3503 http fetch GET 200 https://registry.npmjs.org/@nodelib/fs.walk/-/fs.walk-1.2.8.tgz 1459ms (cache miss)
3504 http fetch GET 200 https://registry.npmjs.org/@eslint/eslintrc/-/eslintrc-2.1.4.tgz 1466ms (cache miss)
3505 http fetch GET 200 https://registry.npmjs.org/eslint-config-next/-/eslint-config-next-14.2.3.tgz 1471ms (cache miss)
3506 http fetch GET 200 https://registry.npmjs.org/postcss/-/postcss-8.5.14.tgz 1536ms (cache miss)
3507 http fetch GET 200 https://registry.npmjs.org/@eslint/js/-/js-8.57.1.tgz 1629ms (cache miss)
3508 http fetch GET 200 https://registry.npmjs.org/@eslint-community/eslint-utils/-/eslint-utils-4.9.1.tgz 1654ms (cache miss)
3509 http fetch GET 200 https://registry.npmjs.org/tailwindcss/-/tailwindcss-3.4.19.tgz 1683ms (cache miss)
3510 http fetch GET 200 https://registry.npmjs.org/@humanwhocodes/module-importer/-/module-importer-1.0.1.tgz 1687ms (cache miss)
3511 http fetch GET 200 https://registry.npmjs.org/@ungap/structured-clone/-/structured-clone-1.3.1.tgz 1693ms (cache miss)
3512 http fetch GET 200 https://registry.npmjs.org/framer-motion/-/framer-motion-11.18.2.tgz 1692ms (cache miss)
3513 http fetch GET 200 https://registry.npmjs.org/glob-parent/-/glob-parent-5.1.2.tgz 1702ms (cache miss)
3514 http fetch GET 200 https://registry.npmjs.org/eslint/-/eslint-8.57.1.tgz 1704ms (cache miss)
3515 warn deprecated eslint@8.57.1: This version is no longer supported. Please see https://eslint.org/version-support for other options.
3516 http fetch GET 200 https://registry.npmjs.org/emoji-regex/-/emoji-regex-8.0.0.tgz 1707ms (cache miss)
3517 http fetch GET 200 https://registry.npmjs.org/semver/-/semver-6.3.1.tgz 1711ms (cache miss)
3518 http fetch GET 200 https://registry.npmjs.org/string-width/-/string-width-4.2.3.tgz 1716ms (cache miss)
3519 http fetch GET 200 https://registry.npmjs.org/ansi-regex/-/ansi-regex-6.2.2.tgz 1717ms (cache miss)
3520 http fetch GET 200 https://registry.npmjs.org/strip-ansi/-/strip-ansi-7.2.0.tgz 1718ms (cache miss)
3521 http fetch GET 200 https://registry.npmjs.org/resolve/-/resolve-1.22.12.tgz 1722ms (cache miss)
3522 http fetch GET 200 https://registry.npmjs.org/ansi-styles/-/ansi-styles-6.2.3.tgz 1722ms (cache miss)
3523 http fetch GET 200 https://registry.npmjs.org/emoji-regex/-/emoji-regex-8.0.0.tgz 1726ms (cache miss)
3524 http fetch GET 200 https://registry.npmjs.org/strip-ansi/-/strip-ansi-7.2.0.tgz 1730ms (cache miss)
3525 http fetch GET 200 https://registry.npmjs.org/ansi-regex/-/ansi-regex-6.2.2.tgz 1734ms (cache miss)
3526 http fetch GET 200 https://registry.npmjs.org/@types/react-dom/-/react-dom-18.3.7.tgz 1737ms (cache miss)
3527 http fetch GET 200 https://registry.npmjs.org/ansi-regex/-/ansi-regex-6.2.2.tgz 1737ms (cache miss)
3528 http fetch GET 200 https://registry.npmjs.org/browserslist/-/browserslist-4.28.2.tgz 1744ms (cache miss)
3529 http fetch GET 200 https://registry.npmjs.org/strip-ansi/-/strip-ansi-7.2.0.tgz 1745ms (cache miss)
3530 http fetch GET 200 https://registry.npmjs.org/glob/-/glob-7.2.3.tgz 1755ms (cache miss)
3531 warn deprecated glob@7.2.3: Old versions of glob are not supported, and contain widely publicized security vulnerabilities, which have been fixed in the current version. Please update. Support for old versions may be purchased (at exorbitant rates) by contacting i@izs.me
3532 http fetch GET 200 https://registry.npmjs.org/brace-expansion/-/brace-expansion-2.1.0.tgz 1760ms (cache miss)
3533 http fetch GET 200 https://registry.npmjs.org/picomatch/-/picomatch-4.0.4.tgz 1767ms (cache miss)
3534 http fetch GET 200 https://registry.npmjs.org/glob-parent/-/glob-parent-5.1.2.tgz 1770ms (cache miss)
3535 http fetch GET 200 https://registry.npmjs.org/brace-expansion/-/brace-expansion-2.1.0.tgz 1773ms (cache miss)
3536 http fetch GET 200 https://registry.npmjs.org/semver/-/semver-6.3.1.tgz 1785ms (cache miss)
3537 http fetch GET 200 https://registry.npmjs.org/fdir/-/fdir-6.5.0.tgz 1794ms (cache miss)
3538 http fetch GET 200 https://registry.npmjs.org/@eslint-community/regexpp/-/regexpp-4.12.2.tgz 1801ms (cache miss)
3539 http fetch GET 200 https://registry.npmjs.org/debug/-/debug-3.2.7.tgz 1815ms (cache miss)
3540 http fetch GET 200 https://registry.npmjs.org/minimatch/-/minimatch-9.0.3.tgz 1823ms (cache miss)
3541 http fetch GET 200 https://registry.npmjs.org/semver/-/semver-6.3.1.tgz 1826ms (cache miss)
3542 http fetch GET 200 https://registry.npmjs.org/debug/-/debug-3.2.7.tgz 1849ms (cache miss)
3543 http fetch GET 200 https://registry.npmjs.org/postcss/-/postcss-8.4.31.tgz 1871ms (cache miss)
3544 http fetch GET 200 https://registry.npmjs.org/minimatch/-/minimatch-9.0.9.tgz 1871ms (cache miss)
3545 http fetch GET 200 https://registry.npmjs.org/doctrine/-/doctrine-2.1.0.tgz 1871ms (cache miss)
3546 http fetch GET 200 https://registry.npmjs.org/resolve/-/resolve-1.22.12.tgz 1878ms (cache miss)
3547 http fetch GET 200 https://registry.npmjs.org/glob 1721ms (cache miss)
3548 silly packumentCache corgi:https://registry.npmjs.org/glob set size:undefined disposed:false
3549 http fetch GET 200 https://registry.npmjs.org/minimatch 1729ms (cache miss)
3550 silly packumentCache corgi:https://registry.npmjs.org/minimatch set size:undefined disposed:false
3551 http fetch GET 200 https://registry.npmjs.org/@types/react/-/react-18.3.28.tgz 1939ms (cache miss)
3552 http fetch GET 200 https://registry.npmjs.org/react/-/react-18.3.1.tgz 1973ms (cache miss)
3553 http fetch GET 200 https://registry.npmjs.org/doctrine/-/doctrine-2.1.0.tgz 2033ms (cache miss)
3554 http fetch GET 200 https://registry.npmjs.org/@types/node/-/node-20.19.41.tgz 2092ms (cache miss)
3555 http fetch GET 200 https://registry.npmjs.org/postcss 1996ms (cache miss)
3556 silly packumentCache corgi:https://registry.npmjs.org/postcss set size:undefined disposed:false
3557 http fetch GET 200 https://registry.npmjs.org/autoprefixer/-/autoprefixer-10.5.0.tgz 2228ms (cache miss)
3558 http fetch GET 200 https://registry.npmjs.org/debug/-/debug-3.2.7.tgz 2476ms (cache miss)
3559 http fetch GET 200 https://registry.npmjs.org/react-dom/-/react-dom-18.3.1.tgz 2596ms (cache miss)
3560 http fetch GET 200 https://registry.npmjs.org/typescript/-/typescript-5.9.3.tgz 2826ms (cache miss)
3561 http fetch GET 200 https://registry.npmjs.org/next 2618ms (cache miss)
3562 silly packumentCache corgi:https://registry.npmjs.org/next set size:undefined disposed:false
3563 silly packumentCache corgi:https://registry.npmjs.org/@typescript-eslint%2ftypescript-estree cache-miss
3564 http fetch GET 200 https://registry.npmjs.org/@typescript-eslint%2ftypescript-estree 980ms (cache miss)
3565 silly packumentCache corgi:https://registry.npmjs.org/@typescript-eslint%2ftypescript-estree set size:undefined disposed:false
3566 silly packumentCache corgi:https://registry.npmjs.org/@next%2feslint-plugin-next cache-miss
3567 http fetch GET 200 https://registry.npmjs.org/@next%2feslint-plugin-next 464ms (cache miss)
3568 silly packumentCache corgi:https://registry.npmjs.org/@next%2feslint-plugin-next set size:undefined disposed:false
3569 silly packumentCache corgi:https://registry.npmjs.org/@typescript-eslint%2fparser cache-miss
3570 http fetch GET 200 https://registry.npmjs.org/@typescript-eslint%2fparser 1083ms (cache miss)
3571 silly packumentCache corgi:https://registry.npmjs.org/@typescript-eslint%2fparser set size:undefined disposed:false
3572 silly packumentCache corgi:https://registry.npmjs.org/eslint-config-next cache-miss
3573 http fetch GET 200 https://registry.npmjs.org/eslint-config-next 166ms (cache miss)
3574 silly packumentCache corgi:https://registry.npmjs.org/eslint-config-next set size:undefined disposed:false
3575 http fetch GET 200 https://registry.npmjs.org/@next/swc-darwin-arm64/-/swc-darwin-arm64-14.2.3.tgz 24911ms (cache miss)
3576 http fetch GET 200 https://registry.npmjs.org/next/-/next-14.2.3.tgz 25604ms (cache miss)
3577 warn deprecated next@14.2.3: This version has a security vulnerability. Please upgrade to a patched version. See https://nextjs.org/blog/security-update-2025-12-11 for more details.
3578 info run fsevents@2.3.3 install node_modules/fsevents node-gyp rebuild
3579 info run fsevents@2.3.3 install { code: 1, signal: null }
3580 verbose reify failed optional dependency /Applications/Dev/srsuman/node_modules/fsevents
3581 silly reify mark deleted [ '/Applications/Dev/srsuman/node_modules/fsevents' ]
3582 info run unrs-resolver@1.11.1 postinstall node_modules/unrs-resolver napi-postinstall unrs-resolver 1.11.1 check
3583 info run unrs-resolver@1.11.1 postinstall { code: 0, signal: null }
3584 silly ADD node_modules/wrappy
3585 silly ADD node_modules/path-is-absolute
3586 silly ADD node_modules/once
3587 silly ADD node_modules/inherits
3588 silly ADD node_modules/inflight
3589 silly ADD node_modules/fs.realpath
3590 silly ADD node_modules/is-weakset
3591 silly ADD node_modules/is-weakmap
3592 silly ADD node_modules/is-map
3593 silly ADD node_modules/generator-function
3594 silly ADD node_modules/async-function
3595 silly ADD node_modules/which-collection
3596 silly ADD node_modules/is-generator-function
3597 silly ADD node_modules/is-finalizationregistry
3598 silly ADD node_modules/is-async-function
3599 silly ADD node_modules/is-number-object
3600 silly ADD node_modules/is-boolean-object
3601 silly ADD node_modules/is-bigint
3602 silly ADD node_modules/isexe
3603 silly ADD node_modules/punycode
3604 silly ADD node_modules/escalade
3605 silly ADD node_modules/napi-postinstall
3606 silly ADD node_modules/@unrs/resolver-binding-darwin-arm64
3607 silly ADD node_modules/which-boxed-primitive
3608 silly ADD node_modules/has-bigints
3609 silly ADD node_modules/which-builtin-type
3610 silly ADD node_modules/reflect.getprototypeof
3611 silly ADD node_modules/for-each
3612 silly ADD node_modules/strip-bom
3613 silly ADD node_modules/minimist
3614 silly ADD node_modules/json5
3615 silly ADD node_modules/@types/json5
3616 silly ADD node_modules/is-number
3617 silly ADD node_modules/thenify
3618 silly ADD node_modules/thenify-all
3619 silly ADD node_modules/any-promise
3620 silly ADD node_modules/@jridgewell/resolve-uri
3621 silly ADD node_modules/@jridgewell/trace-mapping
3622 silly ADD node_modules/@jridgewell/sourcemap-codec
3623 silly ADD node_modules/ts-interface-checker
3624 silly ADD node_modules/pirates
3625 silly ADD node_modules/mz
3626 silly ADD node_modules/lines-and-columns
3627 silly ADD node_modules/commander
3628 silly ADD node_modules/@jridgewell/gen-mapping
3629 silly ADD node_modules/pify
3630 silly ADD node_modules/util-deprecate
3631 silly ADD node_modules/cssesc
3632 silly ADD node_modules/camelcase-css
3633 silly ADD node_modules/read-cache
3634 silly ADD node_modules/binary-extensions
3635 silly ADD node_modules/readdirp
3636 silly ADD node_modules/is-binary-path
3637 silly ADD
3638 silly ADD node_modules/anymatch
3639 silly ADD node_modules/sucrase
3640 silly ADD node_modules/postcss-selector-parser
3641 silly ADD node_modules/postcss-nested
3642 silly ADD node_modules/postcss-load-config
3643 silly ADD node_modules/postcss-js
3644 silly ADD node_modules/postcss-import
3645 silly ADD node_modules/postcss-import/node_modules/resolve
3646 silly ADD node_modules/object-hash
3647 silly ADD node_modules/normalize-path
3648 silly ADD node_modules/lilconfig
3649 silly ADD node_modules/jiti
3650 silly ADD node_modules/dlv
3651 silly ADD node_modules/didyoumean
3652 silly ADD node_modules/chokidar
3653 silly ADD node_modules/chokidar/node_modules/glob-parent
3654 silly ADD node_modules/arg
3655 silly ADD node_modules/@alloc/quick-lru
3656 silly ADD node_modules/has-flag
3657 silly ADD node_modules/client-only
3658 silly ADD node_modules/ansi-regex
3659 silly ADD node_modules/is-fullwidth-code-point
3660 silly ADD node_modules/eastasianwidth
3661 silly ADD node_modules/side-channel-weakmap
3662 silly ADD node_modules/side-channel-map
3663 silly ADD node_modules/side-channel-list
3664 silly ADD node_modules/shebang-regex
3665 silly ADD node_modules/isarray
3666 silly ADD node_modules/queue-microtask
3667 silly ADD node_modules/supports-preserve-symlinks-flag
3668 silly ADD node_modules/path-parse
3669 silly ADD node_modules/node-exports-info
3670 silly ADD node_modules/node-exports-info/node_modules/semver
3671 silly ADD node_modules/scheduler
3672 silly ADD node_modules/js-tokens
3673 silly ADD node_modules/react-is
3674 silly ADD node_modules/object-assign
3675 silly ADD node_modules/loose-envify
3676 silly ADD node_modules/source-map-js
3677 silly ADD node_modules/nanoid
3678 silly ADD node_modules/lru-cache
3679 silly ADD node_modules/callsites
3680 silly ADD node_modules/yocto-queue
3681 silly ADD node_modules/p-limit
3682 silly ADD node_modules/word-wrap
3683 silly ADD node_modules/fast-levenshtein
3684 silly ADD node_modules/deep-is
3685 silly ADD node_modules/streamsearch
3686 silly ADD node_modules/@swc/counter
3687 silly ADD node_modules/styled-jsx
3688 silly ADD node_modules/graceful-fs
3689 silly ADD node_modules/busboy
3690 silly ADD node_modules/@swc/helpers
3691 silly ADD node_modules/@next/swc-darwin-arm64
3692 silly ADD node_modules/@next/env
3693 silly ADD node_modules/concat-map
3694 silly ADD node_modules/balanced-match
3695 silly ADD node_modules/brace-expansion
3696 silly ADD node_modules/to-regex-range
3697 silly ADD node_modules/fill-range
3698 silly ADD node_modules/picomatch
3699 silly ADD node_modules/braces
3700 silly ADD node_modules/p-locate
3701 silly ADD node_modules/type-check
3702 silly ADD node_modules/prelude-ls
3703 silly ADD node_modules/language-subtag-registry
3704 silly ADD node_modules/json-buffer
3705 silly ADD node_modules/argparse
3706 silly ADD node_modules/wrap-ansi-cjs
3707 silly ADD node_modules/wrap-ansi-cjs/node_modules/emoji-regex
3708 silly ADD node_modules/wrap-ansi-cjs/node_modules/string-width
3709 silly ADD node_modules/wrap-ansi
3710 silly ADD node_modules/wrap-ansi/node_modules/ansi-regex
3711 silly ADD node_modules/wrap-ansi/node_modules/strip-ansi
3712 silly ADD node_modules/wrap-ansi/node_modules/ansi-styles
3713 silly ADD node_modules/strip-ansi-cjs
3714 silly ADD node_modules/string-width-cjs
3715 silly ADD node_modules/string-width-cjs/node_modules/emoji-regex
3716 silly ADD node_modules/string-width
3717 silly ADD node_modules/string-width/node_modules/ansi-regex
3718 silly ADD node_modules/string-width/node_modules/strip-ansi
3719 silly ADD node_modules/@pkgjs/parseargs
3720 silly ADD node_modules/@isaacs/cliui
3721 silly ADD node_modules/@isaacs/cliui/node_modules/ansi-regex
3722 silly ADD node_modules/@isaacs/cliui/node_modules/strip-ansi
3723 silly ADD node_modules/set-function-name
3724 silly ADD node_modules/is-extglob
3725 silly ADD node_modules/side-channel
3726 silly ADD node_modules/resolve-from
3727 silly ADD node_modules/parent-module
3728 silly ADD node_modules/micromatch
3729 silly ADD node_modules/path-type
3730 silly ADD node_modules/slash
3731 silly ADD node_modules/merge2
3732 silly ADD node_modules/fast-glob
3733 silly ADD node_modules/fast-glob/node_modules/glob-parent
3734 silly ADD node_modules/dir-glob
3735 silly ADD node_modules/array-union
3736 silly ADD node_modules/type-fest
3737 silly ADD node_modules/signal-exit
3738 silly ADD node_modules/path-scurry
3739 silly ADD node_modules/minipass
3740 silly ADD node_modules/jackspeak
3741 silly ADD node_modules/foreground-child
3742 silly ADD node_modules/resolve-pkg-maps
3743 silly ADD node_modules/dunder-proto
3744 silly ADD node_modules/functions-have-names
3745 silly ADD node_modules/tslib
3746 silly ADD node_modules/motion-utils
3747 silly ADD node_modules/motion-dom
3748 silly ADD node_modules/rimraf
3749 silly ADD node_modules/rimraf/node_modules/glob
3750 silly ADD node_modules/keyv
3751 silly ADD node_modules/flatted
3752 silly ADD node_modules/path-exists
3753 silly ADD node_modules/locate-path
3754 silly ADD node_modules/flat-cache
3755 silly ADD node_modules/reusify
3756 silly ADD node_modules/acorn-jsx
3757 silly ADD node_modules/acorn
3758 silly ADD node_modules/esrecurse
3759 silly ADD node_modules/iterator.prototype
3760 silly ADD node_modules/string.prototype.repeat
3761 silly ADD node_modules/string.prototype.matchall
3762 silly ADD node_modules/prop-types
3763 silly ADD node_modules/object.entries
3764 silly ADD node_modules/estraverse
3765 silly ADD node_modules/es-iterator-helpers
3766 silly ADD node_modules/array.prototype.tosorted
3767 silly ADD node_modules/array.prototype.findlast
3768 silly ADD node_modules/string.prototype.includes
3769 silly ADD node_modules/language-tags
3770 silly ADD node_modules/jsx-ast-utils
3771 silly ADD node_modules/emoji-regex
3772 silly ADD node_modules/damerau-levenshtein
3773 silly ADD node_modules/axobject-query
3774 silly ADD node_modules/axe-core
3775 silly ADD node_modules/ast-types-flow
3776 silly ADD node_modules/aria-query
3777 silly ADD node_modules/is-symbol
3778 silly ADD node_modules/is-date-object
3779 silly ADD node_modules/has-tostringtag
3780 silly ADD node_modules/possible-typed-array-names
3781 silly ADD node_modules/which-typed-array
3782 silly ADD node_modules/unbox-primitive
3783 silly ADD node_modules/typed-array-length
3784 silly ADD node_modules/typed-array-byte-offset
3785 silly ADD node_modules/typed-array-byte-length
3786 silly ADD node_modules/typed-array-buffer
3787 silly ADD node_modules/string.prototype.trimstart
3788 silly ADD node_modules/string.prototype.trim
3789 silly ADD node_modules/stop-iteration-iterator
3790 silly ADD node_modules/set-proto
3791 silly ADD node_modules/safe-regex-test
3792 silly ADD node_modules/safe-push-apply
3793 silly ADD node_modules/safe-array-concat
3794 silly ADD node_modules/regexp.prototype.flags
3795 silly ADD node_modules/own-keys
3796 silly ADD node_modules/object.assign
3797 silly ADD node_modules/object-inspect
3798 silly ADD node_modules/is-weakref
3799 silly ADD node_modules/is-typed-array
3800 silly ADD node_modules/is-shared-array-buffer
3801 silly ADD node_modules/is-set
3802 silly ADD node_modules/is-regex
3803 silly ADD node_modules/is-negative-zero
3804 silly ADD node_modules/is-data-view
3805 silly ADD node_modules/is-callable
3806 silly ADD node_modules/is-array-buffer
3807 silly ADD node_modules/internal-slot
3808 silly ADD node_modules/has-symbols
3809 silly ADD node_modules/has-proto
3810 silly ADD node_modules/globalthis
3811 silly ADD node_modules/get-symbol-description
3812 silly ADD node_modules/get-proto
3813 silly ADD node_modules/function.prototype.name
3814 silly ADD node_modules/es-to-primitive
3815 silly ADD node_modules/es-set-tostringtag
3816 silly ADD node_modules/data-view-byte-offset
3817 silly ADD node_modules/data-view-byte-length
3818 silly ADD node_modules/data-view-buffer
3819 silly ADD node_modules/available-typed-arrays
3820 silly ADD node_modules/arraybuffer.prototype.slice
3821 silly ADD node_modules/array-buffer-byte-length
3822 silly ADD node_modules/gopd
3823 silly ADD node_modules/object-keys
3824 silly ADD node_modules/has-property-descriptors
3825 silly ADD node_modules/define-data-property
3826 silly ADD node_modules/function-bind
3827 silly ADD node_modules/set-function-length
3828 silly ADD node_modules/es-define-property
3829 silly ADD node_modules/call-bind-apply-helpers
3830 silly ADD node_modules/es-shim-unscopables
3831 silly ADD node_modules/es-errors
3832 silly ADD node_modules/math-intrinsics
3833 silly ADD node_modules/is-string
3834 silly ADD node_modules/get-intrinsic
3835 silly ADD node_modules/es-object-atoms
3836 silly ADD node_modules/es-abstract
3837 silly ADD node_modules/define-properties
3838 silly ADD node_modules/call-bound
3839 silly ADD node_modules/call-bind
3840 silly ADD node_modules/tsconfig-paths
3841 silly ADD node_modules/string.prototype.trimend
3842 silly ADD node_modules/object.values
3843 silly ADD node_modules/object.groupby
3844 silly ADD node_modules/object.fromentries
3845 silly ADD node_modules/hasown
3846 silly ADD node_modules/eslint-module-utils
3847 silly ADD node_modules/eslint-module-utils/node_modules/debug
3848 silly ADD node_modules/array.prototype.flatmap
3849 silly ADD node_modules/array.prototype.flat
3850 silly ADD node_modules/array.prototype.findlastindex
3851 silly ADD node_modules/array-includes
3852 silly ADD node_modules/@rtsao/scc
3853 silly ADD node_modules/unrs-resolver
3854 silly ADD node_modules/tinyglobby
3855 silly ADD node_modules/tinyglobby/node_modules/picomatch
3856 silly ADD node_modules/tinyglobby/node_modules/fdir
3857 silly ADD node_modules/stable-hash
3858 silly ADD node_modules/is-bun-module
3859 silly ADD node_modules/get-tsconfig
3860 silly ADD node_modules/@nolyfill/is-core-module
3861 silly ADD node_modules/resolve
3862 silly ADD node_modules/is-core-module
3863 silly ADD node_modules/ts-api-utils
3864 silly ADD node_modules/semver
3865 silly ADD node_modules/globby
3866 silly ADD node_modules/@typescript-eslint/visitor-keys
3867 silly ADD node_modules/@typescript-eslint/typescript-estree
3868 silly ADD node_modules/@typescript-eslint/typescript-estree/node_modules/brace-expansion
3869 silly ADD node_modules/@typescript-eslint/typescript-estree/node_modules/minimatch
3870 silly ADD node_modules/@typescript-eslint/types
3871 silly ADD node_modules/@typescript-eslint/scope-manager
3872 silly ADD node_modules/glob
3873 silly ADD node_modules/glob/node_modules/brace-expansion
3874 silly ADD node_modules/glob/node_modules/minimatch
3875 silly ADD node_modules/eslint-plugin-react-hooks
3876 silly ADD node_modules/eslint-plugin-react
3877 silly ADD node_modules/eslint-plugin-react/node_modules/semver
3878 silly ADD node_modules/eslint-plugin-react/node_modules/doctrine
3879 silly ADD node_modules/eslint-plugin-jsx-a11y
3880 silly ADD node_modules/eslint-plugin-import
3881 silly ADD node_modules/eslint-plugin-import/node_modules/semver
3882 silly ADD node_modules/eslint-plugin-import/node_modules/doctrine
3883 silly ADD node_modules/eslint-plugin-import/node_modules/debug
3884 silly ADD node_modules/eslint-import-resolver-typescript
3885 silly ADD node_modules/eslint-import-resolver-node
3886 silly ADD node_modules/eslint-import-resolver-node/node_modules/debug
3887 silly ADD node_modules/@typescript-eslint/parser
3888 silly ADD node_modules/@rushstack/eslint-patch
3889 silly ADD node_modules/@next/eslint-plugin-next
3890 silly ADD node_modules/ms
3891 silly ADD node_modules/which
3892 silly ADD node_modules/shebang-command
3893 silly ADD node_modules/path-key
3894 silly ADD node_modules/color-name
3895 silly ADD node_modules/color-convert
3896 silly ADD node_modules/supports-color
3897 silly ADD node_modules/ansi-styles
3898 silly ADD node_modules/uri-js
3899 silly ADD node_modules/json-schema-traverse
3900 silly ADD node_modules/fast-json-stable-stringify
3901 silly ADD node_modules/run-parallel
3902 silly ADD node_modules/@nodelib/fs.stat
3903 silly ADD node_modules/fastq
3904 silly ADD node_modules/@nodelib/fs.scandir
3905 silly ADD node_modules/@humanwhocodes/object-schema
3906 silly ADD node_modules/strip-json-comments
3907 silly ADD node_modules/import-fresh
3908 silly ADD node_modules/text-table
3909 silly ADD node_modules/strip-ansi
3910 silly ADD node_modules/optionator
3911 silly ADD node_modules/natural-compare
3912 silly ADD node_modules/minimatch
3913 silly ADD node_modules/lodash.merge
3914 silly ADD node_modules/levn
3915 silly ADD node_modules/json-stable-stringify-without-jsonify
3916 silly ADD node_modules/js-yaml
3917 silly ADD node_modules/is-path-inside
3918 silly ADD node_modules/is-glob
3919 silly ADD node_modules/imurmurhash
3920 silly ADD node_modules/ignore
3921 silly ADD node_modules/graphemer
3922 silly ADD node_modules/globals
3923 silly ADD node_modules/glob-parent
3924 silly ADD node_modules/find-up
3925 silly ADD node_modules/file-entry-cache
3926 silly ADD node_modules/fast-deep-equal
3927 silly ADD node_modules/esutils
3928 silly ADD node_modules/esquery
3929 silly ADD node_modules/espree
3930 silly ADD node_modules/eslint-visitor-keys
3931 silly ADD node_modules/eslint-scope
3932 silly ADD node_modules/escape-string-regexp
3933 silly ADD node_modules/doctrine
3934 silly ADD node_modules/debug
3935 silly ADD node_modules/cross-spawn
3936 silly ADD node_modules/chalk
3937 silly ADD node_modules/ajv
3938 silly ADD node_modules/@ungap/structured-clone
3939 silly ADD node_modules/@nodelib/fs.walk
3940 silly ADD node_modules/@humanwhocodes/module-importer
3941 silly ADD node_modules/@humanwhocodes/config-array
3942 silly ADD node_modules/@eslint/js
3943 silly ADD node_modules/@eslint/eslintrc
3944 silly ADD node_modules/@eslint-community/regexpp
3945 silly ADD node_modules/@eslint-community/eslint-utils
3946 silly ADD node_modules/update-browserslist-db
3947 silly ADD node_modules/node-releases
3948 silly ADD node_modules/electron-to-chromium
3949 silly ADD node_modules/baseline-browser-mapping
3950 silly ADD node_modules/postcss-value-parser
3951 silly ADD node_modules/picocolors
3952 silly ADD node_modules/fraction.js
3953 silly ADD node_modules/caniuse-lite
3954 silly ADD node_modules/browserslist
3955 silly ADD node_modules/csstype
3956 silly ADD node_modules/@types/prop-types
3957 silly ADD node_modules/undici-types
3958 silly ADD node_modules/typescript
3959 silly ADD node_modules/tailwindcss
3960 silly ADD node_modules/tailwindcss/node_modules/resolve
3961 silly ADD node_modules/react-dom
3962 silly ADD node_modules/react
3963 silly ADD node_modules/next
3964 silly ADD node_modules/next/node_modules/postcss
3965 silly ADD node_modules/framer-motion
3966 silly ADD node_modules/eslint-config-next
3967 silly ADD node_modules/eslint
3968 silly ADD node_modules/postcss
3969 silly ADD node_modules/autoprefixer
3970 silly ADD node_modules/@types/react-dom
3971 silly ADD node_modules/@types/react
3972 silly ADD node_modules/@types/node
3973 verbose cwd /Applications/Dev/srsuman
3974 verbose os Darwin 25.2.0
3975 verbose node v24.13.0
3976 verbose npm  v11.6.2
3977 verbose exit 0
3978 info ok
